{"type":"FeatureCollection","features":[{"type":"Feature","properties":{"SIGLA_UF":"RS","NM_UF":"Rio Grande do Sul","NM_REGIAO":"Sul"},"geometry":{"type":"MultiPolygon","coordinates":[[[[-53.50791739999989,-33.353135699999896],[-53.518252600000004,-33.1533522999999],[-53.4444093,-33.05294809999999],[-53.24470519999989,-32.934882199999905],[-53.3101594,-32.918760500000005],[-53.29457549999999,-32.8992972999999],[-53.18495899999991,-32.850433],[-53.1456889999999,-32.792022599999896],[-53.08580179999999,-32.7883495999999],[-53.075576500000004,-32.74088019999991],[-53.1864950999999,-32.644876],[-53.240505199999994,-32.627136099999994],[-53.249489700000005,-32.6032087999999],[-53.2888050999999,-32.6210965999999],[-53.3331560999999,-32.5850366],[-53.3555380999999,-32.5905746],[-53.369697,-32.56986599999989],[-53.3899893,-32.5865092999999],[-53.4217977,-32.558259099999894],[-53.4324326,-32.56493110000001],[-53.464354899999904,-32.4847298999999],[-53.5264230999999,-32.4890229],[-53.58403979999999,-32.451305399999995],[-53.61437519999999,-32.39840399999999],[-53.6452054,-32.383854199999995],[-53.63333990000001,-32.3502761999999],[-53.6571701999999,-32.31681859999999],[-53.6428639,-32.296299499999996],[-53.677793999999906,-32.25859789999999],[-53.69353840000001,-32.204847],[-53.711327700000005,-32.1990056999999],[-53.717611700000006,-32.1530026],[-53.73517280000001,-32.151607600000006],[-53.7257283,-32.14005529999999],[-53.744228299999996,-32.115262499999986],[-53.72527419999991,-32.095846900000005],[-53.7453664,-32.09143989999998],[-53.7458263999999,-32.0780937],[-53.8275899,-32.05940969999989],[-53.852617499999994,-32.0296764],[-53.84975790000001,-32.00058779999989],[-53.8913995,-31.995690599999893],[-53.91324350000001,-31.96567620000001],[-53.96058049999991,-31.95528],[-53.96979019999999,-31.917701599999905],[-54.0327336999999,-31.89547490000001],[-54.0867388999999,-31.935145299999903],[-54.10055090000001,-31.9280785999999],[-54.1102918,-31.908032499999898],[-54.4562268,-31.6517004999999],[-54.4666227,-31.61304209999999],[-54.452386299999894,-31.5993366],[-54.51564419999989,-31.510177400000003],[-54.57707310000001,-31.481336999999893],[-54.5864586,-31.456552999999897],[-54.6703378999999,-31.4540782999999],[-54.7520226999999,-31.4244629],[-54.836455300000004,-31.4419382999999],[-54.88597889999989,-31.3772777999999],[-54.9406466999999,-31.380645799999996],[-54.935053,-31.356476299999898],[-54.95920890000001,-31.352454099999896],[-54.9530712,-31.331971299999992],[-54.9787800999999,-31.316999999999986],[-55.0071708999999,-31.266873999999994],[-55.0318935,-31.26974139999989],[-55.057356,-31.33174629999999],[-55.0744642999999,-31.332089699999997],[-55.1523385,-31.293227299999998],[-55.16941949999989,-31.2694054],[-55.2401187999999,-31.260573000000015],[-55.250105,-31.206008499999903],[-55.2827172999999,-31.193907399999894],[-55.2709589,-31.176963199999907],[-55.29061870000001,-31.1636708999999],[-55.2909294999999,-31.142260599999894],[-55.3129742,-31.147049999999997],[-55.340103799999994,-31.1314189],[-55.32747429999989,-31.08818009999989],[-55.36010319999999,-31.067434299999885],[-55.3494459999999,-31.039195199999902],[-55.3738923999999,-31.019087300000002],[-55.399930399999995,-31.028563399999904],[-55.4237089,-31.017753099999897],[-55.4412905,-30.959731499999997],[-55.48668989999991,-30.9476627],[-55.488595000000004,-30.9253618],[-55.5459084999999,-30.89054409999991],[-55.5786148,-30.832902199999985],[-55.657823400000005,-30.863823500000006],[-55.6421179,-30.911600899999893],[-55.6661864,-30.953978499999902],[-55.7239051999999,-30.942754499999992],[-55.728291299999995,-30.979452499999997],[-55.773199000000005,-30.997053899999994],[-55.77671789999991,-31.015600899999992],[-55.8121834,-31.0146943999999],[-55.8297785999999,-31.0436981],[-55.8552817,-31.045115699999908],[-55.88244550000001,-31.0772731],[-55.8986953,-31.06670889999999],[-55.9335973999999,-31.087053399999903],[-55.9792988,-31.07319959999999],[-56.0111234,-31.08157779999991],[-56.01529260000001,-30.944510399999984],[-55.989644999999896,-30.858991600000007],[-56.02298050000001,-30.786143299999907],[-56.0621348999999,-30.775021399999993],[-56.0727323999999,-30.745383199999896],[-56.0883899999999,-30.757524699999998],[-56.107330100000006,-30.7320018999999],[-56.12816,-30.7396251],[-56.13030700000001,-30.7165151],[-56.1507922,-30.704700999999897],[-56.13740749999991,-30.683628699999904],[-56.1607576,-30.67121579999999],[-56.1813448999999,-30.631309600000012],[-56.17094439999989,-30.614523899999906],[-56.2198801,-30.60707830000001],[-56.233115600000005,-30.57485450000001],[-56.2618388,-30.584646599999893],[-56.2583375999999,-30.562013000000004],[-56.2821529,-30.55985],[-56.2922076999999,-30.520504],[-56.32291509999991,-30.5318182],[-56.3571547,-30.491680299999892],[-56.3834950999999,-30.49882239999989],[-56.4062362999999,-30.468610500000008],[-56.39818769999991,-30.448439299999993],[-56.4539182,-30.4225422],[-56.4445370999999,-30.411607600000004],[-56.46078309999999,-30.385639499999996],[-56.4913648,-30.398109400000013],[-56.51943190000001,-30.3598039],[-56.546144,-30.360649399999907],[-56.542821100000005,-30.3122547999999],[-56.5578431,-30.319175300000012],[-56.5773915,-30.2889249],[-56.6187434999999,-30.301229],[-56.609498,-30.269437299999897],[-56.63917250000001,-30.259127599999907],[-56.6241254999999,-30.24658429999991],[-56.6687425,-30.2181016],[-56.650274200000005,-30.212157799999908],[-56.64653270000001,-30.203847700000004],[-56.6819477,-30.194497100000003],[-56.697190799999994,-30.20503589999989],[-56.70564840000001,-30.1760638],[-56.776536099999994,-30.163374],[-56.780271,-30.126630400000007],[-56.82416690000001,-30.0956444999999],[-56.884823700000005,-30.08712329999999],[-56.9053822,-30.113469999999896],[-56.91777369999989,-30.096201699999902],[-56.955580899999994,-30.101144899999998],[-56.9934426,-30.085711799999995],[-57.0238980999999,-30.0875422],[-57.04480499999989,-30.1057388999999],[-57.067840499999896,-30.101209299999898],[-57.069080799999895,-30.085574999999913],[-57.0911862,-30.121515799999894],[-57.1159875,-30.113843299999893],[-57.1057001999999,-30.135128899999987],[-57.1291649999999,-30.140838099999904],[-57.1682193999999,-30.1976361],[-57.15516209999999,-30.23413619999999],[-57.220261400000005,-30.28928540000001],[-57.25007719999999,-30.289156899999995],[-57.2617691,-30.267223299999994],[-57.2845644999999,-30.293722099999993],[-57.31432939999999,-30.2577479999999],[-57.352035999999906,-30.284485],[-57.3698345,-30.273011499999903],[-57.3923521999999,-30.30467329999991],[-57.42138090000001,-30.300875699999906],[-57.41640449999989,-30.2779778999999],[-57.46352340000001,-30.2653999],[-57.4867596999999,-30.266829199999997],[-57.50027310000001,-30.288853100000004],[-57.5254088,-30.285472200000005],[-57.5663398,-30.259111199999897],[-57.563072899999995,-30.2091095],[-57.6033674,-30.18967109999989],[-57.64974279999999,-30.189320900000006],[-57.525614699999906,-30.151385499999908],[-57.46460429999999,-30.110342999999897],[-57.4175216,-30.038372599999906],[-57.3519807,-30.00805859999999],[-57.328140699999906,-29.972036800000012],[-57.3245788999999,-29.872817800000014],[-57.28217849999999,-29.817288299999998],[-57.2354002,-29.7807883999999],[-57.13190539999991,-29.770160099999906],[-57.0334349,-29.695707799999997],[-57.00092370000001,-29.6519145999999],[-56.97114839999989,-29.643406399999897],[-56.971398,-29.610284199999988],[-56.9509178,-29.580687299999994],[-56.9019617,-29.533816699999893],[-56.8220924,-29.4900248],[-56.7795004,-29.4373725999999],[-56.7684015999999,-29.377998899999987],[-56.6999653,-29.356440899999903],[-56.6507141,-29.26434829999991],[-56.64584299999999,-29.20029399999991],[-56.5887534,-29.11981279999999],[-56.415997499999904,-29.068960199999903],[-56.3991172999999,-29.017351599999998],[-56.4161741999999,-29.00073639999991],[-56.406335999999996,-28.972595600000005],[-56.327281,-28.928223299999996],[-56.3000541,-28.895560799999902],[-56.2891127,-28.7937219999999],[-56.1881238999999,-28.7722808999999],[-56.1191509,-28.6812475],[-56.00979259999999,-28.6058264],[-56.0023709,-28.578298699999895],[-56.025689999999905,-28.534793599999894],[-56.0112240999999,-28.5068934],[-55.88400599999989,-28.47916309999991],[-55.903049499999995,-28.407644299999998],[-55.8787392999999,-28.361847299999994],[-55.7565667,-28.3694313999999],[-55.7343524999999,-28.381209500000008],[-55.71346139999999,-28.425755299999896],[-55.6952474999999,-28.422966299999896],[-55.6704213,-28.334391699999994],[-55.73290980000001,-28.285975300000008],[-55.7731785999999,-28.2742400999999],[-55.7784531,-28.247665599999902],[-55.69258,-28.218790300000002],[-55.6342309,-28.1778381999999],[-55.61073029999991,-28.11745540000001],[-55.5869446,-28.11953999999999],[-55.58534,-28.1479515],[-55.5575461999999,-28.164563799999893],[-55.4955186,-28.076862099999996],[-55.442556999999994,-28.094311099999977],[-55.4221747999999,-28.062161100000004],[-55.369394999999905,-28.027260499999997],[-55.38227560000001,-27.97910379999999],[-55.33998940000001,-27.9665261],[-55.3192582,-27.921947899999996],[-55.2664617,-27.929789499999995],[-55.2026827,-27.857859200000004],[-55.1715604,-27.861276000000004],[-55.133124699999904,-27.896108800000004],[-55.113832499999894,-27.8489913],[-55.02983280000001,-27.854619699999894],[-55.02762749999991,-27.830245799999897],[-55.082710600000006,-27.79685829999989],[-55.0802244,-27.7782769],[-55.0509132,-27.768755100000003],[-55.0142049,-27.79702779999999],[-54.9887662,-27.7722436999999],[-54.9374074,-27.7704522],[-54.9024866999999,-27.715568600000005],[-54.9065955999999,-27.641876399999905],[-54.8477222,-27.621313099999984],[-54.8097870999999,-27.530047399999898],[-54.7951866,-27.53498289999989],[-54.778127399999995,-27.583716599999896],[-54.7385262,-27.560938999999998],[-54.6808563,-27.5745014],[-54.6754756999999,-27.505781300000006],[-54.6600788,-27.50859819999989],[-54.64240190000001,-27.544802900000004],[-54.626897500000005,-27.544022199999986],[-54.580971,-27.4532573999999],[-54.5249236,-27.5061716],[-54.50619779999991,-27.48234910000001],[-54.4457955999999,-27.4721372999999],[-54.4699251,-27.425836800000006],[-54.43911990000001,-27.424748599999894],[-54.4114043,-27.405285999999904],[-54.3515505999999,-27.467048400000003],[-54.33506609999989,-27.451294600000004],[-54.33890489999991,-27.4032207999999],[-54.2829593,-27.44777819999999],[-54.26397380000001,-27.3993333],[-54.2144362,-27.3815781],[-54.17418860000001,-27.254911099999998],[-54.1573283,-27.2632057],[-54.1548951,-27.296858499999903],[-54.0823599,-27.298943999999892],[-54.0564012999999,-27.265076599999905],[-54.0243897,-27.251654299999895],[-54.00801729999989,-27.198394599999997],[-53.9632872,-27.197740500000002],[-53.94658449999999,-27.15125929999991],[-53.9017039,-27.17386309999989],[-53.8751521,-27.125878399999998],[-53.8196548999999,-27.17565359999999],[-53.7703263999999,-27.14866759999999],[-53.745145,-27.192502900000008],[-53.6677923,-27.162019499999893],[-53.6421149,-27.21980509999999],[-53.6182319,-27.187336399999896],[-53.5617311999999,-27.1724148],[-53.493080600000006,-27.203478500000003],[-53.5043641999999,-27.13564149999999],[-53.45255550000001,-27.156135100000004],[-53.4116984999999,-27.141384199999905],[-53.370639399999995,-27.091103099999895],[-53.3481408,-27.1200224999999],[-53.312240800000005,-27.119687999999897],[-53.29425220000001,-27.135553],[-53.320727,-27.198238300000007],[-53.31320099999991,-27.21908970000001],[-53.2416592,-27.171635700000003],[-53.1846735999999,-27.190909500000004],[-53.1623989,-27.140697599999992],[-53.13218309999999,-27.1802286999999],[-53.0774787999999,-27.163115799999996],[-53.0767,-27.107844600000004],[-53.0320950999999,-27.082302],[-53.017549200000005,-27.0990073999999],[-53.0413938999999,-27.124905500000008],[-53.0426060999999,-27.14985139999991],[-53.0299074,-27.1595057],[-53.0030057,-27.1356145999999],[-52.9916636,-27.1409667],[-52.98285329999991,-27.164994799999903],[-53.0025644,-27.19762270000001],[-52.984366300000005,-27.22147229999999],[-52.96982469999989,-27.216218899999912],[-52.9566923,-27.163257799999883],[-52.9383215,-27.17080509999989],[-52.929311399999996,-27.204076399999998],[-52.8525048,-27.169927099999907],[-52.84258160000001,-27.210215800000004],[-52.763559699999995,-27.211233299999883],[-52.757561300000006,-27.257491799999997],[-52.716235985,-27.236045595],[-52.6919561,-27.284548009999998],[-52.6675756,-27.237849499999996],[-52.63321979999991,-27.26548050000001],[-52.54981309999991,-27.23833759999999],[-52.5346443,-27.2610354999999],[-52.4832076,-27.2672052999999],[-52.4798149,-27.235542799999997],[-52.4376283,-27.21623229999989],[-52.4390852999999,-27.2644048999999],[-52.39806050000001,-27.29257599999989],[-52.399690399999905,-27.2565696],[-52.3857718,-27.253515499999907],[-52.37496289999999,-27.305089599999995],[-52.345259399999996,-27.288277699999995],[-52.29649269999991,-27.3180909],[-52.30192709999991,-27.259800400000003],[-52.2385315,-27.2620836999999],[-52.2777192999999,-27.300224299999996],[-52.241137299999906,-27.304270899999892],[-52.2158841999999,-27.332528599999897],[-52.1683343999999,-27.270915099999996],[-52.16800520000001,-27.312270799999993],[-52.1143311,-27.305019199999894],[-52.103287,-27.346695599999997],[-52.044751600000005,-27.34655339999989],[-52.0150047,-27.330895599999998],[-52.017134199999994,-27.3678389],[-51.95208669999991,-27.3802471],[-51.952099,-27.395173599999996],[-51.990942699999906,-27.389092499999897],[-52.0077967999999,-27.4038972],[-51.9357769,-27.428749099999905],[-51.9637941999999,-27.463135999999995],[-51.958281499999906,-27.474362900000003],[-51.902496500000005,-27.461102999999994],[-51.8922707999999,-27.519706699999997],[-51.8753543,-27.51795249999999],[-51.8797137,-27.487408399999904],[-51.8630692999999,-27.475240399999993],[-51.843627,-27.483135899999986],[-51.85148830000001,-27.524612999999892],[-51.8217858,-27.512789199999897],[-51.7930329,-27.5312044],[-51.7994892,-27.490875399999904],[-51.7535278,-27.487197399999996],[-51.7203603999999,-27.513506399999994],[-51.6921679,-27.478216899999904],[-51.6596633999999,-27.5193009],[-51.64257550000001,-27.49149040000001],[-51.62161559999999,-27.494644999999906],[-51.62573299999999,-27.545478999999908],[-51.579971199999896,-27.523617600000005],[-51.5873827999999,-27.565626800000004],[-51.57033749999991,-27.583400799999897],[-51.5477384,-27.559078699999898],[-51.48701290000001,-27.560815299999895],[-51.4767643,-27.59877459999999],[-51.43660619999999,-27.629849700000005],[-51.43520430000001,-27.654398699999895],[-51.3827588999999,-27.6245716],[-51.3734664,-27.668986899999894],[-51.3547907999999,-27.680015099999903],[-51.315106,-27.675070099999992],[-51.3100358999999,-27.718089399999894],[-51.27612800000001,-27.72402419999999],[-51.2740997999999,-27.7499132],[-51.2468626,-27.759633799999992],[-51.2411983,-27.778312899999907],[-51.1912823,-27.776150699999995],[-51.1577918,-27.8028892],[-51.134606500000004,-27.803657100000002],[-51.1289232,-27.83204759999999],[-51.0822299,-27.833926399999893],[-51.07859379999999,-27.861597699999894],[-51.0529908,-27.869787999999996],[-51.0559661999999,-27.903670400000006],[-51.0164579999999,-27.9255084],[-51.009189600000006,-27.96444209999989],[-50.9842542,-27.94030430000001],[-50.9256814,-27.969388799999894],[-50.92323839999991,-28.011987799999893],[-50.87539960000001,-28.040199899999894],[-50.9039362999999,-28.085844399999907],[-50.8759188,-28.0950753999999],[-50.8719685,-28.137420000000002],[-50.8324004,-28.117508200000003],[-50.8198356,-28.140448499999902],[-50.78765500000001,-28.140344700000004],[-50.7894100999999,-28.197218299999996],[-50.7621415,-28.191425299999896],[-50.753345200000005,-28.2456844],[-50.69659729999999,-28.267841200000007],[-50.695223999999904,-28.288519499999907],[-50.658802200000004,-28.323495399999988],[-50.6652306,-28.337924600000008],[-50.628450299999905,-28.364596100000007],[-50.6256835999999,-28.39205749999999],[-50.5911601,-28.382417699999994],[-50.5432049,-28.4280277999999],[-50.52920279999999,-28.427282499999908],[-50.5265539,-28.403680999999896],[-50.4568573,-28.410651399999903],[-50.4359095,-28.43099579999989],[-50.3951709999999,-28.433157400000002],[-50.381154099999904,-28.447027900000005],[-50.3599940999999,-28.4198395],[-50.3458464999999,-28.463554499999898],[-50.32961829999991,-28.43423049999999],[-50.272913300000006,-28.457071900000003],[-50.2511134,-28.44917849999999],[-50.264451599999994,-28.443528800000006],[-50.24680019999991,-28.428270499999908],[-50.22264870000001,-28.463272099999994],[-50.2032373,-28.443588299999895],[-50.1780074,-28.452253400000004],[-50.1563447999999,-28.49791379999989],[-50.139256799999906,-28.493953399999995],[-50.160526699999906,-28.459519199999907],[-50.1283113,-28.428908099999898],[-50.1113576,-28.444470499999994],[-50.1261868,-28.47452809999991],[-50.1069153999999,-28.473351299999905],[-50.1009955,-28.486332100000002],[-50.086337899999904,-28.472685199999898],[-50.0385967,-28.4797129999999],[-50.0190042,-28.451419699999995],[-49.9893931,-28.4571546999999],[-49.975354799999906,-28.439047],[-49.9672259,-28.455912699999892],[-49.95250539999991,-28.450336799999903],[-49.9443927999999,-28.482741200000003],[-49.9285138,-28.4512235],[-49.9016491,-28.464842200000007],[-49.8888456999999,-28.459420300000005],[-49.8929095,-28.4403],[-49.85498960000001,-28.4440129],[-49.8777499999999,-28.4551564999999],[-49.8635729,-28.462846000000003],[-49.866649799999905,-28.488632299999907],[-49.8410112999999,-28.485598099999912],[-49.840789399999906,-28.496438399999896],[-49.8260423,-28.4784481999999],[-49.8109802,-28.484313600000007],[-49.8126111,-28.4678913],[-49.78225139999999,-28.496656399999893],[-49.7652795,-28.4594923],[-49.77083170000001,-28.4943292999999],[-49.7429845,-28.49524860000001],[-49.726566499999905,-28.518301000000005],[-49.7491805999999,-28.546469999999903],[-49.712307900000006,-28.5722537],[-49.710194699999896,-28.604344599999894],[-49.6918239999999,-28.62269749999999],[-49.750095400000006,-28.628909700000005],[-49.757363600000005,-28.615413900000007],[-49.778903899999904,-28.629480199999904],[-49.78382799999999,-28.609907599999897],[-49.8166165,-28.638144299999997],[-49.8155053999999,-28.65799369999999],[-49.8391766999999,-28.66654179999991],[-49.838010600000004,-28.690026200000005],[-49.8134985999999,-28.687045499999993],[-49.8348665,-28.69392649999999],[-49.842036099999994,-28.714168599999898],[-49.8718059,-28.702986899999896],[-49.874793100000005,-28.744632000000006],[-49.8957308999999,-28.73927140000001],[-49.88255409999989,-28.7173875],[-49.913657300000004,-28.724477199999995],[-49.904945700000006,-28.707613399999996],[-49.93467780000001,-28.7256765],[-49.92174370000001,-28.745542599999993],[-49.9495428,-28.7524167],[-49.9613328999999,-28.772180400000003],[-49.9505584,-28.802116499999993],[-49.9627024,-28.799110399999993],[-49.9560061,-28.858834799999997],[-49.9698703999999,-28.876492799999887],[-49.9321080999999,-28.872202899999902],[-49.96872519999991,-28.922052099999995],[-49.9504256,-28.928527500000005],[-49.9580268,-28.9625515],[-49.9319040999999,-28.963157500000005],[-49.9202415999999,-28.9787671],[-49.94168,-28.9814337],[-49.9659910999999,-29.021746300000004],[-49.9407022999999,-29.022325299999995],[-49.960998699999905,-29.050807599999906],[-50.0044129999999,-29.072381600000003],[-49.942132599999994,-29.05821789999989],[-49.9682594999999,-29.084220500000008],[-49.9626024999999,-29.117481199999897],[-49.99260459999991,-29.117664899999994],[-49.981741299999996,-29.139078000000005],[-50.00461630000001,-29.120087800000004],[-50.0134184999999,-29.126819600000005],[-50.00587720000001,-29.1504138999999],[-50.02106189999991,-29.15100349999989],[-50.0287506999999,-29.171871800000005],[-50.0129317999999,-29.1803859],[-50.0151585,-29.1867397],[-50.0333936,-29.175282399999997],[-50.06787349999999,-29.195492999999892],[-50.059726699999906,-29.175245699999884],[-50.0753225,-29.188356199999916],[-50.0934227,-29.1679101999999],[-50.0783216,-29.157646399999994],[-50.060932699999995,-29.161365499999903],[-50.0571550999999,-29.157949000000006],[-50.0798217,-29.155364799999997],[-50.09966500000001,-29.159809699999993],[-50.0913462,-29.219795500000007],[-50.08397999999989,-29.213836399999895],[-50.052716999999994,-29.213090200000003],[-50.046997899999994,-29.21718420000001],[-50.0837665,-29.215381799999896],[-50.1126912,-29.240006799999893],[-50.09327530000001,-29.212780800000004],[-50.13964689999991,-29.19221979999999],[-50.1615475999999,-29.203941900000007],[-50.1339679,-29.207907400000007],[-50.1506689,-29.2245727],[-50.140683200000005,-29.237783399999998],[-50.1775091,-29.248521299999897],[-50.13875310000001,-29.25352459999988],[-50.1449327999999,-29.29359429999991],[-50.12873640000001,-29.3035543],[-50.1301243999999,-29.285756999999894],[-50.123009200000006,-29.281972499999895],[-50.112494,-29.30575219999999],[-50.0837572999999,-29.313929899999902],[-50.087745999999996,-29.324322799999898],[-50.0657727,-29.321917599999896],[-50.0687457999999,-29.342606600000007],[-50.0467758,-29.340358599999888],[-50.0410027,-29.355065899999893],[-50.051215,-29.324111299999984],[-50.0924482999999,-29.297578999999896],[-50.1143241999999,-29.257617799999885],[-49.9965852,-29.228262299999997],[-49.9498345,-29.200723299999904],[-49.8578641999999,-29.232404000000002],[-49.8435082,-29.277841999999996],[-49.7420974,-29.2988202999999],[-49.7300518,-29.31711110000001],[-49.7454150999999,-29.328009699999907],[-49.7125665,-29.32659349999989],[-49.9115899999999,-29.590778399999998],[-50.0527830999999,-29.838302099999996],[-50.34009769999991,-30.511192600000005],[-50.7672393,-31.11011189999991],[-51.26752179999989,-31.578613399999895],[-51.4837238,-31.7319325],[-51.84767229999989,-31.930777599999903],[-51.9689076,-32.0318384],[-52.081997300000005,-32.1600215999999],[-52.133079,-32.1739267],[-52.22521160000001,-32.251228899999894],[-52.293031000000006,-32.3383186999999],[-52.3598749999999,-32.4639617],[-52.487912799999904,-32.85106579999999],[-52.6501110999999,-33.141691099999896],[-52.80202400000001,-33.304912599999994],[-53.1848980999999,-33.612041799999886],[-53.3934525999999,-33.75108379999989],[-53.431051099999905,-33.7393547999999],[-53.439516,-33.693461399999904],[-53.53235,-33.6888044999999],[-53.50791739999989,-33.353135699999896]]],[[[-49.7039182,-29.347736900000005],[-49.70499610000001,-29.345821799999992],[-49.70442020000001,-29.345453599999896],[-49.7039182,-29.347736900000005]]]]}},{"type":"Feature","properties":{"SIGLA_UF":"SP","NM_UF":"São Paulo","NM_REGIAO":"Sudeste"},"geometry":{"type":"MultiPolygon","coordinates":[[[[-48.03680880000001,-25.35585769999989],[-48.0374973,-25.3579998],[-48.03821980000001,-25.357030800000004],[-48.03680880000001,-25.35585769999989]]],[[[-47.95693339999999,-25.272553899999902],[-47.95591360000001,-25.2744269],[-47.9576289,-25.273027600000002],[-47.95693339999999,-25.272553899999902]]],[[[-47.91442309999999,-25.1656373],[-47.9091807,-25.1669613],[-47.9145047,-25.167252499999996],[-47.91442309999999,-25.1656373]]],[[[-47.8595607999999,-25.131762099999886],[-47.862175900000004,-25.1322673],[-47.86146349999999,-25.130850000000013],[-47.8595607999999,-25.131762099999886]]],[[[-47.86451099999991,-25.12848649999999],[-47.8531452,-25.115826499999997],[-47.84940040000001,-25.120585100000007],[-47.86451099999991,-25.12848649999999]]],[[[-46.6775514999999,-24.478999899999998],[-46.6713106,-24.486874599999986],[-46.6762472,-24.491996800000017],[-46.6775749,-24.4905707],[-46.6775514999999,-24.478999899999998]]],[[[-47.031332500000005,-24.428716099999995],[-47.0310595999999,-24.428525599999904],[-47.0311229,-24.42880080000001],[-47.031332500000005,-24.428716099999995]]],[[[-46.9936815,-24.4109707],[-46.9940362999999,-24.411513799999994],[-46.99445579999999,-24.411182700000005],[-46.9936815,-24.4109707]]],[[[-47.0033164,-24.409309999999905],[-47.0016752999999,-24.410600499999887],[-47.0033768,-24.409832199999993],[-47.0033164,-24.409309999999905]]],[[[-46.999177499999995,-24.408121799999893],[-46.9996753,-24.408489599999903],[-46.999511899999995,-24.408035299999913],[-46.999177499999995,-24.408121799999893]]],[[[-47.0073954,-24.396108599999895],[-47.0075912,-24.39646299999999],[-47.0077426999999,-24.396278999999893],[-47.0073954,-24.396108599999895]]],[[[-46.9883998,-24.385374699999904],[-46.98734960000001,-24.383828600000005],[-46.9864057,-24.3845064],[-46.9883998,-24.385374699999904]]],[[[-46.9872275,-24.381949399999893],[-46.98461180000001,-24.3792829999999],[-46.9843989,-24.38226049999999],[-46.9872275,-24.381949399999893]]],[[[-46.8053414,-24.374564399999894],[-46.8080206,-24.375943899999996],[-46.8079534999999,-24.3744091999999],[-46.8053414,-24.374564399999894]]],[[[-46.803960699999905,-24.3752986],[-46.8051038,-24.374744599999893],[-46.8034092999999,-24.373635999999994],[-46.803960699999905,-24.3752986]]],[[[-47.0050054,-24.367285799999905],[-47.00479330000001,-24.3678662999999],[-47.00522229999999,-24.367774899999997],[-47.0050054,-24.367285799999905]]],[[[-46.98117500000001,-24.3616134],[-46.9794821,-24.3619103],[-46.98092840000001,-24.362763399999906],[-46.98117500000001,-24.3616134]]],[[[-46.9995087,-24.349548099999907],[-46.9997791,-24.34950799999999],[-46.999482199999896,-24.349401300000004],[-46.9995087,-24.349548099999907]]],[[[-46.8908754,-24.254388199999898],[-46.8901365999999,-24.253824500000004],[-46.8895166999999,-24.254455199999896],[-46.8908754,-24.254388199999898]]],[[[-46.6902411999999,-24.23722939999992],[-46.6911345,-24.236968999999903],[-46.69074340000001,-24.2365533999999],[-46.6902411999999,-24.23722939999992]]],[[[-46.79205899999991,-24.194083199999987],[-46.792994,-24.194913199999995],[-46.7933027999999,-24.1937255999999],[-46.79205899999991,-24.194083199999987]]],[[[-49.009427,-24.66036929999998],[-49.007130499999995,-24.633864899999892],[-49.01837479999989,-24.642616499999995],[-49.0400336,-24.636846499999898],[-49.0373997,-24.660419699999988],[-49.0612881,-24.685341400000002],[-49.079832699999905,-24.672608799999992],[-49.1055909,-24.674711699999893],[-49.111594599999904,-24.68835230000001],[-49.180544499999904,-24.6716529999999],[-49.2118189999999,-24.70236459999999],[-49.27568110000001,-24.6943759],[-49.31201540000001,-24.663532699999994],[-49.2996252999999,-24.654957299999996],[-49.3164280999999,-24.6389985],[-49.3035970999999,-24.596948699999892],[-49.3165653,-24.587975099999905],[-49.3159894,-24.55550889999989],[-49.280272,-24.5372649],[-49.296462,-24.501895499999907],[-49.2469227,-24.469097999999992],[-49.2532325999999,-24.4359365999999],[-49.2355492,-24.4095520999999],[-49.25350029999999,-24.4050384999999],[-49.2012106,-24.34270019999999],[-49.2838088999999,-24.308062899999996],[-49.3053740999999,-24.251431000000004],[-49.3559577999999,-24.21451230000001],[-49.3415441,-24.20312199999999],[-49.33656630000001,-24.137581899999905],[-49.43001069999999,-24.088536],[-49.42978620000001,-24.068708799999996],[-49.4634430999999,-24.027435800000003],[-49.4900451,-24.0201132],[-49.4805709999999,-24.006171400000003],[-49.4981248,-23.993808299999998],[-49.4936847,-23.97759579999999],[-49.51675679999989,-23.970122499999906],[-49.49966749999991,-23.959209799999897],[-49.5210997,-23.94610179999999],[-49.51160470000001,-23.925899899999898],[-49.556989699999995,-23.92273069999991],[-49.577378100000004,-23.897438299999997],[-49.57360149999991,-23.877954999999893],[-49.5853486,-23.890429],[-49.6107365,-23.851694899999888],[-49.5608915,-23.815914499999995],[-49.57054740000001,-23.778366600000005],[-49.5605047999999,-23.761306600000005],[-49.5734628,-23.756039600000005],[-49.5640496999999,-23.732219299999887],[-49.548792600000006,-23.7362924999999],[-49.5491992,-23.704016399999897],[-49.617145199999996,-23.63958589999991],[-49.60020619999991,-23.535624399999996],[-49.629370299999906,-23.511827499999992],[-49.6128168,-23.508272299999888],[-49.62109670000001,-23.49209899999991],[-49.6148803,-23.4722009999999],[-49.5985767999999,-23.477157399999992],[-49.595640100000004,-23.4403824],[-49.5729514,-23.4439439999999],[-49.5666241,-23.426420099999987],[-49.5808046,-23.4317181],[-49.5985165,-23.398186599999995],[-49.621011699999904,-23.397419300000006],[-49.5904025,-23.38279249999989],[-49.6041569,-23.35894749999989],[-49.6370957999999,-23.351619899999903],[-49.6216944999999,-23.33188959999999],[-49.6264619999999,-23.282916600000004],[-49.6783199,-23.165061700000006],[-49.730488799999904,-23.14144609999991],[-49.72555099999991,-23.109438100000002],[-49.7402393,-23.099168300000002],[-49.78917909999999,-23.1033454999999],[-49.8336586,-23.0659429],[-49.8674152999999,-23.071691900000005],[-49.911602199999905,-23.051118599999903],[-49.8995854,-23.0020053],[-49.9693326,-22.9644784],[-49.962049500000006,-22.9233131],[-49.986164899999906,-22.897504799999993],[-49.9988529999999,-22.901749900000002],[-49.9948737,-22.92971909999989],[-50.04785269999999,-22.901964099999905],[-50.0674703999999,-22.9275153],[-50.2375375999999,-22.9541462],[-50.2733878999999,-22.931001299999885],[-50.33615879999999,-22.950396500000004],[-50.3790746,-22.905405599999902],[-50.4189476,-22.913933099999998],[-50.43030250000001,-22.946407399999888],[-50.5060789999999,-22.9453771],[-50.5404935,-22.9121289],[-50.577057200000006,-22.903944499999998],[-50.6085241,-22.924153999999902],[-50.6615854,-22.89547749999999],[-50.7112162,-22.95474440000001],[-50.73637,-22.963350999999903],[-50.7586621,-22.9476544],[-50.8039919999999,-22.945736599999996],[-50.7929516999999,-22.894353500000005],[-50.8887189,-22.796531199999894],[-50.94069530000001,-22.805325199999995],[-50.9718895999999,-22.7824477999999],[-51.00554859999989,-22.793821400000002],[-51.0576149999999,-22.766057099999998],[-51.1495821,-22.75505370000001],[-51.228336,-22.7160172],[-51.2651999,-22.667697399999998],[-51.30649499999999,-22.674490200000005],[-51.3736491999999,-22.6581328999999],[-51.4020163,-22.66790549999999],[-51.4464101999999,-22.6529523],[-51.4989017999999,-22.690529300000005],[-51.5595691999999,-22.697179300000005],[-51.6278786,-22.658240599999893],[-51.7181735999999,-22.6690211],[-51.73434520000001,-22.625466399999898],[-51.7516244,-22.618081999999998],[-51.8686243,-22.63044559999999],[-51.940512600000005,-22.5673427999999],[-52.10921239999989,-22.5162951999999],[-52.14876189999999,-22.549253500000006],[-52.15667799999991,-22.6447188999999],[-52.22257719999989,-22.675535399999905],[-52.2308583,-22.633520199999992],[-52.25041309999991,-22.615426399999894],[-52.31313639999999,-22.636512399999997],[-52.43762969999991,-22.606848699999894],[-52.502676799999996,-22.634555699999996],[-52.545377200000004,-22.611743499999896],[-52.5849228,-22.565933200000007],[-52.7016950999999,-22.627666700000002],[-52.8154397,-22.59704319999999],[-52.8583628,-22.60800099999989],[-52.9247425999999,-22.565623999999996],[-52.98485850000001,-22.5763497],[-53.0877869,-22.658444899999903],[-53.1090472,-22.614187500000003],[-53.0815284,-22.557137699999895],[-53.0143611999999,-22.520665799999996],[-52.9985791,-22.493181299999893],[-52.8578426999999,-22.441482699999895],[-52.74583499999989,-22.343312999999995],[-52.4877142999999,-22.217206],[-52.377218,-22.106678199999998],[-52.3454348,-22.061975399999906],[-52.3088119,-21.951919599999897],[-52.1905614,-21.846144699999996],[-52.1612618,-21.770773699999886],[-52.1028651999999,-21.745291199999894],[-52.0558253999999,-21.677158799999997],[-52.05209230500001,-21.63659419],[-52.0724264999999,-21.5931012849999],[-52.102164097,-21.569813496999906],[-52.09310688999991,-21.537759094999995],[-52.062041705000006,-21.503268504999895],[-52.0003675949999,-21.516626494999986],[-51.96790328499999,-21.501762094999897],[-51.92868179999989,-21.455816099999904],[-51.9075357,-21.386455799999997],[-51.8652610999999,-21.348942500000003],[-51.84851450000001,-21.266638400000005],[-51.87957370000001,-21.199430699999898],[-51.8758619,-21.1361474],[-51.82359,-21.12683980000001],[-51.78967089999999,-21.102119499999997],[-51.768482299999995,-21.036522099999996],[-51.72223039999991,-20.976767999999904],[-51.6657334,-20.97052039999991],[-51.6235872999999,-20.944432899999992],[-51.6134777,-20.890078399999894],[-51.62970150000001,-20.861452899999993],[-51.6223984,-20.776871999999997],[-51.6348991999999,-20.754848399999997],[-51.5941481999999,-20.6438477],[-51.500222300000004,-20.568216299999985],[-51.46378270000001,-20.5014527],[-51.4092795999999,-20.4595705999999],[-51.34808520000001,-20.35951799999999],[-51.2956844999999,-20.328482099999988],[-51.1225813999999,-20.290244700000006],[-51.0589327,-20.235160699999902],[-51.0004749999999,-20.085384400000002],[-50.9658345,-20.033590699999888],[-50.7902435,-19.939585099999896],[-50.6613240999999,-19.90900199999991],[-50.57794879999991,-19.81637439999999],[-50.4719181999999,-19.779655799999908],[-50.417132799999905,-19.801136499999895],[-50.34566119999991,-19.867563399999902],[-50.09724329999991,-19.8754789999999],[-50.0152884,-19.926357799999902],[-49.9621547,-19.920224099999896],[-49.8555732999999,-19.9468249999999],[-49.782456200000006,-19.924463100000004],[-49.6344053,-19.9319320999999],[-49.5514851999999,-19.905840999999985],[-49.50345279999989,-19.9199293999999],[-49.4927862,-19.950421199999898],[-49.44451960000001,-19.980511799999892],[-49.3564865,-19.9867173],[-49.2975378,-19.9605453999999],[-49.2595049999999,-19.963842199999895],[-49.2476194,-19.997745699999893],[-49.296310999999896,-20.015573800000006],[-49.3085379999999,-20.103892899999902],[-49.2992464,-20.1670761],[-49.2452006999999,-20.28214280000001],[-49.225294,-20.305343099999988],[-49.1725617,-20.31253509999991],[-49.1224111,-20.273545],[-49.0674797999999,-20.154743499999903],[-49.0004263,-20.16074809999999],[-48.9808573,-20.18218030000001],[-48.9617858,-20.26330119999991],[-48.9703527999999,-20.38979049999991],[-48.898202399999896,-20.441873100000013],[-48.8672304,-20.4024613],[-48.88654580000001,-20.271162600000007],[-48.85675859999999,-20.226883999999902],[-48.8553924999999,-20.1801439999999],[-48.8257432,-20.161957500000007],[-48.7313411,-20.14938180000001],[-48.6421286999999,-20.166496099999996],[-48.57823319999991,-20.131248999999993],[-48.49111609999989,-20.138123199999907],[-48.405776800000005,-20.11351099999998],[-48.3749359,-20.123103199999903],[-48.31713440000001,-20.113347],[-48.25468779999991,-20.14381579999999],[-48.2177475,-20.1252888],[-48.25342510000001,-20.0779206999999],[-48.2348267,-20.0282756],[-48.20777149999999,-20.03937000000001],[-48.17860599999991,-20.09618019999989],[-48.10548740000001,-20.146355999999994],[-48.0767758,-20.148429599999893],[-48.038843,-20.119949000000002],[-48.020163,-20.124029000000007],[-47.9759693,-20.035372700000003],[-47.948482,-20.055757599999897],[-47.934102100000004,-20.107853599999896],[-47.895462800000004,-20.12525829999991],[-47.859383900000005,-20.052412100000005],[-47.87583080000001,-20.021410100000004],[-47.8561501999999,-19.990544800000002],[-47.70840530000001,-19.978701600000004],[-47.6347643,-20.049247799999897],[-47.5996582999999,-20.0324375],[-47.5838246,-19.996664599999995],[-47.4682926999999,-19.961422199999987],[-47.424428,-20.01531959999989],[-47.4442362999999,-20.027960499999892],[-47.43870839999991,-20.051088799999903],[-47.2570443,-20.1662039999999],[-47.2558673,-20.190771299999888],[-47.2310735999999,-20.219152199999893],[-47.2982081,-20.34843570000001],[-47.28545569999991,-20.405739999999998],[-47.29276559999991,-20.447733599999886],[-47.2115100999999,-20.5023184],[-47.1511497,-20.522046499999902],[-47.1126808999999,-20.638084299999907],[-47.0968958,-20.644528299999898],[-47.11530090000001,-20.707204799999893],[-47.16559849999991,-20.70148769999999],[-47.186260699999906,-20.7311344],[-47.17519250000001,-20.739261900000002],[-47.18881830000001,-20.7706246999999],[-47.2247543,-20.800098900000002],[-47.214484399999904,-20.827219399999898],[-47.2400443,-20.885281700000014],[-47.2104581,-20.924138999999997],[-47.190039899999896,-20.928218100000002],[-47.186619400000005,-20.949493299999983],[-47.14781429999991,-20.972492899999992],[-47.15702989999989,-21.0188247],[-47.142296200000004,-21.0882357999999],[-47.1131513999999,-21.104921499999897],[-47.1335055,-21.13345559999989],[-47.1185995,-21.14904349999991],[-47.1187879,-21.185752099999892],[-47.0992581,-21.214193399999907],[-47.0622097,-21.209169899999907],[-47.0772881999999,-21.240223499999995],[-47.05228170000001,-21.2465187],[-47.0351810999999,-21.31102270000001],[-46.9972685,-21.351226399999998],[-47.0161679999999,-21.39650339999999],[-47.0115079,-21.4222728],[-46.9207759999999,-21.4271312999999],[-46.8420839999999,-21.389108299999982],[-46.8321491,-21.366538200000004],[-46.7917613,-21.373683000000007],[-46.7647051,-21.36006359999989],[-46.75868450000001,-21.378788399999994],[-46.7059624,-21.404843899999907],[-46.665531200000004,-21.361158200000006],[-46.6471993,-21.364193099999998],[-46.6487303,-21.3917213],[-46.6152567999999,-21.4414682],[-46.5765137,-21.426957199999908],[-46.52109319999991,-21.446980299999996],[-46.5092521,-21.4698989],[-46.524175699999894,-21.5218497],[-46.5000487,-21.55453199999989],[-46.521994199999895,-21.584508699999997],[-46.518228,-21.6128219],[-46.5526154999999,-21.6370393],[-46.5646313,-21.678679400000007],[-46.6215946999999,-21.675542999999895],[-46.6260303,-21.76622649999999],[-46.653991299999994,-21.779246400000005],[-46.69097049999991,-21.83696379999999],[-46.665285000000004,-21.848788],[-46.6475364999999,-21.880460799999998],[-46.6737785,-21.911052700000003],[-46.6132623999999,-22.014962700000005],[-46.6491763999999,-22.009286199999988],[-46.6755749,-22.022374699999904],[-46.68538899999991,-22.037422100000004],[-46.65774569999999,-22.060475699999902],[-46.66478599999989,-22.068863099999888],[-46.723421699999996,-22.076895599999897],[-46.7008140999999,-22.09519689999999],[-46.646755,-22.091893199999998],[-46.59853,-22.1363895],[-46.640458099999904,-22.15771959999999],[-46.6462923,-22.181321899999894],[-46.673835499999896,-22.17561749999991],[-46.678167800000004,-22.224041900000003],[-46.71040070000001,-22.262390099999894],[-46.7052841,-22.295824000000007],[-46.7232602999999,-22.3066238],[-46.67590729999989,-22.369289400000003],[-46.6609235,-22.366040999999893],[-46.661834999999904,-22.418811299999994],[-46.572654400000005,-22.45314159999999],[-46.554814,-22.44665],[-46.5498648,-22.4695488999999],[-46.5306674,-22.470852500000014],[-46.542146900000006,-22.494356],[-46.505289899999994,-22.5170472],[-46.4549550999999,-22.521732399999998],[-46.426308499999905,-22.547568799999997],[-46.4069522,-22.539932499999992],[-46.4337254,-22.574567899999995],[-46.4120617,-22.5857657999999],[-46.4243364,-22.59944429999999],[-46.4047578999999,-22.620893299999995],[-46.4246199,-22.633599099999998],[-46.396312200000004,-22.645981999999908],[-46.3930589,-22.662974099999897],[-46.4704224,-22.673242699999893],[-46.478890400000004,-22.698276699999997],[-46.4573341999999,-22.7070572],[-46.4527231,-22.727581900000004],[-46.3345414999999,-22.760300099999895],[-46.362140399999895,-22.789876999999894],[-46.3841924,-22.869966099999896],[-46.356310699999895,-22.900303300000004],[-46.3146409999999,-22.886760000000002],[-46.2960608999999,-22.8981540999999],[-46.2668638,-22.875687199999998],[-46.2381712,-22.894155600000005],[-46.23414459999999,-22.881822800000002],[-46.14502509999989,-22.857192800000004],[-46.1368863,-22.89054149999999],[-46.1539895,-22.9124004],[-46.139093699999904,-22.92275529999989],[-46.0952182999999,-22.89442899999989],[-46.007954,-22.88949699999989],[-45.911829,-22.816292999999998],[-45.88876200000001,-22.87597500000001],[-45.863852199999904,-22.868710299999996],[-45.837245499999895,-22.8320719],[-45.809801999999905,-22.829386600000003],[-45.7891663999999,-22.858124299999897],[-45.7679156999999,-22.84438549999989],[-45.7709450999999,-22.805926799999995],[-45.754917299999896,-22.792912199999897],[-45.713580900000004,-22.814785700000005],[-45.7303335999999,-22.798594200000004],[-45.7134121999999,-22.756947199999995],[-45.7281403,-22.723683600000008],[-45.8014557,-22.738617699999995],[-45.817991499999906,-22.711367599999996],[-45.7428067,-22.6591668999999],[-45.6939927,-22.6517099],[-45.737428899999905,-22.608538699999894],[-45.7184548,-22.5779914],[-45.6605736999999,-22.5778407999999],[-45.6810783,-22.6363357],[-45.66618479999989,-22.651201199999896],[-45.6181281,-22.637914099999904],[-45.576519600000005,-22.601702699999997],[-45.5553553999999,-22.626440999999904],[-45.5843695,-22.6516885999999],[-45.539908200000006,-22.65257980000001],[-45.4888005,-22.628785199999985],[-45.4738566,-22.58889420000001],[-45.41293169999991,-22.622215499999992],[-45.4105211,-22.651670999999993],[-45.3978764999999,-22.653423799999896],[-45.332962,-22.617639199999903],[-45.274240000000006,-22.616238500000005],[-45.26017289999991,-22.582053399999896],[-45.178045600000004,-22.5498769],[-45.1395955,-22.501693100000008],[-45.02840339999991,-22.463197699999995],[-44.9658590999999,-22.4751927999999],[-44.9400702,-22.452669100000005],[-44.89784109999991,-22.452910299999896],[-44.8715058,-22.424085799999897],[-44.832952599999906,-22.4309898999999],[-44.805386999999904,-22.40384789999999],[-44.7339428,-22.432895799999997],[-44.7162208,-22.51423620000001],[-44.69886569999991,-22.511465799999904],[-44.6710072,-22.536664700000006],[-44.67742609999989,-22.561500099999897],[-44.64442760000001,-22.5555985999999],[-44.6402485999999,-22.608057899999903],[-44.610797399999996,-22.617384300000012],[-44.60207599999999,-22.607771499999995],[-44.583656699999906,-22.626213199999906],[-44.57405700000001,-22.601733599999896],[-44.5640868,-22.61199270000001],[-44.5502789999999,-22.6037612],[-44.5263039,-22.619291599999904],[-44.5378125,-22.633038400000004],[-44.5350048999999,-22.638106999999895],[-44.5155999999999,-22.63010660000001],[-44.50858840000001,-22.640947],[-44.484903800000005,-22.6039018],[-44.46487669999989,-22.615969599999996],[-44.4314745,-22.598651800000006],[-44.40661970000001,-22.6088483999999],[-44.4096504999999,-22.588430299999995],[-44.38239780000001,-22.5734942],[-44.3598084,-22.581173899999996],[-44.37042050000001,-22.589746499999904],[-44.3560237,-22.614899299999898],[-44.3449902999999,-22.587848699999906],[-44.28569060000001,-22.609730999999993],[-44.2687356,-22.598774299999896],[-44.2533882,-22.612470899999895],[-44.2074259,-22.6120217],[-44.1613652,-22.678258399999898],[-44.1760611,-22.70565789999991],[-44.2037068999999,-22.7174175],[-44.1989603,-22.7352873],[-44.22704650000001,-22.733738999999986],[-44.2571053999999,-22.76628299999989],[-44.2565231999999,-22.787490599999998],[-44.2401407,-22.792658],[-44.27225259999991,-22.832107499999907],[-44.2965215999999,-22.827876600000007],[-44.3224344,-22.8496666999999],[-44.325274,-22.837761199999893],[-44.3742233,-22.858086199999892],[-44.4181953,-22.8481123],[-44.466191599999895,-22.88537129999999],[-44.47872079999999,-22.850868200000004],[-44.4954126,-22.846956299999903],[-44.5436516,-22.8849451],[-44.60731079999991,-22.885237],[-44.658994,-22.927931199999897],[-44.67333239999989,-22.9179578],[-44.68773479999991,-22.93677],[-44.7134344,-22.92987540000001],[-44.7438207,-22.94720559999999],[-44.75525950000001,-22.980312499999993],[-44.79189819999989,-22.981875900000006],[-44.8227272,-23.16007690000001],[-44.87273249999999,-23.18250219999989],[-44.88932059999999,-23.22659489999999],[-44.8719927999999,-23.2489550999999],[-44.8364313,-23.255834900000004],[-44.826720800000004,-23.2916213999999],[-44.807149799999905,-23.2834855],[-44.7783744,-23.3150353],[-44.7771501999999,-23.338498799999993],[-44.7239872,-23.3686069],[-44.7850627999999,-23.378034199999906],[-44.79659209999989,-23.368981200000004],[-44.84201060000001,-23.388144799999996],[-44.836865100000004,-23.369588099999895],[-44.849870499999994,-23.361074700000007],[-44.890683800000005,-23.37247960000001],[-44.882841000000006,-23.346394],[-44.9080106,-23.334071599999998],[-44.977653,-23.40062189999999],[-45.0439406,-23.425609099999992],[-45.0613964,-23.4202215999999],[-45.060043900000004,-23.4563112],[-45.0375774,-23.447879199999896],[-45.0179449999999,-23.46085549999999],[-45.0626812,-23.467946400000006],[-45.0817542999999,-23.521542099999998],[-45.08764330000001,-23.49352999999999],[-45.10679350000001,-23.4886936999999],[-45.12406680000001,-23.502879499999892],[-45.1075322,-23.507906400000003],[-45.1126631,-23.526443300000004],[-45.1690816999999,-23.49278919999991],[-45.162013199999905,-23.541894499999998],[-45.1865225999999,-23.54057449999989],[-45.1948747,-23.52031119999999],[-45.2274935,-23.537126299999994],[-45.21096279999989,-23.58273500000001],[-45.26326379999989,-23.596640099999902],[-45.27878209999991,-23.574065899999898],[-45.297614,-23.572241399999903],[-45.32807139999989,-23.584818099999907],[-45.3690326,-23.630358600000008],[-45.40747290000001,-23.624340399999895],[-45.43051750000001,-23.682659199999897],[-45.4196570999999,-23.72585809999999],[-45.39713439999999,-23.7236626],[-45.4124826999999,-23.753669199999894],[-45.39613450000001,-23.809113800000002],[-45.40652970000001,-23.809592099999982],[-45.42329660000001,-23.8296700999999],[-45.466976900000006,-23.819068199999897],[-45.5143290999999,-23.842159400000003],[-45.512561600000005,-23.8317233999999],[-45.539704599999894,-23.828832],[-45.560195500000006,-23.7925316],[-45.62310680000001,-23.80508130000001],[-45.6431185,-23.7777263],[-45.6942301999999,-23.782556400000004],[-45.7659252,-23.762493900000006],[-45.80410890000001,-23.769872599999896],[-45.8077114,-23.759107200000003],[-45.8411563,-23.758084199999896],[-45.9411516,-23.775717799999896],[-46.03174959999999,-23.809201],[-46.0470781,-23.832034299999997],[-46.0662215999999,-23.814595299999997],[-46.128397400000004,-23.844086300000008],[-46.1461763999999,-23.905776099999994],[-46.160651,-23.906510300000004],[-46.1788713,-23.924183800000005],[-46.1604111,-23.9455242999999],[-46.18470430000001,-23.965379299999896],[-46.1872473999999,-23.977430599999906],[-46.1822428999999,-23.991086299999896],[-46.2473975999999,-23.99385809999999],[-46.265197999999906,-24.004051900000004],[-46.2629812,-24.014076999999897],[-46.279213299999995,-24.021309299999892],[-46.2830612,-24.043269399999907],[-46.2949654999999,-24.015986799999993],[-46.3111804,-24.028664799999902],[-46.3243626999999,-24.022252599999902],[-46.305666,-23.991179699999993],[-46.31745910000001,-23.979053200000003],[-46.3577438,-23.970954400000004],[-46.3688865999999,-23.9818822999999],[-46.3778869999999,-23.9695182],[-46.388745,-23.97628939999989],[-46.3752178999999,-23.988866299999884],[-46.3918773,-23.998608499999897],[-46.3836651,-24.0184343999999],[-46.3989053999999,-24.033519100000007],[-46.415594999999904,-24.015659099999898],[-46.484256,-24.0348756999999],[-46.8202926,-24.2042433999999],[-46.99573860000001,-24.327413299999897],[-47.0182394,-24.37883609999991],[-47.0093668,-24.396633599999998],[-47.0012902999999,-24.39826199999989],[-47.0083731999999,-24.4145192999999],[-47.1408433999999,-24.489543200000004],[-47.2270260999999,-24.571252000000005],[-47.591915,-24.777861999999992],[-47.800267000000005,-24.936752199999898],[-47.8717417999999,-25.01157179999999],[-47.886905500000005,-25.05126690000001],[-47.9095215999999,-25.052946099999897],[-47.8946544,-25.1054851],[-47.913872500000004,-25.15915410000001],[-48.0994745,-25.312321299999997],[-48.02469429999999,-25.232763999999996],[-48.02755020000001,-25.220508799999898],[-48.057446599999906,-25.218334300000006],[-48.06210609999991,-25.240085199999996],[-48.1148836,-25.250701999999894],[-48.1913613,-25.1962412999999],[-48.156885799999905,-25.144652499999886],[-48.2045004999999,-25.099663499999988],[-48.2160542999999,-25.07667159999991],[-48.2094673,-25.02718419999999],[-48.231554300000006,-25.0207869],[-48.22335639999991,-25.009124299999907],[-48.2502810999999,-24.977417800000005],[-48.2779171,-25.032974399999908],[-48.2875243,-25.039969199999994],[-48.2973095999999,-25.023453699999905],[-48.3336709,-25.0705735999999],[-48.324140999999905,-25.036748299999893],[-48.35122779999989,-25.036489399999905],[-48.37863780000001,-24.997028299999997],[-48.41115269999991,-24.980231699999898],[-48.4740492999999,-25.0125523999999],[-48.483291900000005,-25.053192300000006],[-48.5285838,-25.100789299999995],[-48.5560078999999,-25.086552599999894],[-48.5690701,-25.051062299999998],[-48.5826617,-25.0516461],[-48.6000276999999,-25.00611050000001],[-48.5673709,-24.972266900000008],[-48.5720602,-24.895013100000003],[-48.559307200000006,-24.90118319999989],[-48.5447856,-24.87896379999999],[-48.566676099999896,-24.863957700000004],[-48.564472099999904,-24.834280700000008],[-48.4993062999999,-24.738967600000002],[-48.530840000000005,-24.738389400000003],[-48.580751,-24.6715689],[-48.63781069999991,-24.6776682999999],[-48.6604872999999,-24.7067569],[-48.6771952,-24.6984110999999],[-48.678724100000004,-24.670887999999895],[-48.6940875,-24.670683499999885],[-48.6898911,-24.69385219999999],[-48.703812,-24.68038209999999],[-48.75242,-24.695180099999998],[-48.757286500000006,-24.67985429999991],[-48.778651599999904,-24.696732199999893],[-48.8273144,-24.6544532999999],[-48.8404009,-24.66497679999999],[-48.85850489999999,-24.657699899999997],[-48.8519011,-24.6750054],[-48.9099285,-24.670715799999996],[-48.9152604,-24.6829124],[-48.9424746,-24.672276099999994],[-48.9584528999999,-24.685283200000004],[-48.9909287999999,-24.65524389999999],[-49.009427,-24.66036929999998]]],[[[-46.36781760000001,-23.98253829999989],[-46.36798470000001,-23.982023700000003],[-46.36763260000001,-23.9821959],[-46.36781760000001,-23.98253829999989]]],[[[-46.3520589,-23.97301450000001],[-46.35275260000001,-23.9750978],[-46.353647899999906,-23.974592999999984],[-46.3520589,-23.97301450000001]]],[[[-46.16059109999999,-24.328406999999988],[-46.16265370000001,-24.329217999999994],[-46.160712600000004,-24.32766999999999],[-46.16059109999999,-24.328406999999988]]],[[[-46.18301829999999,-24.3214682999999],[-46.1804703999999,-24.3181885],[-46.179823299999995,-24.31826219999991],[-46.18301829999999,-24.3214682999999]]],[[[-45.7060203999999,-24.1132837],[-45.6913112999999,-24.090901800000005],[-45.679702399999904,-24.096874600000003],[-45.7060203999999,-24.1132837]]],[[[-45.70250870000001,-24.096427399999996],[-45.70161,-24.095859600000004],[-45.70249879999991,-24.096585499999897],[-45.70250870000001,-24.096427399999996]]],[[[-45.7051369,-24.0935388],[-45.7043773999999,-24.09395460000001],[-45.7053771,-24.093776399999996],[-45.7051369,-24.0935388]]],[[[-45.6589655999999,-24.08882299999989],[-45.658411099999995,-24.088964599999887],[-45.65911870000001,-24.089222900000006],[-45.6589655999999,-24.08882299999989]]],[[[-45.66318469999991,-24.082539499999903],[-45.6634744,-24.083654499999998],[-45.6633883,-24.082519499999897],[-45.66318469999991,-24.082539499999903]]],[[[-45.7171423999999,-24.0799246999999],[-45.7161449,-24.0799542999999],[-45.7171177,-24.0802457],[-45.7171423999999,-24.0799246999999]]],[[[-45.71828310000001,-24.07691750000001],[-45.71660910000001,-24.076300199999892],[-45.717952200000006,-24.077584100000003],[-45.71828310000001,-24.07691750000001]]],[[[-45.6546744999999,-24.076092299999996],[-45.656004900000006,-24.075312299999997],[-45.65417749999991,-24.074915899999993],[-45.6546744999999,-24.076092299999996]]],[[[-46.27058559999989,-24.049799299999997],[-46.27102419999989,-24.0497252],[-46.270473,-24.04950679999999],[-46.27058559999989,-24.049799299999997]]],[[[-46.2607518,-24.05244119999999],[-46.262809100000005,-24.045290799999993],[-46.2606059999999,-24.044949999999996],[-46.2607518,-24.05244119999999]]],[[[-46.294593399999904,-24.027574599999998],[-46.29437779999989,-24.028262399999992],[-46.295001,-24.028479999999895],[-46.294593399999904,-24.027574599999998]]],[[[-46.29265830000001,-24.024552899999904],[-46.2928883,-24.026053999999895],[-46.2936604999999,-24.025765899999996],[-46.29265830000001,-24.024552899999904]]],[[[-46.218546100000005,-24.009006900000003],[-46.21653059999989,-24.007586900000003],[-46.2195153,-24.010544],[-46.218546100000005,-24.009006900000003]]],[[[-46.3252897,-24.0084739],[-46.3235002,-24.008524799999993],[-46.32541150000001,-24.009389199999905],[-46.3252897,-24.0084739]]],[[[-46.2550543999999,-24.000901900000002],[-46.2536253,-24.002683899999997],[-46.2559401999999,-24.001220599999993],[-46.2550543999999,-24.000901900000002]]],[[[-46.184438300000004,-23.974274899999994],[-46.1801017999999,-23.97109289999999],[-46.1824068999999,-23.97567609999989],[-46.184438300000004,-23.974274899999994]]],[[[-46.1763640999999,-23.9697656],[-46.1763645,-23.970361800000006],[-46.1771545,-23.970552799999997],[-46.1763640999999,-23.9697656]]],[[[-46.1680772,-23.9677735999999],[-46.1669828,-23.966345200000006],[-46.16583419999991,-23.96740939999999],[-46.1680772,-23.9677735999999]]],[[[-46.1695842,-23.9274334999999],[-46.1705004999999,-23.927478199999904],[-46.169952099999904,-23.927057299999902],[-46.1695842,-23.9274334999999]]],[[[-46.1666905,-23.91523899999989],[-46.16811069999991,-23.915898000000006],[-46.16829210000001,-23.914721799999885],[-46.1666905,-23.91523899999989]]],[[[-46.13613050000001,-23.891840999999896],[-46.136800999999906,-23.89335589999999],[-46.13759209999991,-23.892482499999996],[-46.13613050000001,-23.891840999999896]]],[[[-46.12942059999989,-23.883867300000002],[-46.128369899999896,-23.885301200000008],[-46.130391200000005,-23.884866299999903],[-46.12942059999989,-23.883867300000002]]],[[[-46.1353611,-23.871398199999888],[-46.13418659999999,-23.8720964],[-46.135925099999994,-23.8726374],[-46.1353611,-23.871398199999888]]],[[[-45.7813664999999,-23.870934500000008],[-45.7781045,-23.857768800000006],[-45.7735628,-23.86033839999989],[-45.7813664999999,-23.870934500000008]]],[[[-46.02558709999991,-23.826707900000002],[-46.026376000000006,-23.825931799999996],[-46.024929,-23.82570659999988],[-46.02558709999991,-23.826707900000002]]],[[[-45.67134289999999,-23.8073208],[-45.6681861,-23.8033616],[-45.6675218999999,-23.80346070000001],[-45.67134289999999,-23.8073208]]],[[[-45.725713899999995,-23.80289020000001],[-45.7177502,-23.798966299999996],[-45.7160618999999,-23.806120399999898],[-45.725713899999995,-23.80289020000001]]],[[[-45.714433400000004,-23.79340859999999],[-45.711092999999906,-23.78715979999999],[-45.7046698999999,-23.78689639999991],[-45.714433400000004,-23.79340859999999]]],[[[-45.8004000999999,-23.7728567],[-45.799223599999905,-23.773410799999994],[-45.800637799999905,-23.773550900000007],[-45.8004000999999,-23.7728567]]],[[[-45.7467265999999,-23.771334099999898],[-45.746823400000004,-23.7719514999999],[-45.7472534,-23.77188010000001],[-45.7467265999999,-23.771334099999898]]],[[[-45.7534765,-23.769413299999908],[-45.7537614,-23.769755299999908],[-45.753844899999905,-23.769604499999996],[-45.7534765,-23.769413299999908]]],[[[-45.3005054,-23.922758699999996],[-45.30053989999989,-23.9223241999999],[-45.300293,-23.9223291],[-45.3005054,-23.922758699999996]]],[[[-45.29808899999989,-23.9203522999999],[-45.2972994,-23.920462399999998],[-45.2981763,-23.92074459999999],[-45.29808899999989,-23.9203522999999]]],[[[-45.29637230000001,-23.919277399999903],[-45.2964067999999,-23.9181368],[-45.29603649999999,-23.918240499999996],[-45.29637230000001,-23.919277399999903]]],[[[-45.3253483,-23.9176429999999],[-45.32374839999989,-23.917376299999887],[-45.325457,-23.9194898],[-45.3253483,-23.9176429999999]]],[[[-45.2650705999999,-23.8886621999999],[-45.2621136999999,-23.889119199999996],[-45.2644152,-23.889934599999894],[-45.2650705999999,-23.8886621999999]]],[[[-45.259715899999904,-23.888481999999993],[-45.2590623,-23.889235899999996],[-45.2600067,-23.889107700000007],[-45.259715899999904,-23.888481999999993]]],[[[-45.28580989999989,-23.860456199999895],[-45.2869456999999,-23.860540199999907],[-45.2856371,-23.85961680000001],[-45.28580989999989,-23.860456199999895]]],[[[-45.4170644,-23.85333079999999],[-45.4179159,-23.853106700000005],[-45.4168941,-23.853194599999885],[-45.4170644,-23.85333079999999]]],[[[-45.52652179999999,-23.850059599999998],[-45.5202772,-23.8477215],[-45.5252062,-23.85634689999989],[-45.52652179999999,-23.850059599999998]]],[[[-45.2789849,-23.8509556999999],[-45.2769453,-23.850783699999994],[-45.2772691,-23.851494900000006],[-45.2789849,-23.8509556999999]]],[[[-45.2694069999999,-23.877267599999993],[-45.2728638,-23.892324899999892],[-45.2231795,-23.903472899999894],[-45.2379,-23.908917],[-45.2265116,-23.942712899999897],[-45.2518398,-23.9680822],[-45.2795159,-23.9535627],[-45.2916865,-23.910312999999995],[-45.3258041999999,-23.911921300000007],[-45.3404085,-23.92540289999989],[-45.3475028999999,-23.916081699999893],[-45.42806130000001,-23.941180799999888],[-45.460388,-23.9141997],[-45.4619345999999,-23.88814699999989],[-45.4176217,-23.859356799999905],[-45.3664936,-23.811009499999997],[-45.3335719,-23.722577499999893],[-45.2630831,-23.741560499999892],[-45.257598599999895,-23.762184600000005],[-45.2298332,-23.776332699999998],[-45.2483860999999,-23.824830200000005],[-45.2268079,-23.837110999999904],[-45.2703203,-23.837336299999897],[-45.2875468,-23.852933900000004],[-45.2894057,-23.873039399999993],[-45.2694069999999,-23.877267599999993]]],[[[-45.4431658,-23.831258699999992],[-45.4437144999999,-23.832222399999996],[-45.4439555,-23.831303299999895],[-45.4431658,-23.831258699999992]]],[[[-45.3920214,-23.829607600000006],[-45.3934647999999,-23.8297873999999],[-45.3918078999999,-23.828617299999994],[-45.3920214,-23.829607600000006]]],[[[-45.4129083,-23.827915399999906],[-45.413023,-23.82809380000001],[-45.413382199999894,-23.8283332999999],[-45.4129083,-23.827915399999906]]],[[[-45.54254070000001,-23.827741399999997],[-45.5411799,-23.828374999999898],[-45.54268350000001,-23.828865800000003],[-45.54254070000001,-23.827741399999997]]],[[[-45.155886199999905,-23.827710999999994],[-45.1530109,-23.82804239999999],[-45.1549318,-23.8290271999999],[-45.155886199999905,-23.827710999999994]]],[[[-45.4698440999999,-23.823752499999998],[-45.4701957,-23.823805999999905],[-45.4699204999999,-23.823500299999992],[-45.4698440999999,-23.823752499999998]]],[[[-45.406269,-23.816180799999895],[-45.4063633,-23.81639989999999],[-45.406477900000006,-23.8162674],[-45.406269,-23.816180799999895]]],[[[-45.4067327,-23.8149273],[-45.40748940000001,-23.81494259999988],[-45.4075276,-23.814873799999894],[-45.4067327,-23.8149273]]],[[[-45.40614419999999,-23.813645799999996],[-45.4058512,-23.81423939999999],[-45.4063047,-23.813696799999892],[-45.40614419999999,-23.813645799999996]]],[[[-45.22943780000001,-23.812211599999998],[-45.2259251999999,-23.812617199999995],[-45.2282286,-23.8144652],[-45.22943780000001,-23.812211599999998]]],[[[-45.159838799999896,-23.80110669999991],[-45.1389169999999,-23.789714899999993],[-45.11493250000001,-23.803805899999908],[-45.1470621,-23.817619200000006],[-45.159838799999896,-23.80110669999991]]],[[[-45.2830119,-23.6012689],[-45.2893218,-23.5923175999999],[-45.27988969999999,-23.5957271],[-45.2830119,-23.6012689]]],[[[-45.30937779999991,-23.58699809999999],[-45.310513399999905,-23.5861297],[-45.3094194,-23.585927499999993],[-45.30937779999991,-23.58699809999999]]],[[[-45.3121113,-23.5816922999999],[-45.3104506,-23.5837457],[-45.31236619999999,-23.58411810000001],[-45.3121113,-23.5816922999999]]],[[[-45.157292899999995,-23.5736143999999],[-45.1553623999999,-23.56016320000001],[-45.1449261,-23.57108989999991],[-45.157292899999995,-23.5736143999999]]],[[[-45.1519494999999,-23.559169900000008],[-45.15077289999991,-23.558227799999905],[-45.1509765,-23.559660299999994],[-45.1519494999999,-23.559169900000008]]],[[[-45.1555757,-23.5503017999999],[-45.1552349999999,-23.550760999999994],[-45.1553534999999,-23.550766000000003],[-45.1555757,-23.5503017999999]]],[[[-45.2182549,-23.549710300000008],[-45.2157157,-23.55041609999989],[-45.2188216,-23.550856299999992],[-45.2182549,-23.549710300000008]]],[[[-45.1544044999999,-23.548333999999997],[-45.155852099999905,-23.547230699999897],[-45.15486049999999,-23.546897599999998],[-45.1544044999999,-23.548333999999997]]],[[[-45.1543659,-23.533868200000004],[-45.1538275999999,-23.533512699999992],[-45.154198,-23.534164499999992],[-45.1543659,-23.533868200000004]]],[[[-45.2140757,-23.531764899999896],[-45.21044760000001,-23.533440999999993],[-45.2142736,-23.532418299999993],[-45.2140757,-23.531764899999896]]],[[[-45.023237400000006,-23.7404696],[-45.0075227999999,-23.74899179999991],[-45.013911,-23.760994200000003],[-45.01876529999999,-23.758584699999997],[-45.023237400000006,-23.7404696]]],[[[-45.0298969,-23.736374099999995],[-45.03285279999991,-23.739641900000002],[-45.0338637999999,-23.738995699999997],[-45.0298969,-23.736374099999995]]],[[[-45.02537970000001,-23.7371674999999],[-45.0203617,-23.737452999999995],[-45.0243202999999,-23.739989499999993],[-45.02537970000001,-23.7371674999999]]],[[[-45.07928789999989,-23.5631182],[-45.075869000000004,-23.563302599999904],[-45.0787718999999,-23.564705100000005],[-45.07928789999989,-23.5631182]]],[[[-45.0242931,-23.549923],[-45.02473150000001,-23.549966299999898],[-45.0244292,-23.5496497999999],[-45.0242931,-23.549923]]],[[[-45.0314969,-23.546585999999902],[-45.02443079999989,-23.544373999999898],[-45.03298540000001,-23.5482193999999],[-45.0314969,-23.546585999999902]]],[[[-45.0767939999999,-23.56136469999999],[-45.0799016,-23.525819099999993],[-45.07031670000001,-23.53957779999999],[-45.0587444,-23.526741599999998],[-45.0392254999999,-23.53453899999991],[-45.0767939999999,-23.56136469999999]]],[[[-45.0227983999999,-23.54341819999999],[-45.0231439999999,-23.543403399999907],[-45.0228082,-23.543319499999903],[-45.0227983999999,-23.54341819999999]]],[[[-45.0420420999999,-23.517320099999914],[-45.039900100000004,-23.517179100000003],[-45.0420477,-23.518718099999898],[-45.0420420999999,-23.517320099999914]]],[[[-45.1019502999999,-23.499021000000003],[-45.1026598999999,-23.4988726999999],[-45.102391,-23.498659599999893],[-45.1019502999999,-23.499021000000003]]],[[[-45.05221399999989,-23.468067899999895],[-45.05255970000001,-23.468648899999895],[-45.0527534,-23.4683752],[-45.05221399999989,-23.468067899999895]]],[[[-45.0586021,-23.467861399999894],[-45.0584084,-23.468346400000012],[-45.058797399999904,-23.468136699999896],[-45.0586021,-23.467861399999894]]],[[[-44.90136269999991,-23.42416729999999],[-44.9024423,-23.42733829999999],[-44.90582920000001,-23.4265718999999],[-44.90136269999991,-23.42416729999999]]],[[[-44.86123090000001,-23.42205969999999],[-44.8601163,-23.423310399999906],[-44.861485,-23.423593099999902],[-44.86123090000001,-23.42205969999999]]],[[[-44.8495412999999,-23.420977199999996],[-44.8543640999999,-23.420119699999898],[-44.85575199999991,-23.416428399999997],[-44.852268,-23.408685299999902],[-44.8495412999999,-23.420977199999996]]],[[[-45.0086231,-23.413687299999907],[-45.0081383,-23.413166499999893],[-45.0081266999999,-23.4136116],[-45.0086231,-23.413687299999907]]],[[[-44.9360558,-23.412629000000003],[-44.93554099999991,-23.4122857999999],[-44.9355254,-23.412394999999893],[-44.9360558,-23.412629000000003]]],[[[-44.8493915999999,-23.40400169999999],[-44.8505024999999,-23.405202700000007],[-44.8501937,-23.403743500000004],[-44.8493915999999,-23.40400169999999]]],[[[-44.8969481999999,-23.40315530000001],[-44.897834700000004,-23.402726299999994],[-44.8974681999999,-23.4022792],[-44.8969481999999,-23.40315530000001]]],[[[-44.85486900000001,-23.39945809999989],[-44.85558889999991,-23.3987104999999],[-44.854734300000004,-23.3991184],[-44.85486900000001,-23.39945809999989]]],[[[-44.85419639999999,-23.398100299999992],[-44.8506217999999,-23.403039000000007],[-44.8520804,-23.403197700000007],[-44.85419639999999,-23.398100299999992]]],[[[-44.9383579,-23.390912800000006],[-44.9387154,-23.390790599999892],[-44.93836830000001,-23.390850399999994],[-44.9383579,-23.390912800000006]]],[[[-44.88796519999989,-23.389479799999904],[-44.888687399999995,-23.388469599999993],[-44.8870693,-23.388698899999998],[-44.88796519999989,-23.389479799999904]]],[[[-44.938134299999895,-23.386958299999897],[-44.9378123,-23.388980300000007],[-44.938935399999906,-23.388848799999902],[-44.938134299999895,-23.386958299999897]]],[[[-44.9507442,-23.388567599999902],[-44.9464399,-23.382701799999904],[-44.94038629999991,-23.383433000000007],[-44.9507442,-23.388567599999902]]],[[[-44.9348924,-23.384618699999994],[-44.9352848999999,-23.384912499999892],[-44.93522250000001,-23.384639499999906],[-44.9348924,-23.384618699999994]]],[[[-44.88882579999991,-23.383718299999902],[-44.8885098,-23.3855844],[-44.8893055999999,-23.3855642999999],[-44.88882579999991,-23.383718299999902]]],[[[-44.9065876,-23.37774499999989],[-44.897657799999905,-23.376200899999997],[-44.9069547999999,-23.38041190000001],[-44.9065876,-23.37774499999989]]],[[[-44.8930511,-23.352852299999903],[-44.8925126,-23.3531589999999],[-44.89288709999991,-23.3533662],[-44.8930511,-23.352852299999903]]],[[[-44.9036131,-23.351078599999898],[-44.90378810000001,-23.35321589999999],[-44.9048649,-23.3526843],[-44.9036131,-23.351078599999898]]],[[[-44.9080575999999,-23.336975099999993],[-44.9089382,-23.336407500000004],[-44.9085669999999,-23.336237599999905],[-44.9080575999999,-23.336975099999993]]]]}},{"type":"Feature","properties":{"SIGLA_UF":"ES","NM_UF":"Espírito Santo","NM_REGIAO":"Sudeste"},"geometry":{"type":"MultiPolygon","coordinates":[[[[-40.8852818,-21.16176849999991],[-40.8831711999999,-21.1630365],[-40.8835374,-21.16387079999989],[-40.8852818,-21.16176849999991]]],[[[-40.80046899999999,-21.005804000000012],[-40.8011992,-21.006833199999992],[-40.8015367,-21.00687320000001],[-40.80046899999999,-21.005804000000012]]],[[[-40.78779430000001,-21.003427499999898],[-40.78814520000001,-21.00336650000001],[-40.7875333,-21.003031300000004],[-40.78779430000001,-21.003427499999898]]],[[[-40.786502599999906,-21.001609199999997],[-40.785807500000004,-21.00249769999991],[-40.78658479999999,-21.002310099999903],[-40.786502599999906,-21.001609199999997]]],[[[-40.75674980000001,-20.927469899999902],[-40.751932000000004,-20.92735519999999],[-40.7564027,-20.928880900000003],[-40.75674980000001,-20.927469899999902]]],[[[-40.75222840000001,-20.8742369],[-40.7493985,-20.873065499999896],[-40.75242059999991,-20.874704799999996],[-40.75222840000001,-20.8742369]]],[[[-40.72773050000001,-20.8546934999999],[-40.7263748999999,-20.855286000000003],[-40.7288917,-20.8563442999999],[-40.72773050000001,-20.8546934999999]]],[[[-40.7277612999999,-20.849698499999896],[-40.7255564,-20.85045629999999],[-40.7274593,-20.8511548],[-40.7277612999999,-20.849698499999896]]],[[[-40.68428019999989,-20.8273],[-40.6849789,-20.827250799999895],[-40.68487999999999,-20.827135399999992],[-40.68428019999989,-20.8273]]],[[[-40.60006799999999,-20.80690329999989],[-40.5987703,-20.808326300000004],[-40.6005019,-20.807306399999998],[-40.60006799999999,-20.80690329999989]]],[[[-40.55002519999991,-20.762312699999896],[-40.5493005,-20.76133409999991],[-40.54983620000001,-20.7624754],[-40.55002519999991,-20.762312699999896]]],[[[-40.546442199999895,-20.759820799999897],[-40.54732940000001,-20.758803399999998],[-40.5461374999999,-20.759589599999995],[-40.546442199999895,-20.759820799999897]]],[[[-40.5475048,-20.75793469999999],[-40.5470981,-20.758069899999985],[-40.5478669999999,-20.75849179999991],[-40.5475048,-20.75793469999999]]],[[[-40.933329899999904,-21.201153400000003],[-40.9599451999999,-21.2541522999999],[-40.9598262,-21.301691799999993],[-40.97916109999991,-21.279977000000002],[-40.9957952,-21.286189799999907],[-41.0047403999999,-21.251099899999904],[-41.0413336,-21.2549473],[-41.092017499999905,-21.218194200000006],[-41.1363008,-21.2268586],[-41.1558917,-21.245081500000005],[-41.1829569999999,-21.23607059999989],[-41.19059909999991,-21.248750799999996],[-41.24136849999999,-21.220360300000007],[-41.2608268,-21.23678859999999],[-41.2972975,-21.235072699999904],[-41.3161838999999,-21.213545699999905],[-41.376648599999996,-21.1957962999999],[-41.44617070000001,-21.215481399999888],[-41.486524300000006,-21.179892900000006],[-41.5115501,-21.175836299999986],[-41.5170752999999,-21.187717199999994],[-41.5560886,-21.172393600000003],[-41.5646230999999,-21.183744899999997],[-41.586747900000006,-21.1494743],[-41.6125895,-21.157000900000007],[-41.69415789999991,-21.115372199999996],[-41.719593,-21.123521599999904],[-41.7051842,-21.109473900000005],[-41.73627929999999,-21.101430199999996],[-41.7100141,-20.991033699999903],[-41.73734970000001,-20.927935999999907],[-41.7223678999999,-20.923252799999904],[-41.726340900000004,-20.8923895],[-41.7117861,-20.868997799999892],[-41.7414671,-20.872586000000016],[-41.745831,-20.812778299999906],[-41.781683699999995,-20.7976102],[-41.81392290000001,-20.80545619999998],[-41.8057919,-20.797519799999996],[-41.82789960000001,-20.797112899999885],[-41.852166000000004,-20.763759299999894],[-41.8797956999999,-20.75956769999989],[-41.8727949999999,-20.74287009999989],[-41.8565566,-20.747687399999986],[-41.8633528999999,-20.71091049999999],[-41.8072973,-20.643690999999887],[-41.8174139,-20.624538699999988],[-41.8566943,-20.61576669999989],[-41.8283911999999,-20.557296199999897],[-41.8044505999999,-20.543410999999903],[-41.825780900000005,-20.484992799999887],[-41.79943560000001,-20.477283299999996],[-41.79822990000001,-20.435020199999894],[-41.859511600000005,-20.372842599999995],[-41.847498300000005,-20.32800619999989],[-41.7762718,-20.286360800000004],[-41.75675369999989,-20.2068659999999],[-41.4111404,-20.207369599999893],[-41.3821144999999,-20.188813099999905],[-41.3091067,-20.016370600000002],[-41.320015000000005,-19.980026899999903],[-41.3026934,-19.938060899999993],[-41.2444702,-19.937341800000002],[-41.228044699999906,-19.904985099999998],[-41.185188200000006,-19.889933799999906],[-41.17569639999991,-19.8393500999999],[-41.186294700000005,-19.827666899999894],[-41.16410509999999,-19.8063867999999],[-41.191071599999894,-19.745867299999905],[-41.16847280000001,-19.672222699999995],[-41.1086013999999,-19.639466800000005],[-41.0908815999999,-19.59634319999999],[-41.0741098,-19.598663799999887],[-41.07191770000001,-19.584408199999903],[-41.0368602,-19.570457],[-41.0466926999999,-19.487399699999994],[-40.9882782,-19.507940299999998],[-40.949329,-19.473156799999995],[-40.96824009999991,-19.425738599999892],[-40.9571688,-19.398844499999885],[-40.92844329999999,-19.381884899999893],[-40.93846789999999,-19.346065499999998],[-40.907692700000005,-19.30881269999999],[-40.94444259999991,-19.280632399999888],[-40.9161804,-19.258932299999998],[-40.9390169,-19.2484779],[-40.922667700000005,-19.20408939999989],[-40.9410860999999,-19.18057379999989],[-40.94399979999999,-19.144004600000002],[-40.9619481,-19.144061800000003],[-40.9561158,-19.129113000000007],[-40.984760400000006,-19.100717799999906],[-41.0087437,-19.0993298999999],[-41.0126043999999,-19.075801699999907],[-41.0538521999999,-19.068864299999998],[-41.0655566,-19.051332099999986],[-41.0670459999999,-19.006985200000003],[-41.0169129,-18.974640599999915],[-41.040640100000005,-18.980670099999898],[-41.061495400000005,-18.967690199999897],[-41.067301400000005,-18.942423899999895],[-41.078619399999994,-18.94769050000001],[-41.1181716999999,-18.921770299999903],[-41.1195848999999,-18.903449399999907],[-41.15295830000001,-18.886609099999898],[-41.16348229999989,-18.8595031999999],[-41.20842509999991,-18.855047099999993],[-41.2147844,-18.87763979999991],[-41.2435824,-18.852749100000004],[-41.2325443999999,-18.797278800000008],[-41.1341302,-18.796041300000002],[-41.0974735999999,-18.8423109999999],[-40.963913499999904,-18.841170099999903],[-40.915921899999894,-18.812658199999888],[-40.9400042,-18.7702861999999],[-40.9414975999999,-18.6892946999999],[-40.9878209,-18.678135900000004],[-41.0529205,-18.631198999999985],[-41.032493900000006,-18.618105599999993],[-41.0419884999999,-18.605403099999897],[-41.0206494,-18.4585992],[-41.1820925,-18.439254499999905],[-41.1437544,-18.406463799999898],[-41.16254039999999,-18.390763700000008],[-41.1458850999999,-18.3738627999999],[-41.158920699999996,-18.308243499999904],[-41.0971916,-18.256581200000003],[-41.1027442,-18.236966100000004],[-41.09135100000001,-18.23025589999999],[-41.10444789999999,-18.213276800000003],[-41.056084600000005,-18.166621099999897],[-41.0338136999999,-18.172111799999996],[-41.0145894999999,-18.1575794],[-40.9894770999999,-18.170649299999994],[-40.9803239,-18.14136409999999],[-40.9545373999999,-18.1544944],[-40.95000379999989,-18.129286599999887],[-40.9322096,-18.136483499999905],[-40.89310940000001,-18.10787830000001],[-40.8890107999999,-18.12401609999989],[-40.8775550999999,-18.1194293],[-40.845075800000004,-18.149812999999895],[-40.77149610000001,-18.155939999999905],[-40.77330330000001,-18.1075627],[-40.902823000000005,-17.98771219999999],[-40.882717,-17.970551099999998],[-40.8631315,-17.988316899999997],[-40.837039999999895,-17.9571875999999],[-40.808161599999906,-17.95204719999999],[-40.7950031999999,-17.981739699999906],[-40.7711998,-17.98106149999999],[-40.77176850000001,-18.00338809999991],[-40.725769,-18.001217199999907],[-40.70368339999991,-18.023726999999994],[-40.6261519,-17.991053899999905],[-40.6134484,-17.939730799999886],[-40.58716129999991,-17.939020799999998],[-40.5847118999999,-17.918166599999907],[-40.52187819999989,-17.892490099999993],[-40.4641865999999,-17.928203100000008],[-40.4538717,-17.918810599999997],[-40.34552180000001,-17.923782],[-40.2223506,-17.980417400000007],[-39.66663199999991,-18.33154239999989],[-39.7239339,-18.494545199999905],[-39.7464677999999,-18.7056934999999],[-39.74298850000001,-18.933969900000015],[-39.6899304,-19.285019399999992],[-39.692694,-19.340224099999908],[-39.73046320000001,-19.468370999999895],[-39.8108023999999,-19.649612900000008],[-39.90433110000001,-19.682879100000008],[-39.988981,-19.743716199999888],[-40.05367549999989,-19.812845400000015],[-40.0533518999999,-19.8499386999999],[-40.08298380000001,-19.875964299999982],[-40.09944829999991,-19.918664499999984],[-40.15304509999991,-19.9499125],[-40.1324294,-19.966602399999896],[-40.13585499999991,-19.967899699999997],[-40.1482022,-19.9910454],[-40.1483099,-20.00589869999991],[-40.1583457,-20.016549800000004],[-40.15891450000001,-20.035882199999882],[-40.19191140000001,-20.054344899999908],[-40.1738309,-20.074904399999987],[-40.171963499999904,-20.107236399999994],[-40.1920117,-20.199519599999988],[-40.23091670000001,-20.266719999999996],[-40.23005309999999,-20.295127599999905],[-40.24050340000001,-20.300983499999997],[-40.2312641,-20.291355999999997],[-40.2475563,-20.293507799999897],[-40.2584727999999,-20.265839699999994],[-40.289123499999995,-20.283779900000006],[-40.2906015,-20.301504199999997],[-40.27624089999989,-20.300400299999993],[-40.289816599999895,-20.302865799999907],[-40.29003959999989,-20.307637800000002],[-40.2680776,-20.329311599999993],[-40.2803832,-20.3359649],[-40.312790699999894,-20.389441500000007],[-40.3588535,-20.519288199999895],[-40.39358129999991,-20.560092900000008],[-40.42308860000001,-20.636000599999896],[-40.42886429999991,-20.63551169999989],[-40.4341855,-20.64195360000001],[-40.4344093,-20.63634819999989],[-40.43774630000001,-20.634208199999886],[-40.4500782,-20.6378521],[-40.4487793,-20.62606759999989],[-40.46433569999991,-20.623939999999905],[-40.4726497,-20.650790800000006],[-40.46630979999999,-20.657492799999915],[-40.48115979999991,-20.652413299999992],[-40.49717689999991,-20.66261289999989],[-40.4912922,-20.669002900000006],[-40.5118873,-20.6937141999999],[-40.520140899999895,-20.72974899999999],[-40.5226656,-20.7304710999999],[-40.524880700000004,-20.7285904999999],[-40.5272798999999,-20.729220499999897],[-40.53729270000001,-20.745281400000007],[-40.5415652999999,-20.738260399999902],[-40.55672029999991,-20.746471499999906],[-40.57606259999991,-20.7741894],[-40.569466000000006,-20.788060899999905],[-40.5864576,-20.8066029999999],[-40.6078171,-20.805992299999996],[-40.627884400000006,-20.840982300000004],[-40.6291267,-20.8186800999999],[-40.6533185,-20.805872699999995],[-40.7542761999999,-20.85827590000001],[-40.8027883,-20.939970399999893],[-40.8110689,-20.986236200000004],[-40.79940020000001,-21.003299700000007],[-40.8297975999999,-21.04759710000001],[-40.85842350000001,-21.127630199999885],[-40.933329899999904,-21.201153400000003]]],[[[-40.54141859999991,-20.74259509999999],[-40.5427693,-20.743406799999896],[-40.541292600000006,-20.742086299999997],[-40.54141859999991,-20.74259509999999]]],[[[-40.5280236,-20.7372144999999],[-40.5285031999999,-20.73694629999989],[-40.5276823999999,-20.736599499999993],[-40.5280236,-20.7372144999999]]],[[[-40.52676589999991,-20.73202549999999],[-40.5258463,-20.7318768],[-40.5267784,-20.7321727],[-40.52676589999991,-20.73202549999999]]],[[[-40.5231565,-20.730554299999888],[-40.52374100000001,-20.730579799999905],[-40.5236520999999,-20.730365199999895],[-40.5231565,-20.730554299999888]]],[[[-40.5240969,-20.730377899999997],[-40.5242749999999,-20.729629700000004],[-40.524070900000005,-20.729416699999895],[-40.5240969,-20.730377899999997]]],[[[-40.50939999999999,-20.714627000000007],[-40.5091925999999,-20.713451699999993],[-40.5088848,-20.7145659999999],[-40.50939999999999,-20.714627000000007]]],[[[-40.508871699999894,-20.712771699999994],[-40.50958070000001,-20.7124714999999],[-40.5086788,-20.712575600000005],[-40.508871699999894,-20.712771699999994]]],[[[-40.50835029999999,-20.711616999999897],[-40.50859339999991,-20.710638399999898],[-40.5079332999999,-20.710622400000005],[-40.50835029999999,-20.711616999999897]]],[[[-40.51218429999991,-20.70388],[-40.5119354999999,-20.70396570000001],[-40.5121563,-20.704129799999993],[-40.51218429999991,-20.70388]]],[[[-40.5016838,-20.68314119999999],[-40.50061759999989,-20.68316340000001],[-40.5021222999999,-20.684004800000007],[-40.5016838,-20.68314119999999]]],[[[-40.471962,-20.66279200000001],[-40.4664627,-20.661703099999993],[-40.47154890000001,-20.663375699999996],[-40.471962,-20.66279200000001]]],[[[-40.4939909,-20.6618470999999],[-40.4943579,-20.661669299999993],[-40.49415379999991,-20.66155019999999],[-40.4939909,-20.6618470999999]]],[[[-40.4722702999999,-20.6611088],[-40.4724507,-20.6614193999999],[-40.47255160000001,-20.6612033],[-40.4722702999999,-20.6611088]]],[[[-40.407242399999994,-20.699575399999997],[-40.4058008,-20.700682700000005],[-40.40734170000001,-20.701030299999996],[-40.407242399999994,-20.699575399999997]]],[[[-40.364971899999894,-20.677124400000004],[-40.3654519,-20.678696299999995],[-40.3660583,-20.678649099999987],[-40.364971899999894,-20.677124400000004]]],[[[-40.3674351999999,-20.676888099999903],[-40.3684458,-20.6761789999999],[-40.3675236999999,-20.675836199999896],[-40.3674351999999,-20.676888099999903]]],[[[-40.4629628,-20.644542099999992],[-40.4635215,-20.64442300000001],[-40.46292729999989,-20.644290899999906],[-40.4629628,-20.644542099999992]]],[[[-40.46414219999999,-20.6439308],[-40.4643768,-20.6439435],[-40.46422069999989,-20.643809000000008],[-40.46414219999999,-20.6439308]]],[[[-40.4611896,-20.64394669999999],[-40.4615244999999,-20.6438292],[-40.4614225,-20.643672700000003],[-40.4611896,-20.64394669999999]]],[[[-40.4305828,-20.6404350999999],[-40.4292735999999,-20.638616300000006],[-40.430012599999905,-20.640837799999897],[-40.4305828,-20.6404350999999]]],[[[-40.44602409999991,-20.63774909999999],[-40.44622770000001,-20.638803100000008],[-40.4470388999999,-20.638127300000004],[-40.44602409999991,-20.63774909999999]]],[[[-40.44359139999991,-20.638063399999997],[-40.4437930999999,-20.6378473999999],[-40.4434213,-20.637733699999995],[-40.44359139999991,-20.638063399999997]]],[[[-40.4407442999999,-20.637394699999998],[-40.43913250000001,-20.6371311999999],[-40.4411029,-20.63806189999999],[-40.4407442999999,-20.637394699999998]]],[[[-40.43707390000001,-20.635915199999907],[-40.4374116,-20.635389],[-40.43694459999989,-20.635256599999906],[-40.43707390000001,-20.635915199999907]]],[[[-40.4643791,-20.627283299999903],[-40.46457650000001,-20.6274523],[-40.46468639999989,-20.627176300000002],[-40.4643791,-20.627283299999903]]],[[[-40.395715700000004,-20.622165399999993],[-40.3964483999999,-20.621923200000005],[-40.395715700000004,-20.621872899999993],[-40.395715700000004,-20.622165399999993]]],[[[-40.3761830999999,-20.613690800000008],[-40.3781152,-20.612929399999896],[-40.3762843,-20.612545800000003],[-40.3761830999999,-20.613690800000008]]],[[[-40.3841839,-20.614780999999898],[-40.381749,-20.610910600000008],[-40.37941469999999,-20.61401989999999],[-40.3841839,-20.614780999999898]]],[[[-40.3761853,-20.610647500000002],[-40.37390800000001,-20.608378599999995],[-40.3728275,-20.613183599999992],[-40.3761853,-20.610647500000002]]],[[[-40.3880156,-20.609955899999896],[-40.3881790999999,-20.610972699999902],[-40.3888487999999,-20.610720299999993],[-40.3880156,-20.609955899999896]]],[[[-40.39088300000001,-20.596839499999902],[-40.3922507,-20.598600599999912],[-40.3926248999999,-20.597188199999895],[-40.39088300000001,-20.596839499999902]]],[[[-40.3571089,-20.524324500000006],[-40.358313699999904,-20.52535189999999],[-40.3590869999999,-20.524711899999904],[-40.3571089,-20.524324500000006]]],[[[-40.3119301,-20.420849899999993],[-40.3102883,-20.421027599999892],[-40.3121373,-20.421698699999993],[-40.3119301,-20.420849899999993]]],[[[-40.3001667,-20.382227899999993],[-40.30067600000001,-20.382247400000004],[-40.3002187,-20.382013599999915],[-40.3001667,-20.382227899999993]]],[[[-40.2965445999999,-20.380004499999906],[-40.2968021,-20.382468599999996],[-40.29772599999999,-20.382021399999896],[-40.2965445999999,-20.380004499999906]]],[[[-40.28647060000001,-20.371755199999896],[-40.286233900000006,-20.3715845],[-40.2862521,-20.371721099999895],[-40.28647060000001,-20.371755199999896]]],[[[-40.2810560999999,-20.3605251999999],[-40.28060870000001,-20.36131729999989],[-40.2815529,-20.36140269999991],[-40.2810560999999,-20.3605251999999]]],[[[-40.280663800000006,-20.3552768],[-40.280886100000004,-20.354130499999897],[-40.279869000000005,-20.354680399999904],[-40.280663800000006,-20.3552768]]],[[[-40.2870966999999,-20.3047127999999],[-40.2870897999999,-20.305246000000007],[-40.2872363,-20.3046598],[-40.2870966999999,-20.3047127999999]]],[[[-40.2839872,-20.292636699999903],[-40.283113899999904,-20.2933025],[-40.2836248999999,-20.293521300000002],[-40.2839872,-20.292636699999903]]],[[[-40.281685,-20.29241100000001],[-40.281998900000005,-20.292147199999903],[-40.2817006999999,-20.291984199999902],[-40.281685,-20.29241100000001]]],[[[-40.285323600000005,-20.284074699999998],[-40.2858153,-20.28456840000001],[-40.2858127,-20.28399990000001],[-40.285323600000005,-20.284074699999998]]],[[[-29.3415464999999,-20.492239499999997],[-29.309051300000004,-20.50757829999999],[-29.29958379999991,-20.5266559999999],[-29.331768899999904,-20.525535600000012],[-29.3415464999999,-20.492239499999997]]],[[[-28.848251099999995,-20.495894499999984],[-28.850303300000007,-20.497203899999906],[-28.850510100000015,-20.496462899999997],[-28.848251099999995,-20.495894499999984]]],[[[-28.854326100000005,-20.473434600000004],[-28.847759100000005,-20.475184100000003],[-28.852257900000005,-20.479474],[-28.854326100000005,-20.473434600000004]]],[[[-28.855812399999895,-20.472447999999904],[-28.855114800000006,-20.472276499999992],[-28.855436299999997,-20.472636499999997],[-28.855812399999895,-20.472447999999904]]],[[[-28.8541961,-20.46871309999989],[-28.85642619999991,-20.469355399999895],[-28.8556776999999,-20.468079899999992],[-28.8541961,-20.46871309999989]]],[[[-40.2787046,-20.365387999999903],[-40.27799459999991,-20.363939099999996],[-40.27827940000001,-20.36558969999991],[-40.2787046,-20.365387999999903]]],[[[-40.279201099999995,-20.364756899999996],[-40.27994399999991,-20.364733199999886],[-40.27942849999991,-20.36422599999999],[-40.279201099999995,-20.364756899999996]]],[[[-40.27749800000001,-20.363867899999907],[-40.2773994,-20.36450419999989],[-40.2776731,-20.3644836999999],[-40.27749800000001,-20.363867899999907]]],[[[-40.2793773999999,-20.36230069999991],[-40.2805784,-20.36373219999999],[-40.28124050000001,-20.36292169999999],[-40.2793773999999,-20.36230069999991]]],[[[-40.2765239,-20.361588200000003],[-40.2764142999999,-20.362450199999994],[-40.2771258,-20.3625221],[-40.2765239,-20.361588200000003]]],[[[-40.2797886,-20.3604007],[-40.2794903,-20.3610765999999],[-40.2797803,-20.361060999999896],[-40.2797886,-20.3604007]]],[[[-40.2756894,-20.353320799999896],[-40.2748629,-20.353373200000007],[-40.2749889,-20.353911799999903],[-40.2756894,-20.353320799999896]]],[[[-40.2530412999999,-20.3525857999999],[-40.252602,-20.3533305],[-40.252866499999996,-20.353446599999895],[-40.2530412999999,-20.3525857999999]]],[[[-40.24957280000001,-20.3519515999999],[-40.249895099999904,-20.352575799999983],[-40.24985229999991,-20.351924399999987],[-40.24957280000001,-20.3519515999999]]],[[[-40.2509797,-20.351895000000006],[-40.2502481,-20.351720900000004],[-40.2504436999999,-20.352386399999904],[-40.2509797,-20.351895000000006]]],[[[-40.27604,-20.3511361],[-40.2763482999999,-20.350715900000008],[-40.2756338999999,-20.3506369999999],[-40.27604,-20.3511361]]],[[[-40.2720548,-20.335621899999996],[-40.27222269999991,-20.33619059999999],[-40.2723192,-20.335443499999894],[-40.2720548,-20.335621899999996]]],[[[-40.2706800999999,-20.335433300000002],[-40.2715388999999,-20.33576829999989],[-40.2715886999999,-20.334340999999885],[-40.2706800999999,-20.335433300000002]]],[[[-40.27519979999991,-20.333619600000006],[-40.27504220000001,-20.33352409999999],[-40.2750794999999,-20.333775999999897],[-40.27519979999991,-20.333619600000006]]],[[[-40.27050930000001,-20.332030200000002],[-40.2711121,-20.3333284999999],[-40.2710129,-20.3318009999999],[-40.27050930000001,-20.332030200000002]]],[[[-40.268564599999905,-20.331257499999897],[-40.26816409999999,-20.3322984],[-40.2688183999999,-20.33185800000001],[-40.268564599999905,-20.331257499999897]]],[[[-40.2660036,-20.323974099999894],[-40.26560010000001,-20.323885399999888],[-40.2658613,-20.3241077],[-40.2660036,-20.323974099999894]]],[[[-40.27251110000001,-20.320585599999994],[-40.27013709999991,-20.3211363999999],[-40.270271400000006,-20.322277699999997],[-40.27251110000001,-20.320585599999994]]],[[[-40.2681919999999,-20.3206739],[-40.268683499999995,-20.32159779999989],[-40.2690918,-20.320468300000005],[-40.2681919999999,-20.3206739]]],[[[-40.2770778,-20.308414699999993],[-40.27553829999991,-20.3072015],[-40.2755923999999,-20.309472],[-40.2770778,-20.308414699999993]]],[[[-40.275123699999895,-20.306934800000004],[-40.27363630000001,-20.308538099999996],[-40.2739667,-20.308691499999984],[-40.275123699999895,-20.306934800000004]]],[[[-40.27530380000001,-20.297963299999903],[-40.2759584,-20.298559800000007],[-40.2758827,-20.29757990000001],[-40.27530380000001,-20.297963299999903]]],[[[-40.1338082999999,-19.9680365999999],[-40.1337588,-19.9690631999999],[-40.1342804,-19.96913329999999],[-40.1338082999999,-19.9680365999999]]]]}},{"type":"Feature","properties":{"SIGLA_UF":"RJ","NM_UF":"Rio de Janeiro","NM_REGIAO":"Sudeste"},"geometry":{"type":"MultiPolygon","coordinates":[[[[-44.7190692,-23.3593521999999],[-44.7208924999999,-23.358540799999997],[-44.71830920000001,-23.3570594999999],[-44.7190692,-23.3593521999999]]],[[[-44.6705061,-23.355006600000003],[-44.6728611999999,-23.355551200000004],[-44.6712176,-23.3545937],[-44.6705061,-23.355006600000003]]],[[[-44.6657800999999,-23.350687599999997],[-44.6655484999999,-23.351309300000008],[-44.66594819999991,-23.351531699999992],[-44.6657800999999,-23.350687599999997]]],[[[-44.570124699999994,-23.352721599999906],[-44.5695602,-23.3482529999999],[-44.56653610000001,-23.34789929999989],[-44.570124699999994,-23.352721599999906]]],[[[-44.66479069999999,-23.350110799999996],[-44.6651064,-23.350059499999908],[-44.6648233999999,-23.349950400000004],[-44.66479069999999,-23.350110799999996]]],[[[-44.680567499999896,-23.3427904],[-44.6795595999999,-23.3419005],[-44.6793871,-23.3423347],[-44.680567499999896,-23.3427904]]],[[[-44.6806874,-23.3414973],[-44.6814376,-23.341583000000004],[-44.6808253,-23.3412483],[-44.6806874,-23.3414973]]],[[[-44.636115,-23.280210999999998],[-44.63665539999991,-23.279667999999997],[-44.6359644999999,-23.27972310000001],[-44.636115,-23.280210999999998]]],[[[-44.6297178999999,-23.2730989999999],[-44.631907,-23.27313519999999],[-44.6314606,-23.272492300000003],[-44.6297178999999,-23.2730989999999]]],[[[-44.5681736,-23.26428639999989],[-44.5708703999999,-23.26730409999991],[-44.5717844,-23.267512399999898],[-44.5681736,-23.26428639999989]]],[[[-44.6711617,-23.238876999999903],[-44.66986270000001,-23.2404266999999],[-44.671728200000004,-23.239695099999896],[-44.6711617,-23.238876999999903]]],[[[-44.650859200000006,-23.231521600000008],[-44.63723670000001,-23.22397989999999],[-44.6338767,-23.22559919999999],[-44.650859200000006,-23.231521600000008]]],[[[-44.5569707999999,-23.22105229999991],[-44.5560614,-23.223155099999904],[-44.5571684,-23.223613299999997],[-44.5569707999999,-23.22105229999991]]],[[[-44.689637999999896,-23.214877299999998],[-44.6925869,-23.21794239999999],[-44.693235,-23.215525999999997],[-44.689637999999896,-23.214877299999998]]],[[[-44.6153717,-23.219275999999994],[-44.594552300000004,-23.2019422],[-44.5845922999999,-23.20367379999991],[-44.6025622,-23.222378499999884],[-44.6153717,-23.219275999999994]]],[[[-44.583338599999905,-23.2100356999999],[-44.5845788999999,-23.211784299999998],[-44.5852116,-23.2105649],[-44.583338599999905,-23.2100356999999]]],[[[-44.6890648,-23.209627299999994],[-44.689800399999996,-23.2092676999999],[-44.6890357999999,-23.2092206999999],[-44.6890648,-23.209627299999994]]],[[[-44.6889411,-23.2079461],[-44.6893449,-23.207598699999895],[-44.68887719999999,-23.207609499999897],[-44.6889411,-23.2079461]]],[[[-44.7071529,-23.20636599999991],[-44.706997699999896,-23.205866399999906],[-44.70677080000001,-23.2054312999999],[-44.7071529,-23.20636599999991]]],[[[-44.6816929,-23.20539869999991],[-44.6830093,-23.20575209999991],[-44.6815343,-23.204996099999985],[-44.6816929,-23.20539869999991]]],[[[-44.708812899999906,-23.205120399999895],[-44.7104593,-23.2044615],[-44.7086608,-23.204371900000005],[-44.708812899999906,-23.205120399999895]]],[[[-44.671835900000005,-23.200097699999986],[-44.6732157,-23.201020199999995],[-44.6724171,-23.199854699999893],[-44.671835900000005,-23.200097699999986]]],[[[-44.5844046999999,-23.199902899999888],[-44.579509699999996,-23.203069200000005],[-44.5839774,-23.202336599999995],[-44.5844046999999,-23.199902899999888]]],[[[-44.57261460000001,-23.1953933],[-44.5733781,-23.196557299999895],[-44.5744872999999,-23.1958956999999],[-44.57261460000001,-23.1953933]]],[[[-44.60777790000001,-23.194393799999904],[-44.60735959999991,-23.196152099999896],[-44.6086351,-23.1957899999999],[-44.60777790000001,-23.194393799999904]]],[[[-44.62572679999991,-23.1951797999999],[-44.625267,-23.19419329999991],[-44.6247064,-23.194254299999994],[-44.62572679999991,-23.1951797999999]]],[[[-44.63623280000001,-23.192682400000002],[-44.6354214999999,-23.194240500000003],[-44.63668,-23.1945373],[-44.63623280000001,-23.192682400000002]]],[[[-44.6242042,-23.192411600000007],[-44.6228892,-23.1896958],[-44.62077070000001,-23.189681999999905],[-44.6242042,-23.192411600000007]]],[[[-44.57667910000001,-23.184265200000002],[-44.572648899999905,-23.187972799999997],[-44.57739839999991,-23.189432899999897],[-44.57667910000001,-23.184265200000002]]],[[[-44.6597996,-23.1856943],[-44.6560600999999,-23.183639500000005],[-44.6575111,-23.1882469999999],[-44.6597996,-23.1856943]]],[[[-44.685052599999906,-23.182312799999984],[-44.6857846,-23.181096500000006],[-44.68514540000001,-23.181438199999896],[-44.685052599999906,-23.182312799999984]]],[[[-44.6788445999999,-23.180887599999913],[-44.6784567999999,-23.180883499999908],[-44.6788513,-23.18098950000001],[-44.6788445999999,-23.180887599999913]]],[[[-44.6837667999999,-23.176986299999992],[-44.68170620000001,-23.178485399999893],[-44.684387199999904,-23.1786516999999],[-44.6837667999999,-23.176986299999992]]],[[[-44.6344569999999,-23.176462600000004],[-44.63508039999991,-23.17656419999999],[-44.6347489999999,-23.176049099999897],[-44.6344569999999,-23.176462600000004]]],[[[-44.6796340999999,-23.174937800000006],[-44.679314700000006,-23.175167299999906],[-44.6800618999999,-23.175546199999896],[-44.6796340999999,-23.174937800000006]]],[[[-44.6344012,-23.174017200000005],[-44.63453220000001,-23.175438699999997],[-44.63520329999991,-23.1745147],[-44.6344012,-23.174017200000005]]],[[[-44.6801038999999,-23.174076799999995],[-44.6794611,-23.172934999999896],[-44.679470900000005,-23.174055600000003],[-44.6801038999999,-23.174076799999995]]],[[[-44.6785955,-23.172371300000002],[-44.6744785999999,-23.169455700000015],[-44.67415410000001,-23.17009249999999],[-44.6785955,-23.172371300000002]]],[[[-44.6616154,-23.159084199999906],[-44.6644605,-23.163443700000002],[-44.6661854,-23.1606125],[-44.6616154,-23.159084199999906]]],[[[-44.69544909999999,-23.160853599999896],[-44.6811259999999,-23.157107400000005],[-44.691695700000004,-23.1696889],[-44.69544909999999,-23.160853599999896]]],[[[-44.67477649999999,-23.131718700000008],[-44.6753535999999,-23.133104699999897],[-44.6765515,-23.132957299999894],[-44.67477649999999,-23.131718700000008]]],[[[-44.667178500000006,-23.132104700000006],[-44.6671014,-23.1318558],[-44.667075600000004,-23.13187559999991],[-44.667178500000006,-23.132104700000006]]],[[[-44.6862083999999,-23.128932199999998],[-44.6852911999999,-23.130561499999903],[-44.687363699999906,-23.130553999999986],[-44.6862083999999,-23.128932199999998]]],[[[-44.6778702999999,-23.124665200000006],[-44.6785548,-23.126901099999902],[-44.6795746,-23.126448999999994],[-44.6778702999999,-23.124665200000006]]],[[[-44.6663164,-23.1210002999999],[-44.6677022,-23.123138599999894],[-44.6682532999999,-23.123053899999896],[-44.6663164,-23.1210002999999]]],[[[-44.67710029999989,-23.110898399999893],[-44.67598220000001,-23.114401700000002],[-44.6782036,-23.11423079999999],[-44.67710029999989,-23.110898399999893]]],[[[-44.6803262999999,-23.10831959999999],[-44.679163800000005,-23.109749099999902],[-44.6808065,-23.109361399999994],[-44.6803262999999,-23.10831959999999]]],[[[-44.6856210999999,-23.10631399999991],[-44.6887215,-23.109661199999888],[-44.68901249999989,-23.109799899999896],[-44.6856210999999,-23.10631399999991]]],[[[-44.6703762,-23.098134499999997],[-44.6739145999999,-23.098273299999995],[-44.6691193999999,-23.09687259999999],[-44.6703762,-23.098134499999997]]],[[[-44.6759694,-23.0955837999999],[-44.67655319999991,-23.095971500000005],[-44.6767538999999,-23.095960099999996],[-44.6759694,-23.0955837999999]]],[[[-44.657911600000006,-23.093156399999913],[-44.65842369999999,-23.092912199999894],[-44.65803590000001,-23.092720700000005],[-44.657911600000006,-23.093156399999913]]],[[[-44.684148199999996,-23.088509100000017],[-44.68413780000001,-23.0869893999999],[-44.6825168999999,-23.086851399999908],[-44.684148199999996,-23.088509100000017]]],[[[-44.5949242,-23.08650379999989],[-44.5928233,-23.086004100000007],[-44.59580049999991,-23.088743999999995],[-44.5949242,-23.08650379999989]]],[[[-44.55712160000001,-23.076391100000002],[-44.5563713999999,-23.076581399999988],[-44.5569149999999,-23.07699939999999],[-44.55712160000001,-23.076391100000002]]],[[[-44.6458587,-23.072162999999904],[-44.6351945,-23.067651599999998],[-44.6444622,-23.075046399999998],[-44.6458587,-23.072162999999904]]],[[[-44.5898387999999,-23.070063499999893],[-44.5898089,-23.070319199999997],[-44.5903266999999,-23.070652499999888],[-44.5898387999999,-23.070063499999893]]],[[[-44.6330422999999,-23.069378399999895],[-44.6294632999999,-23.07082730000001],[-44.631634,-23.07199009999991],[-44.6330422999999,-23.069378399999895]]],[[[-44.6026199,-23.066555299999894],[-44.6024619,-23.068887399999902],[-44.6045634,-23.0678877999999],[-44.6026199,-23.066555299999894]]],[[[-44.563434,-23.0678958],[-44.5643337,-23.067246000000008],[-44.5635927,-23.067259999999997],[-44.563434,-23.0678958]]],[[[-44.6367552999999,-23.067011899999997],[-44.6382622,-23.066521499999993],[-44.6374306,-23.066212800000013],[-44.6367552999999,-23.067011899999997]]],[[[-44.59602,-23.065322599999902],[-44.59642699999989,-23.067124799999906],[-44.597111999999996,-23.066529999999904],[-44.59602,-23.065322599999902]]],[[[-44.6170476999999,-23.0623545],[-44.61620809999991,-23.061436500000006],[-44.6162615,-23.061912999999898],[-44.6170476999999,-23.0623545]]],[[[-44.6280030999999,-23.060396399999902],[-44.6279522999999,-23.062861400000006],[-44.629378800000005,-23.061827999999892],[-44.6280030999999,-23.060396399999902]]],[[[-44.564506799999904,-23.06447699999999],[-44.55183590000001,-23.0567050999999],[-44.5638977999999,-23.06682919999999],[-44.564506799999904,-23.06447699999999]]],[[[-44.6087944,-23.0609408999999],[-44.6004085,-23.0560219],[-44.608714000000006,-23.064154200000004],[-44.6087944,-23.0609408999999]]],[[[-44.66027549999999,-23.05938350000001],[-44.66003399999989,-23.05846890000001],[-44.6596152,-23.059417999999905],[-44.66027549999999,-23.05938350000001]]],[[[-44.6240617,-23.057862199999903],[-44.6188276,-23.058251699999992],[-44.6232778,-23.060168799999897],[-44.6240617,-23.057862199999903]]],[[[-44.6095404,-23.05388569999999],[-44.6092647999999,-23.054729799999993],[-44.6101078999999,-23.055144299999906],[-44.6095404,-23.05388569999999]]],[[[-44.5611805999999,-23.051330699999887],[-44.5602206999999,-23.053107500000003],[-44.56320650000001,-23.0528773999999],[-44.5611805999999,-23.051330699999887]]],[[[-44.5461400999999,-23.04855999999999],[-44.5455062999999,-23.049650700000008],[-44.5459731,-23.0498913],[-44.5461400999999,-23.04855999999999]]],[[[-44.4916918,-23.052512099999902],[-44.4930927999999,-23.047012099999996],[-44.4845159,-23.04048259999999],[-44.48132929999999,-23.040685799999903],[-44.4916918,-23.052512099999902]]],[[[-44.5436457,-23.04614969999991],[-44.54377529999991,-23.0454703],[-44.5432496999999,-23.045284499999998],[-44.5436457,-23.04614969999991]]],[[[-44.4926154999999,-23.043594099999996],[-44.4925185,-23.04419839999999],[-44.49334780000001,-23.044343700000002],[-44.4926154999999,-23.043594099999996]]],[[[-44.51990909999991,-23.0366367],[-44.515452,-23.036063699999897],[-44.520584099999994,-23.03863649999991],[-44.51990909999991,-23.0366367]]],[[[-44.35927869999989,-23.2126034],[-44.3593941,-23.215003099999908],[-44.3608584999999,-23.2145406],[-44.35927869999989,-23.2126034]]],[[[-44.3989162999999,-23.098549100000007],[-44.39937989999999,-23.099749000000006],[-44.3999808,-23.099801699999894],[-44.3989162999999,-23.098549100000007]]],[[[-44.3962577999999,-23.071199599999904],[-44.3920524,-23.067923999999888],[-44.3945929,-23.07250919999999],[-44.3962577999999,-23.071199599999904]]],[[[-44.41040819999991,-23.061694599999992],[-44.4101740999999,-23.063686999999994],[-44.41191459999991,-23.063906199999995],[-44.41040819999991,-23.061694599999992]]],[[[-44.407217300000006,-23.060872699999898],[-44.4073632,-23.059858599999902],[-44.4066491,-23.05974359999989],[-44.407217300000006,-23.060872699999898]]],[[[-44.406173800000005,-23.0589972],[-44.40572710000001,-23.05948570000001],[-44.40614339999999,-23.05963899999991],[-44.406173800000005,-23.0589972]]],[[[-44.4177933,-23.0577287999999],[-44.4124648,-23.059315500000004],[-44.419859499999994,-23.059363399999917],[-44.4177933,-23.0577287999999]]],[[[-44.37627069999999,-23.058018600000004],[-44.3766474,-23.05862279999999],[-44.3766841999999,-23.057872799999892],[-44.37627069999999,-23.058018600000004]]],[[[-44.3774850999999,-23.057533400000008],[-44.377313,-23.056892800000007],[-44.3770494999999,-23.056946299999904],[-44.3774850999999,-23.057533400000008]]],[[[-44.40434320000001,-23.05492730000001],[-44.4013978,-23.057221899999902],[-44.4039966,-23.058140000000005],[-44.40434320000001,-23.05492730000001]]],[[[-44.377047899999994,-23.056420600000003],[-44.3765094999999,-23.055738499999993],[-44.3763516,-23.0560267],[-44.377047899999994,-23.056420600000003]]],[[[-44.4122369999999,-23.055558499999997],[-44.41235569999999,-23.055970300000006],[-44.4126783999999,-23.055779299999998],[-44.4122369999999,-23.055558499999997]]],[[[-44.4212636,-23.053596500000005],[-44.4205967999999,-23.0536003999999],[-44.42123059999991,-23.053749999999987],[-44.4212636,-23.053596500000005]]],[[[-44.3853887,-23.0382574],[-44.347169900000004,-23.038866599999885],[-44.3456846999999,-23.068795199999997],[-44.3624920999999,-23.071649299999912],[-44.3594151,-23.049669699999995],[-44.3853887,-23.0382574]]],[[[-44.39929260000001,-23.046331999999893],[-44.399773700000004,-23.046458599999898],[-44.39942669999989,-23.046068999999903],[-44.39929260000001,-23.046331999999893]]],[[[-44.399698199999904,-23.045353899999988],[-44.3993573,-23.045534500000006],[-44.399666700000004,-23.0456265],[-44.399698199999904,-23.045353899999988]]],[[[-44.39509409999991,-23.03920739999999],[-44.39141319999991,-23.041668600000005],[-44.39555269999989,-23.042291],[-44.39509409999991,-23.03920739999999]]],[[[-44.3403228,-23.037744699999998],[-44.3433848,-23.0383280999999],[-44.3404219,-23.037491399999986],[-44.3403228,-23.037744699999998]]],[[[-44.39791650000001,-23.037172699999903],[-44.397752000000004,-23.0372166999999],[-44.3979353999999,-23.03726299999989],[-44.39791650000001,-23.037172699999903]]],[[[-44.40027939999991,-23.034915899999902],[-44.3986408,-23.036778299999998],[-44.4005862,-23.036725900000008],[-44.40027939999991,-23.034915899999902]]],[[[-44.4121732,-23.033371200000005],[-44.4120152,-23.035302999999907],[-44.4131793999999,-23.034314599999995],[-44.4121732,-23.033371200000005]]],[[[-44.3838674,-23.034055899999913],[-44.383593100000006,-23.033955799999887],[-44.38369089999999,-23.034142399999997],[-44.3838674,-23.034055899999913]]],[[[-44.4500629,-23.034170300000007],[-44.44520299999991,-23.0282829999999],[-44.44777279999991,-23.034328199999898],[-44.4500629,-23.034170300000007]]],[[[-44.48294609999991,-23.0319489],[-44.4817004,-23.03005069999989],[-44.480271300000005,-23.030035399999996],[-44.48294609999991,-23.0319489]]],[[[-44.4050171,-23.03175999999999],[-44.39927440000001,-23.026388999999888],[-44.4045098,-23.032974299999996],[-44.4050171,-23.03175999999999]]],[[[-44.436249599999904,-23.024844999999996],[-44.43686679999999,-23.0261808999999],[-44.4367037,-23.024841299999895],[-44.436249599999904,-23.024844999999996]]],[[[-44.4260968999999,-23.014557699999994],[-44.426027,-23.015395599999998],[-44.42647049999991,-23.0148179999999],[-44.4260968999999,-23.014557699999994]]],[[[-44.3630826999999,-23.0142106],[-44.363464300000004,-23.01412620000001],[-44.3634130999999,-23.013874299999905],[-44.3630826999999,-23.0142106]]],[[[-44.36883729999991,-23.012077999999995],[-44.3696945999999,-23.012039500000007],[-44.3687386999999,-23.011805299999892],[-44.36883729999991,-23.012077999999995]]],[[[-44.369845100000006,-23.010491900000005],[-44.36998750000001,-23.01035579999999],[-44.369589000000005,-23.010277399999904],[-44.369845100000006,-23.010491900000005]]],[[[-44.3631506999999,-23.00999360000001],[-44.3637947999999,-23.009684899999993],[-44.36308259999999,-23.009803599999902],[-44.3631506999999,-23.00999360000001]]],[[[-44.3831686,-23.0074038999999],[-44.384024100000005,-23.00650139999989],[-44.38262819999989,-23.006877899999903],[-44.3831686,-23.0074038999999]]],[[[-44.422129700000006,-23.003708199999892],[-44.4227733,-23.003291700000002],[-44.4224646,-23.003097099999895],[-44.422129700000006,-23.003708199999892]]],[[[-44.430730599999904,-23.002124899999988],[-44.432171,-23.00377139999989],[-44.4321873,-23.001852400000004],[-44.430730599999904,-23.002124899999988]]],[[[-44.4236375999999,-23.002194400000004],[-44.4234757999999,-23.0024041999999],[-44.4236892,-23.002382699999906],[-44.4236375999999,-23.002194400000004]]],[[[-44.3659431,-22.999956799999897],[-44.36620559999991,-22.999630099999894],[-44.3657908,-22.9994086999999],[-44.3659431,-22.999956799999897]]],[[[-44.4221502999999,-22.9953985999999],[-44.4226108,-22.994456399999894],[-44.421539799999906,-22.994452699999997],[-44.4221502999999,-22.9953985999999]]],[[[-44.40903669999991,-22.99241539999999],[-44.4069289999999,-22.9968994999999],[-44.4104518999999,-22.994290999999986],[-44.40903669999991,-22.99241539999999]]],[[[-44.400320699999995,-22.99344500000001],[-44.4003208,-22.9938918],[-44.4004214999999,-22.99351649999989],[-44.400320699999995,-22.99344500000001]]],[[[-44.3530340999999,-22.993461799999995],[-44.3520775,-22.99280779999999],[-44.3519608999999,-22.9934216999999],[-44.3530340999999,-22.993461799999995]]],[[[-44.4026047,-22.989837699999995],[-44.4011803999999,-22.99284169999989],[-44.404377000000004,-22.9914486],[-44.4026047,-22.989837699999995]]],[[[-44.345277,-22.990936099999907],[-44.34556370000001,-22.990400399999903],[-44.34492410000001,-22.990427199999903],[-44.345277,-22.990936099999907]]],[[[-44.4167601999999,-22.9865197999999],[-44.408928199999906,-22.989922000000007],[-44.4133866999999,-22.993550800000005],[-44.4167601999999,-22.9865197999999]]],[[[-44.3410342999999,-22.98656029999999],[-44.3421187,-22.98567149999999],[-44.34099020000001,-22.9852351],[-44.3410342999999,-22.98656029999999]]],[[[-44.3611223,-22.985047799999993],[-44.3614358,-22.98701849999999],[-44.3631450999999,-22.987427200000003],[-44.3611223,-22.985047799999993]]],[[[-44.411973799999906,-22.983474299999997],[-44.4134630999999,-22.984512199999998],[-44.4140824999999,-22.9840672],[-44.411973799999906,-22.983474299999997]]],[[[-44.357695500000005,-22.9859150999999],[-44.3498938,-22.981159400000006],[-44.3575036,-22.987059799999884],[-44.357695500000005,-22.9859150999999]]],[[[-44.4051147,-22.985077200000003],[-44.4021766,-22.976186599999895],[-44.39517669999999,-22.9793213],[-44.4051147,-22.985077200000003]]],[[[-44.408,-22.9779374],[-44.4073079999999,-22.978053299999903],[-44.4081075999999,-22.978468399999908],[-44.408,-22.9779374]]],[[[-44.3451461,-22.976387599999992],[-44.348232200000005,-22.978176399999903],[-44.3451522,-22.975139399999907],[-44.3451461,-22.976387599999992]]],[[[-44.37480889999989,-22.974101899999912],[-44.3758773,-22.9757351],[-44.37681249999999,-22.97596429999991],[-44.37480889999989,-22.974101899999912]]],[[[-44.3914053999999,-22.974644899999895],[-44.3915661999999,-22.9747967],[-44.3916363,-22.97467520000001],[-44.3914053999999,-22.974644899999895]]],[[[-44.4326981999999,-22.974403799999898],[-44.430565800000004,-22.9745844999999],[-44.431699,-22.975400599999897],[-44.4326981999999,-22.974403799999898]]],[[[-44.38820159999991,-22.97362320000001],[-44.3896475,-22.9716682],[-44.3872737,-22.971934799999907],[-44.38820159999991,-22.97362320000001]]],[[[-44.4240541999999,-22.96938819999999],[-44.41488229999991,-22.97044469999999],[-44.424756199999905,-22.97331149999999],[-44.4240541999999,-22.96938819999999]]],[[[-44.3686301,-22.966569400000004],[-44.3719566,-22.970543000000006],[-44.37246889999991,-22.9703637],[-44.3686301,-22.966569400000004]]],[[[-44.3638,-22.965181099999896],[-44.3639618,-22.96363150000001],[-44.3631104999999,-22.96377860000001],[-44.3638,-22.965181099999896]]],[[[-44.342108100000004,-22.962722999999997],[-44.3407283999999,-22.963309199999994],[-44.342392,-22.963858999999996],[-44.342108100000004,-22.962722999999997]]],[[[-44.40607510000001,-22.962630600000008],[-44.408321400000005,-22.9631737999999],[-44.4087254,-22.9624226999999],[-44.40607510000001,-22.962630600000008]]],[[[-44.35110220000001,-22.961775299999893],[-44.347711699999905,-22.9642251],[-44.3516612,-22.9645315],[-44.35110220000001,-22.961775299999893]]],[[[-44.34137090000001,-22.960891600000004],[-44.3442779,-22.962338199999994],[-44.3418771999999,-22.960073300000005],[-44.34137090000001,-22.960891600000004]]],[[[-44.3974403,-22.9566833],[-44.3991925999999,-22.958904099999895],[-44.398455,-22.9564882999999],[-44.3974403,-22.9566833]]],[[[-44.3522593,-22.952852899999996],[-44.351960500000004,-22.954840299999898],[-44.3533715999999,-22.955196799999992],[-44.3522593,-22.952852899999996]]],[[[-44.400200000000005,-22.951146899999998],[-44.399605,-22.9521478999999],[-44.400474700000004,-22.952453499999905],[-44.400200000000005,-22.951146899999998]]],[[[-44.3684006,-22.9470618],[-44.368677600000005,-22.94681200000001],[-44.36837760000001,-22.9468917],[-44.3684006,-22.9470618]]],[[[-44.368773099999906,-22.945531899999906],[-44.36924400000001,-22.946926000000005],[-44.369655899999906,-22.9471546999999],[-44.368773099999906,-22.945531899999906]]],[[[-44.410569300000006,-22.946190300000012],[-44.410680399999904,-22.946060699999997],[-44.4105508,-22.9460572999999],[-44.410569300000006,-22.946190300000012]]],[[[-44.4107210999999,-22.946040299999897],[-44.4108174,-22.945655100000007],[-44.4106101,-22.945736899999897],[-44.4107210999999,-22.946040299999897]]],[[[-44.4100769999999,-22.945273299999908],[-44.4098734,-22.945099500000005],[-44.409929,-22.945286899999893],[-44.4100769999999,-22.945273299999908]]],[[[-44.36948610000001,-22.944019700000002],[-44.3688145,-22.944160399999898],[-44.368958,-22.9443712999999],[-44.36948610000001,-22.944019700000002]]],[[[-44.36841409999991,-22.943690400000005],[-44.370078,-22.943257199999884],[-44.368554800000005,-22.942285599999895],[-44.36841409999991,-22.943690400000005]]],[[[-44.3685922,-22.941501000000006],[-44.369997600000005,-22.94113169999999],[-44.368929,-22.940685599999902],[-44.3685922,-22.941501000000006]]],[[[-44.3489622,-22.932510599999897],[-44.34863749999991,-22.932206900000004],[-44.3485731,-22.9322668],[-44.3489622,-22.932510599999897]]],[[[-44.34561539999999,-22.931817599999885],[-44.3475000999999,-22.931484000000005],[-44.34600340000001,-22.930399699999995],[-44.34561539999999,-22.931817599999885]]],[[[-44.1609559,-23.2222682999999],[-44.15319129999989,-23.21431189999989],[-44.1491295,-23.216949199999892],[-44.1499408,-23.22379159999999],[-44.1609559,-23.2222682999999]]],[[[-44.179731800000006,-23.183989299999993],[-44.180913700000005,-23.1833258],[-44.17912640000001,-23.183185499999993],[-44.179731800000006,-23.183989299999993]]],[[[-44.1828361,-23.18380369999989],[-44.1838921999999,-23.183553899999897],[-44.1820390999999,-23.18317579999999],[-44.1828361,-23.18380369999989]]],[[[-44.12854800000001,-23.1829476999999],[-44.139960699999996,-23.167027199999907],[-44.18472200000001,-23.179779999999898],[-44.196387899999905,-23.203734199999897],[-44.2070373,-23.192479799999894],[-44.2531974999999,-23.20551069999991],[-44.2534797,-23.189281399999995],[-44.2709406,-23.1971629],[-44.2700492,-23.18077019999991],[-44.298962,-23.177327199999997],[-44.3160518,-23.1839717999999],[-44.3333939,-23.22361699999991],[-44.348124,-23.227002599999906],[-44.34061429999999,-23.182469700000006],[-44.35737479999991,-23.1916358999999],[-44.3785637999999,-23.175045699999895],[-44.32539339999991,-23.154351699999886],[-44.32766800000001,-23.137980200000012],[-44.31103100000001,-23.137607999999897],[-44.2951998,-23.113980899999905],[-44.2972826,-23.1313919999999],[-44.2829422999999,-23.136619099999994],[-44.2754818,-23.117190600000004],[-44.24990710000001,-23.109995],[-44.25923590000001,-23.0987019],[-44.23774489999991,-23.092785799999895],[-44.235063700000005,-23.082818799999895],[-44.2407779,-23.0810116],[-44.2315654,-23.075277200000006],[-44.2335601,-23.090599600000008],[-44.1899371,-23.102716799999897],[-44.21234750000001,-23.1035123],[-44.2177445999999,-23.1092333],[-44.1704027,-23.117931399999996],[-44.1726202,-23.1286722999999],[-44.17012940000001,-23.137243499999993],[-44.1644271,-23.141905799999993],[-44.126385099999894,-23.119796199999897],[-44.140652700000004,-23.1574433],[-44.11446479999999,-23.148125700000005],[-44.0907475999999,-23.167538099999895],[-44.12854800000001,-23.1829476999999]]],[[[-44.1210450999999,-23.1474463],[-44.12048850000001,-23.147853099999985],[-44.120979599999906,-23.1481722999999],[-44.1210450999999,-23.1474463]]],[[[-44.1675064,-23.137450600000005],[-44.1674394,-23.1378427],[-44.1677526999999,-23.1377082],[-44.1675064,-23.137450600000005]]],[[[-44.1671894,-23.1350052999999],[-44.1667608,-23.136867799999898],[-44.16732719999991,-23.136800900000004],[-44.1671894,-23.1350052999999]]],[[[-44.1506659999999,-23.126292299999903],[-44.1506305999999,-23.125548599999906],[-44.14976730000001,-23.125622899999897],[-44.1506659999999,-23.126292299999903]]],[[[-44.1401433,-23.119519499999992],[-44.14087210000001,-23.119676099999904],[-44.1401731999999,-23.119147100000003],[-44.1401433,-23.119519499999992]]],[[[-44.1656441,-23.115122599999886],[-44.167358299999904,-23.1153004],[-44.164565799999906,-23.114449299999904],[-44.1656441,-23.115122599999886]]],[[[-44.1414212999999,-23.107198099999895],[-44.14161130000001,-23.10723859999999],[-44.1413922,-23.107124100000004],[-44.1414212999999,-23.107198099999895]]],[[[-44.1395077,-23.105999100000005],[-44.14044229999999,-23.106759999999994],[-44.1410418999999,-23.1066329],[-44.1395077,-23.105999100000005]]],[[[-44.1183849,-23.098991499999997],[-44.12075980000001,-23.1004981],[-44.1211236999999,-23.100597099999995],[-44.1193921,-23.09850029999999],[-44.1183849,-23.098991499999997]]],[[[-44.310130399999906,-23.0912205999999],[-44.3090515,-23.091139899999984],[-44.3097442,-23.091520199999902],[-44.310130399999906,-23.0912205999999]]],[[[-44.240018500000005,-23.086577900000005],[-44.240373500000004,-23.085425799999904],[-44.239631599999896,-23.0857589999999],[-44.240018500000005,-23.086577900000005]]],[[[-44.2155607999999,-23.085739499999896],[-44.21536170000001,-23.0864005999999],[-44.2158686,-23.0860608999999],[-44.2155607999999,-23.085739499999896]]],[[[-44.31198019999991,-23.08499829999989],[-44.3119158,-23.086815899999998],[-44.313072,-23.086322299999896],[-44.31198019999991,-23.08499829999989]]],[[[-44.331490099999904,-23.083658099999994],[-44.329660999999895,-23.087160099999892],[-44.33258610000001,-23.086409699999898],[-44.331490099999904,-23.083658099999994]]],[[[-44.24020389999999,-23.08507849999999],[-44.24044700000001,-23.085184500000008],[-44.24050390000001,-23.08514809999999],[-44.24020389999999,-23.08507849999999]]],[[[-44.2398054999999,-23.084402100000013],[-44.24095879999991,-23.08509259999989],[-44.2441072999999,-23.084146499999996],[-44.2411820999999,-23.083652399999888],[-44.2410996,-23.08381909999999],[-44.2407203999999,-23.084129699999888],[-44.2406956,-23.084273699999994],[-44.2398054999999,-23.084402100000013]]],[[[-44.240664900000006,-23.083732799999996],[-44.2410669,-23.083829099999885],[-44.2406543,-23.083617400000005],[-44.240664900000006,-23.083732799999996]]],[[[-44.2294823,-23.08375749999989],[-44.2295765,-23.082912999999998],[-44.2282463999999,-23.082851999999896],[-44.2294823,-23.08375749999989]]],[[[-44.2413074999999,-23.077514999999902],[-44.2399523,-23.077296299999905],[-44.2406554,-23.0781006999999],[-44.2413074999999,-23.077514999999902]]],[[[-44.228314,-23.077482899999904],[-44.2270501,-23.077571599999903],[-44.228257,-23.077870499999996],[-44.228314,-23.077482899999904]]],[[[-44.25190849999999,-23.071788899999913],[-44.25168709999999,-23.0697678],[-44.25058380000001,-23.0702277999999],[-44.25190849999999,-23.071788899999913]]],[[[-44.3153151,-23.064465699999996],[-44.3164523,-23.0646427999999],[-44.3158003999999,-23.063813400000004],[-44.3153151,-23.064465699999996]]],[[[-44.3383216999999,-23.061576399999996],[-44.3387546,-23.061482399999903],[-44.3383383,-23.06135589999999],[-44.3383216999999,-23.061576399999996]]],[[[-44.3139571999999,-23.057319099999997],[-44.30962959999991,-23.060716099999997],[-44.3190948,-23.06197739999991],[-44.3139571999999,-23.057319099999997]]],[[[-44.3300426,-23.056325499999996],[-44.3305068999999,-23.05536889999999],[-44.3291819999999,-23.0552956999999],[-44.3300426,-23.056325499999996]]],[[[-44.3281820999999,-23.05521780000001],[-44.3291134999999,-23.0554311999999],[-44.328217799999905,-23.0547400999999],[-44.3281820999999,-23.05521780000001]]],[[[-44.3331563,-23.055678300000007],[-44.3327229,-23.054704500000003],[-44.3324678,-23.0550600999999],[-44.3331563,-23.055678300000007]]],[[[-44.31549770000001,-23.054424299999905],[-44.3166482999999,-23.05596669999991],[-44.3178995,-23.0542414999999],[-44.31549770000001,-23.054424299999905]]],[[[-44.2690749,-23.054573900000012],[-44.26854170000001,-23.053476999999898],[-44.2682710999999,-23.054426999999993],[-44.2690749,-23.054573900000012]]],[[[-44.3337162,-23.052975099999983],[-44.334057,-23.054750399999893],[-44.3346144999999,-23.0540068],[-44.3337162,-23.052975099999983]]],[[[-44.308232,-23.050933999999902],[-44.3091231,-23.05072820000001],[-44.308690500000004,-23.050284299999905],[-44.308232,-23.050933999999902]]],[[[-44.1359555,-23.043339300000003],[-44.1394544,-23.042523099999993],[-44.1366657,-23.040446399999997],[-44.1359555,-23.043339300000003]]],[[[-44.15993339999991,-23.036755199999998],[-44.1590333999999,-23.042008399999897],[-44.16202340000001,-23.040403200000004],[-44.15993339999991,-23.036755199999998]]],[[[-44.1297807999999,-23.036012099999912],[-44.123900899999995,-23.040863899999998],[-44.1304989999999,-23.041544299999902],[-44.1297807999999,-23.036012099999912]]],[[[-44.2986652,-23.038349499999995],[-44.2983321999999,-23.038835699999904],[-44.2984552,-23.0389622],[-44.2986652,-23.038349499999995]]],[[[-44.2986445,-23.037722000000002],[-44.2983364999999,-23.0377410999999],[-44.29845720000001,-23.037970899999898],[-44.2986445,-23.037722000000002]]],[[[-44.112222,-23.037315999999997],[-44.1130451999999,-23.037018399999994],[-44.1126538,-23.0363232999999],[-44.112222,-23.037315999999997]]],[[[-44.27906899999991,-23.035334299999892],[-44.2804055,-23.034403999999906],[-44.2798422,-23.033958499999997],[-44.27906899999991,-23.035334299999892]]],[[[-44.28379210000001,-23.0343316999999],[-44.28405969999991,-23.033254900000006],[-44.2832577999999,-23.0339061999999],[-44.28379210000001,-23.0343316999999]]],[[[-44.2961883,-23.031826999999996],[-44.2971084,-23.032343500000007],[-44.296151,-23.030918100000005],[-44.2961883,-23.031826999999996]]],[[[-44.3266068999999,-23.029183900000003],[-44.326999300000004,-23.028941400000004],[-44.3265850999999,-23.028566199999908],[-44.3266068999999,-23.029183900000003]]],[[[-44.2806601,-23.027131699999895],[-44.2810352,-23.026934099999906],[-44.2808381,-23.0266918999999],[-44.2806601,-23.027131699999895]]],[[[-44.3327302,-23.025525199999908],[-44.331662699999995,-23.028236999999905],[-44.3338815,-23.026539600000003],[-44.3327302,-23.025525199999908]]],[[[-44.2859111,-23.025901799999893],[-44.28805570000001,-23.027165899999897],[-44.2877253,-23.025837599999896],[-44.2859111,-23.025901799999893]]],[[[-44.27944000000001,-23.0272709999999],[-44.2797257,-23.0265510999999],[-44.27823540000001,-23.025314999999992],[-44.27944000000001,-23.0272709999999]]],[[[-44.2856007,-23.026116499999898],[-44.2852139,-23.026403199999912],[-44.28562709999991,-23.026222299999993],[-44.2856007,-23.026116499999898]]],[[[-44.309138,-23.02563339999991],[-44.3101222999999,-23.025331499999908],[-44.310430600000004,-23.0246908999999],[-44.309138,-23.02563339999991]]],[[[-44.283926599999994,-23.025587700000003],[-44.28471819999991,-23.026390400000007],[-44.2848991,-23.024425600000004],[-44.283926599999994,-23.025587700000003]]],[[[-44.2695118999999,-23.024931199999997],[-44.2689397999999,-23.024200499999907],[-44.2693743999999,-23.025219200000002],[-44.2695118999999,-23.024931199999997]]],[[[-44.332081099999996,-23.0236052],[-44.33124420000001,-23.023179],[-44.3319165,-23.023736400000004],[-44.332081099999996,-23.0236052]]],[[[-44.3185675,-23.018898799999892],[-44.3198523,-23.019173200000008],[-44.318737600000006,-23.01843759999999],[-44.3185675,-23.018898799999892]]],[[[-44.2765481,-23.018187500000003],[-44.2770368,-23.017415099999912],[-44.276266,-23.018067099999897],[-44.2765481,-23.018187500000003]]],[[[-44.320976800000004,-23.01746899999989],[-44.3212131,-23.017135900000003],[-44.3208807999999,-23.016564899999896],[-44.320976800000004,-23.01746899999989]]],[[[-44.26804309999991,-23.01469479999999],[-44.2686009,-23.013777299999994],[-44.267250100000005,-23.013707799999995],[-44.26804309999991,-23.01469479999999]]],[[[-44.30210170000001,-23.008152999999893],[-44.30206309999989,-23.010190099999893],[-44.30251340000001,-23.010278300000007],[-44.30210170000001,-23.008152999999893]]],[[[-44.3088481,-23.00977460000001],[-44.30905919999999,-23.008035599999996],[-44.3074480999999,-23.0077486],[-44.3088481,-23.00977460000001]]],[[[-44.334964,-22.981854199999894],[-44.3359047,-22.981725400000006],[-44.335060499999905,-22.981325699999996],[-44.334964,-22.981854199999894]]],[[[-44.329361299999995,-22.979127099999996],[-44.33069549999989,-22.979589299999898],[-44.329250300000005,-22.97826359999989],[-44.329361299999995,-22.979127099999996]]],[[[-44.341942699999905,-22.9776621],[-44.3391894,-22.977751399999903],[-44.3410319,-22.979459],[-44.341942699999905,-22.9776621]]],[[[-44.32827889999991,-22.9726752999999],[-44.3280602,-22.9719911999999],[-44.32765090000001,-22.972260400000007],[-44.32827889999991,-22.9726752999999]]],[[[-44.316392099999995,-22.969289599999993],[-44.314909699999895,-22.969324300000007],[-44.3163769,-22.969545899999996],[-44.316392099999995,-22.969289599999993]]],[[[-44.3116563999999,-22.966552099999898],[-44.3124890999999,-22.967489499999886],[-44.312654300000005,-22.96655539999991],[-44.3116563999999,-22.966552099999898]]],[[[-44.31804659999991,-22.9674878],[-44.31893059999991,-22.966270399999907],[-44.31678889999991,-22.966155300000004],[-44.31804659999991,-22.9674878]]],[[[-44.32045959999991,-22.960079800000003],[-44.3221677999999,-22.961964199999993],[-44.321741099999905,-22.9602465],[-44.32045959999991,-22.960079800000003]]],[[[-44.3384619,-22.953780799999898],[-44.3342195,-22.94779519999999],[-44.3383388999999,-22.9551931999999],[-44.3384619,-22.953780799999898]]],[[[-44.33599969999991,-22.946787499999992],[-44.3364683999999,-22.94693669999999],[-44.336306299999904,-22.946595699999904],[-44.33599969999991,-22.946787499999992]]],[[[-44.3452483,-22.938913199999888],[-44.336238900000005,-22.936996699999995],[-44.34199699999991,-22.943000699999995],[-44.3452483,-22.938913199999888]]],[[[-44.33400329999991,-22.928296399999997],[-44.3335850999999,-22.928337699999904],[-44.33378450000001,-22.9287161],[-44.33400329999991,-22.928296399999997]]],[[[-44.331315699999905,-22.9283088999999],[-44.3320332,-22.928821099999908],[-44.3314846,-22.927822199999994],[-44.331315699999905,-22.9283088999999]]],[[[-44.33228410000001,-22.9284852],[-44.3331916999999,-22.9266155],[-44.331152099999905,-22.926028799999987],[-44.33228410000001,-22.9284852]]],[[[-44.09415749999991,-23.175056900000012],[-44.094421699999906,-23.1748774],[-44.0943210999999,-23.174827299999908],[-44.09415749999991,-23.175056900000012]]],[[[-44.09138389999999,-23.1728343],[-44.091678199999905,-23.174275599999902],[-44.0929264,-23.17349119999991],[-44.09138389999999,-23.1728343]]],[[[-44.108699900000005,-23.14327219999999],[-44.1078684,-23.143353799999907],[-44.1081449,-23.143725999999997],[-44.108699900000005,-23.14327219999999]]],[[[-44.1091645,-23.1386934999999],[-44.104101399999905,-23.138046099999894],[-44.1100767,-23.142429499999906],[-44.1091645,-23.1386934999999]]],[[[-44.1032185,-23.138594500000007],[-44.1033788,-23.138356600000005],[-44.102990599999906,-23.138307100000002],[-44.1032185,-23.138594500000007]]],[[[-44.0107176,-23.085338599999915],[-44.01131600000001,-23.087048000000003],[-44.0121862999999,-23.086833500000008],[-44.0107176,-23.085338599999915]]],[[[-44.1116971,-23.0387605],[-44.1122768,-23.038039500000004],[-44.1115639999999,-23.037990499999996],[-44.1116971,-23.0387605]]],[[[-44.110407699999904,-23.025479899999908],[-44.11047919999991,-23.02596739999999],[-44.1107924999999,-23.025753699999903],[-44.110407699999904,-23.025479899999908]]],[[[-44.11053330000001,-23.024840799999904],[-44.1102334999999,-23.024656799999896],[-44.1102744,-23.0248867],[-44.11053330000001,-23.024840799999904]]],[[[-43.9543083999999,-23.02268629999999],[-43.9509879,-23.025522899999892],[-43.95385309999989,-23.025762399999998],[-43.9543083999999,-23.02268629999999]]],[[[-44.10903439999999,-23.023335899999896],[-44.10873009999991,-23.023465499999904],[-44.1089390999999,-23.02352819999991],[-44.10903439999999,-23.023335899999896]]],[[[-44.1108437,-23.02364169999989],[-44.1096345,-23.02218539999999],[-44.1098805999999,-23.0238767],[-44.1108437,-23.02364169999989]]],[[[-43.94748570000001,-23.02264599999999],[-43.94410690000001,-23.023156000000004],[-43.9477262,-23.02462929999999],[-43.94748570000001,-23.02264599999999]]],[[[-43.9442642999999,-23.019398099999894],[-43.9438301,-23.0183645999999],[-43.94311689999991,-23.018573099999994],[-43.9442642999999,-23.019398099999894]]],[[[-43.94059670000001,-23.016144599999997],[-43.9399109999999,-23.016447699999997],[-43.9407494,-23.01664179999989],[-43.94059670000001,-23.016144599999997]]],[[[-43.940449300000004,-23.01543839999989],[-43.94071360000001,-23.0151351],[-43.9402633,-23.015319399999996],[-43.940449300000004,-23.01543839999989]]],[[[-43.9655827,-23.015418499999996],[-43.965417499999894,-23.015023599999896],[-43.9653504999999,-23.0151483999999],[-43.9655827,-23.015418499999996]]],[[[-43.9653375999999,-23.012988999999894],[-43.9647808,-23.013519800000005],[-43.9652934,-23.013663300000008],[-43.9653375999999,-23.012988999999894]]],[[[-43.92993569999991,-23.012769699999993],[-43.93049569999991,-23.01271679999999],[-43.9304314999999,-23.0119255999999],[-43.92993569999991,-23.012769699999993]]],[[[-44.0769708,-23.011724300000008],[-44.0769149,-23.01190430000001],[-44.077352100000006,-23.012126299999984],[-44.0769708,-23.011724300000008]]],[[[-43.92502910000001,-23.0073783],[-43.92523449999991,-23.00776119999991],[-43.9254096,-23.0076041999999],[-43.92502910000001,-23.0073783]]],[[[-43.952854699999904,-23.004612299999998],[-43.95255079999999,-23.0098978999999],[-43.955054,-23.00589509999999],[-43.952854699999904,-23.004612299999998]]],[[[-43.9482973,-23.004243799999994],[-43.9486889999999,-23.004577799999893],[-43.9483762,-23.00405019999991],[-43.9482973,-23.004243799999994]]],[[[-43.944981,-23.004478100000007],[-43.9447698,-23.00378860000001],[-43.9445714999999,-23.0040364],[-43.944981,-23.004478100000007]]],[[[-43.9462275999999,-23.004265699999994],[-43.9471619999999,-23.003769399999996],[-43.9459797,-23.003505600000004],[-43.9462275999999,-23.004265699999994]]],[[[-44.0525565,-23.003768400000006],[-44.034827099999994,-22.996258300000008],[-44.0303761,-23.00006859999999],[-44.02967979999989,-22.99602479999991],[-44.0296928999999,-23.00733799999989],[-44.038079499999995,-23.011693199999993],[-44.0525565,-23.003768400000006]]],[[[-43.943228399999995,-23.003953999999997],[-43.9434312,-23.003637899999898],[-43.943132499999905,-23.003651700000006],[-43.943228399999995,-23.003953999999997]]],[[[-43.947956500000004,-23.003387199999988],[-43.9478046999999,-23.0039346],[-43.948219499999894,-23.00353889999999],[-43.947956500000004,-23.003387199999988]]],[[[-43.9519033,-23.001108999999893],[-43.9548144,-23.0023826999999],[-43.952373300000005,-23.000754399999895],[-43.9519033,-23.001108999999893]]],[[[-43.934870100000005,-23.015280600000004],[-43.9279933,-22.989141600000004],[-43.9174957,-22.9886261],[-43.934870100000005,-23.015280600000004]]],[[[-43.9126095,-22.996172899999998],[-43.91282,-22.997030799999912],[-43.9132609,-22.996896299999896],[-43.9126095,-22.996172899999998]]],[[[-43.9162780999999,-22.99474349999999],[-43.9159562,-22.9954559],[-43.916766900000006,-22.995313199999906],[-43.9162780999999,-22.99474349999999]]],[[[-43.91199039999999,-22.991968799999906],[-43.9078003,-22.989980400000004],[-43.9130216,-22.9958369],[-43.91199039999999,-22.991968799999906]]],[[[-44.04203160000001,-22.986621100000008],[-44.0422556,-22.9905699],[-44.044906499999996,-22.988604199999905],[-44.04203160000001,-22.986621100000008]]],[[[-43.922025,-22.985454999999902],[-43.91926990000001,-22.987419799999902],[-43.9229503999999,-22.988132299999993],[-43.922025,-22.985454999999902]]],[[[-43.9226667999999,-22.98280359999999],[-43.9241036999999,-22.982796100000005],[-43.9234297,-22.98230549999989],[-43.9226667999999,-22.98280359999999]]],[[[-43.935187500000005,-22.982092099999893],[-43.9353328,-22.981107199999897],[-43.934659199999906,-22.9813141999999],[-43.935187500000005,-22.982092099999893]]],[[[-43.9147533,-22.980126500000004],[-43.9101039,-22.9834812],[-43.915094,-22.9825587],[-43.9147533,-22.980126500000004]]],[[[-43.9162623999999,-22.977880499999994],[-43.9166228,-22.9783244999999],[-43.9171547,-22.97896080000001],[-43.9162623999999,-22.977880499999994]]],[[[-44.0067887,-22.9652485],[-44.0069657,-22.965168999999896],[-44.0067337999999,-22.964954599999903],[-44.0067887,-22.9652485]]],[[[-44.00603180000001,-22.9643660999999],[-44.0063491999999,-22.964545499999897],[-44.0062482,-22.964306299999997],[-44.00603180000001,-22.9643660999999]]],[[[-44.0006577999999,-22.961871199999994],[-43.999734100000005,-22.962325599999904],[-44.001402000000006,-22.963108299999902],[-44.0006577999999,-22.961871199999994]]],[[[-43.91097139999991,-22.961319499999902],[-43.9122518999999,-22.961053799999906],[-43.911106800000006,-22.96025039999991],[-43.91097139999991,-22.961319499999902]]],[[[-43.950416699999906,-22.959396099999903],[-43.94700599999991,-22.9610944],[-43.9519342,-22.960083799999893],[-43.950416699999906,-22.959396099999903]]],[[[-43.998406200000005,-22.960165699999905],[-43.99807870000001,-22.960031600000015],[-43.9980702,-22.960361599999896],[-43.998406200000005,-22.960165699999905]]],[[[-43.876218599999994,-22.9590929],[-43.8760047,-22.9592355],[-43.8763514,-22.959242299999993],[-43.876218599999994,-22.9590929]]],[[[-43.8728786999999,-22.958464200000005],[-43.8737725999999,-22.958108299999903],[-43.8722630999999,-22.957684300000004],[-43.8728786999999,-22.958464200000005]]],[[[-43.864793000000006,-22.955511799999993],[-43.86395999999999,-22.955714600000004],[-43.86488250000001,-22.955536099999986],[-43.864793000000006,-22.955511799999993]]],[[[-43.8635015999999,-22.9555003999999],[-43.85577760000001,-22.950452699999992],[-43.8578836,-22.95508819999999],[-43.8635015999999,-22.9555003999999]]],[[[-43.9289563999999,-22.9481934999999],[-43.927301999999905,-22.9478359],[-43.92901030000001,-22.9488858999999],[-43.9289563999999,-22.9481934999999]]],[[[-44.0093492999999,-22.947321399999996],[-44.0078865999999,-22.947272299999995],[-44.008662,-22.9481436],[-44.0093492999999,-22.947321399999996]]],[[[-43.8570932,-22.9452666999999],[-43.85851469999991,-22.946193799999897],[-43.85901140000001,-22.946222399999986],[-43.8570932,-22.9452666999999]]],[[[-43.86595009999999,-22.94444319999999],[-43.8650321,-22.945926299999904],[-43.86655050000001,-22.9456205],[-43.86595009999999,-22.94444319999999]]],[[[-43.92297430000001,-22.945497799999895],[-43.923049999999904,-22.944253400000004],[-43.9221780999999,-22.944317399999903],[-43.92297430000001,-22.945497799999895]]],[[[-43.9664491999999,-22.945117899999996],[-43.9672965,-22.943410899999897],[-43.9656469999999,-22.943423699999993],[-43.9664491999999,-22.945117899999996]]],[[[-43.96174519999991,-22.94431469999989],[-43.9636919,-22.943766],[-43.96126400000001,-22.943248599999897],[-43.96174519999991,-22.94431469999989]]],[[[-43.9209992999999,-22.942027899999996],[-43.9158664,-22.9424296],[-43.9206720999999,-22.9448604999999],[-43.9209992999999,-22.942027899999996]]],[[[-43.9075764,-22.952678999999915],[-43.9123241999999,-22.9351149999999],[-43.868783,-22.924744199999992],[-43.8730954,-22.948027500000002],[-43.9075764,-22.952678999999915]]],[[[-43.8548835,-22.94191009999999],[-43.85393690000001,-22.941168899999987],[-43.85405519999989,-22.9416615],[-43.8548835,-22.94191009999999]]],[[[-43.9599752999999,-22.9333885999999],[-43.959687200000005,-22.933457299999898],[-43.9599681999999,-22.93347689999999],[-43.9599752999999,-22.9333885999999]]],[[[-43.96070159999991,-22.932664199999994],[-43.961051100000006,-22.932758499999995],[-43.9607899,-22.932527699999994],[-43.96070159999991,-22.932664199999994]]],[[[-43.88752939999989,-22.927979699999995],[-43.88795099999991,-22.9267707],[-43.8871511999999,-22.9267745],[-43.88752939999989,-22.927979699999995]]],[[[-43.864990299999896,-22.9245802999999],[-43.8649882999999,-22.92599499999989],[-43.866177900000004,-22.925475499999898],[-43.864990299999896,-22.9245802999999]]],[[[-43.87635119999991,-22.923448999999895],[-43.87626599999991,-22.924441499999904],[-43.87674229999989,-22.924216699999892],[-43.87635119999991,-22.923448999999895]]],[[[-43.8768421999999,-22.922940699999998],[-43.8766861999999,-22.922545999999997],[-43.87659169999989,-22.9225562999999],[-43.8768421999999,-22.922940699999998]]],[[[-43.8412112,-22.907633999999987],[-43.8413581999999,-22.907508299999996],[-43.8411796999999,-22.907513099999992],[-43.8412112,-22.907633999999987]]],[[[-43.8413004,-22.9074019],[-43.841101,-22.907368099999903],[-43.8411955,-22.907469599999988],[-43.8413004,-22.9074019]]],[[[-43.8410223,-22.907343899999894],[-43.8406548999999,-22.907189199999898],[-43.8405761999999,-22.9073003999999],[-43.8410223,-22.907343899999894]]],[[[-43.8424393999999,-22.90648819999999],[-43.8426125999999,-22.906449499999983],[-43.8424709,-22.906367299999904],[-43.8424393999999,-22.90648819999999]]],[[[-43.84198880000001,-22.90613579999999],[-43.841608599999994,-22.906467599999896],[-43.8421789,-22.9065505999999],[-43.84198880000001,-22.90613579999999]]],[[[-43.8403084999999,-22.90625129999999],[-43.8400933,-22.90627059999999],[-43.840292700000006,-22.906401099999997],[-43.8403084999999,-22.90625129999999]]],[[[-43.84077560000001,-22.906642899999994],[-43.84039250000001,-22.905666299999996],[-43.8401353,-22.905627599999896],[-43.84077560000001,-22.906642899999994]]],[[[-43.8400040999999,-22.905816199999897],[-43.8398519,-22.905535699999994],[-43.83986240000001,-22.905680799999995],[-43.8396577,-22.905970899999904],[-43.8400040999999,-22.905816199999897]]],[[[-44.3742233,-22.858086199999892],[-44.2676787,-22.829243599999895],[-44.2401407,-22.792658],[-44.2565231999999,-22.787490599999998],[-44.2571053999999,-22.76628299999989],[-44.22704650000001,-22.733738999999986],[-44.1989603,-22.7352873],[-44.2037068999999,-22.7174175],[-44.1760611,-22.70565789999991],[-44.1613652,-22.678258399999898],[-44.2074259,-22.6120217],[-44.2533882,-22.612470899999895],[-44.2687356,-22.598774299999896],[-44.28569060000001,-22.609730999999993],[-44.3449902999999,-22.587848699999906],[-44.3560237,-22.614899299999898],[-44.37042050000001,-22.589746499999904],[-44.35991440000001,-22.581022899999898],[-44.3920077999999,-22.5723551999999],[-44.4096504999999,-22.588430299999995],[-44.401794200000005,-22.6066858999999],[-44.4314745,-22.598651800000006],[-44.46487669999989,-22.615969599999996],[-44.4848208,-22.60387209999989],[-44.50858840000001,-22.640947],[-44.5155999999999,-22.63010660000001],[-44.5350048999999,-22.638106999999895],[-44.5263039,-22.619291599999904],[-44.5502789999999,-22.6037612],[-44.5640868,-22.61199270000001],[-44.57405700000001,-22.601733599999896],[-44.583656699999906,-22.626213199999906],[-44.60207599999999,-22.607771499999995],[-44.610797399999996,-22.617384300000012],[-44.6402485999999,-22.608057899999903],[-44.64442760000001,-22.5555985999999],[-44.67742609999989,-22.561500099999897],[-44.6710072,-22.536664700000006],[-44.69886569999991,-22.511465799999904],[-44.7162208,-22.51423620000001],[-44.7339428,-22.432895799999997],[-44.7553336999999,-22.415269199999994],[-44.80930540000001,-22.4062888999999],[-44.802149400000005,-22.3923495],[-44.7254472,-22.3589251999999],[-44.6607006,-22.3805242],[-44.6220185999999,-22.3319478],[-44.5887087999999,-22.320254299999903],[-44.5325793,-22.3307040999999],[-44.4599130999999,-22.2799893],[-44.4571073,-22.2575871],[-44.433209500000004,-22.251408299999994],[-44.3947967,-22.258906899999886],[-44.3875889999999,-22.272504799999997],[-44.362022499999995,-22.25197319999999],[-44.3223489,-22.2611272999999],[-44.26350610000001,-22.24343590000001],[-44.2605753,-22.267867999999996],[-44.235242199999995,-22.266394799999905],[-44.17728820000001,-22.226563499999898],[-44.163649,-22.233054499999994],[-44.14841439999999,-22.212588799999892],[-44.1213923999999,-22.20895229999999],[-44.1232838999999,-22.18769189999989],[-44.100419499999894,-22.17313480000001],[-44.08721189999991,-22.184594599999997],[-44.069457999999905,-22.162814200000003],[-44.02658310000001,-22.151000399999905],[-44.00437129999991,-22.162637299999993],[-43.87965139999991,-22.1140214],[-43.8791978,-22.0995196],[-43.84237050000001,-22.099641099999896],[-43.7657053999999,-22.062175500000002],[-43.7341372999999,-22.0970869999999],[-43.6913158999999,-22.070858900000005],[-43.6720908,-22.090349499999906],[-43.6464278,-22.064852399999907],[-43.612888899999994,-22.08229659999991],[-43.5856661999999,-22.051534199999896],[-43.58402910000001,-22.071124300000008],[-43.5611426,-22.088435800000003],[-43.5123608,-22.05918880000001],[-43.5038228,-22.0752022999999],[-43.4482475,-22.067086799999995],[-43.3483103,-22.002114699999908],[-43.30224329999991,-22.021008399999992],[-43.245467000000005,-22.0065741],[-43.2215116,-22.0337608999999],[-43.20133750000001,-22.0258327],[-43.20294770000001,-22.037437199999896],[-43.1695743999999,-22.021810500000004],[-43.12853569999991,-22.029311799999988],[-43.1333746999999,-22.0584097],[-43.154735800000005,-22.07754219999999],[-43.1368884,-22.109401199999997],[-43.1114611,-22.083765599999897],[-43.0781458,-22.083055800000004],[-43.074129,-22.093349299999897],[-43.0331611999999,-22.065904899999996],[-43.03915210000001,-22.044594500000006],[-42.9898042999999,-22.034228299999903],[-42.9000349,-21.984837399999908],[-42.8814275,-21.9592661999999],[-42.373579499999906,-21.745848799999994],[-42.3334621,-21.74584879999999],[-42.269428999999896,-21.7169830999999],[-42.2737579999999,-21.677408099999997],[-42.301341,-21.65492209999999],[-42.340131500000005,-21.661973900000003],[-42.3480258,-21.641801999999892],[-42.3696014999999,-21.64009429999991],[-42.3554776,-21.625045499999892],[-42.3691193999999,-21.619455799999994],[-42.32477199999991,-21.569443599999893],[-42.3304337,-21.559842899999996],[-42.3094129,-21.551486099999995],[-42.3063046999999,-21.529084699999895],[-42.28560110000001,-21.528120199999886],[-42.2546154,-21.48697809999989],[-42.2921249,-21.459238099999894],[-42.27531170000001,-21.404179400000007],[-42.2375192,-21.40216250000001],[-42.2519753999999,-21.38719710000001],[-42.2300241999999,-21.36649449999988],[-42.228636799999904,-21.282059899999993],[-42.1897248999999,-21.250506000000005],[-42.2080743999999,-21.178224699999895],[-42.16402690000001,-21.101060099999884],[-42.1402155,-21.103472000000004],[-42.1010649999999,-21.034173899999903],[-42.0799203,-21.035103099999994],[-42.15095,-20.974029],[-42.093794699999904,-20.935626000000006],[-42.0230596,-20.925129300000002],[-41.9761523,-20.935792399999993],[-41.9543763999999,-20.865267699999897],[-41.926707,-20.8387898],[-41.9287363,-20.79432729999998],[-41.9012018999999,-20.796248799999894],[-41.8747382,-20.765934299999994],[-41.852166000000004,-20.763759299999894],[-41.82789960000001,-20.797112899999885],[-41.8057919,-20.797519799999996],[-41.8127090999999,-20.80300149999989],[-41.81392290000001,-20.80545619999998],[-41.7551033,-20.806816099999896],[-41.73965320000001,-20.81801469999989],[-41.741265499999905,-20.872914599999895],[-41.7117861,-20.868997799999892],[-41.726340900000004,-20.8923895],[-41.7223678999999,-20.923252799999904],[-41.737431699999895,-20.930841499999907],[-41.7100141,-20.991033699999903],[-41.73627929999999,-21.101430199999996],[-41.7051842,-21.109473900000005],[-41.71706520000001,-21.125278999999985],[-41.69415789999991,-21.115372199999996],[-41.6125895,-21.157000900000007],[-41.586747900000006,-21.1494743],[-41.5646230999999,-21.183744899999997],[-41.5560886,-21.172393600000003],[-41.5170752999999,-21.187717199999994],[-41.5115501,-21.175836299999986],[-41.486524300000006,-21.179892900000006],[-41.44617070000001,-21.215481399999888],[-41.376648599999996,-21.1957962999999],[-41.3161838999999,-21.213545699999905],[-41.2972975,-21.235072699999904],[-41.2608268,-21.23678859999999],[-41.24136849999999,-21.220360300000007],[-41.19059909999991,-21.248750799999996],[-41.1829569999999,-21.23607059999989],[-41.1558917,-21.245081500000005],[-41.1363008,-21.2268586],[-41.092017499999905,-21.218194200000006],[-41.0413336,-21.2549473],[-41.0047403999999,-21.251099899999904],[-40.9957952,-21.286189799999907],[-40.97916109999991,-21.279977000000002],[-40.9592911,-21.302922799999997],[-40.961398700000004,-21.360776700000002],[-41.057330699999994,-21.47889409999991],[-41.0732685,-21.516778700000003],[-41.05023260000001,-21.615691599999902],[-41.02689850000001,-21.623397500000006],[-41.0123083999999,-21.6209843],[-41.02453569999991,-21.725084099999894],[-40.9751888,-21.94103409999999],[-40.9875140999999,-22.006063199999986],[-41.2114597,-22.135717199999895],[-41.4938465,-22.215385200000004],[-41.67436179999999,-22.2913015],[-41.76467860000001,-22.353786299999992],[-41.7770877999999,-22.370696799999987],[-41.7655559,-22.37698529999988],[-41.7679363,-22.390861299999994],[-41.7864451999999,-22.39761709999988],[-41.79483369999999,-22.405565000000003],[-41.8125987999999,-22.41353389999988],[-41.83136330000001,-22.426143399999894],[-41.8391338,-22.4325883999999],[-41.854476500000004,-22.44928909999989],[-41.8618771,-22.468192799999898],[-41.8595386,-22.470161199999907],[-41.8624263999999,-22.4729154],[-41.8627048,-22.475785999999978],[-41.8613506,-22.477044799999884],[-41.863391500000006,-22.476245699999897],[-41.8730502999999,-22.48110749999999],[-41.8768764,-22.48792250000001],[-41.88756140000001,-22.485774799999906],[-41.893333,-22.488456499999895],[-41.932517600000004,-22.53753449999991],[-41.9624401,-22.535201799999985],[-41.99784049999991,-22.6093327999999],[-41.987956600000004,-22.7104376],[-41.925922,-22.770335900000006],[-41.9105906999999,-22.768394299999997],[-41.897788600000005,-22.7493436999999],[-41.885894400000005,-22.754422899999994],[-41.8724132,-22.73736739999999],[-41.863773,-22.754951299999995],[-41.876395800000004,-22.761470599999885],[-41.8779635999999,-22.775846299999998],[-41.8887172999999,-22.770686899999895],[-41.88223229999989,-22.777475099999904],[-41.88115650000001,-22.784316799999893],[-41.9079891,-22.778245699999992],[-41.921825000000005,-22.7871168],[-41.9281917,-22.814454800000004],[-41.9708171999999,-22.823398399999984],[-41.9864918,-22.85326169999999],[-41.9798046,-22.873578799999994],[-42.0286862,-22.898424599999906],[-42.0336876,-22.9451806],[-42.0223738,-22.960905099999906],[-42.0018939,-22.949868399999993],[-42.009468000000005,-22.960010099999998],[-41.994830699999994,-22.961864999999907],[-42.01989759999999,-22.9713571],[-42.01276690000001,-22.99744519999999],[-42.03788430000001,-22.967178199999978],[-42.0739116999999,-22.9555235],[-42.3612932999999,-22.935465499999996],[-42.6047465,-22.933839599999896],[-42.67445589999989,-22.943724699999994],[-42.6899609,-22.962103399999904],[-42.7026317,-22.956595199999988],[-42.7331058,-22.956461299999898],[-42.9177002,-22.974944599999997],[-43.0046864,-22.969718600000004],[-43.0517146,-22.9818182999999],[-43.05194479999991,-22.963631899999896],[-43.1353008999999,-22.9379751],[-43.1214178,-22.922263600000004],[-43.111907200000005,-22.935342299999895],[-43.0986248,-22.931574599999998],[-43.0957821,-22.91554710000001],[-43.1375738999999,-22.903308299999903],[-43.1245721,-22.894571099999997],[-43.1345626,-22.8815741999999],[-43.114446799999904,-22.8813094999999],[-43.116417600000005,-22.875297700000008],[-43.1252016,-22.87232359999999],[-43.1138392,-22.86454029999989],[-43.111711500000006,-22.87750879999991],[-43.0971231999999,-22.8281170999999],[-43.06507930000001,-22.802931899999994],[-43.0815322999999,-22.789385599999893],[-43.0687703,-22.769893],[-43.0294023,-22.747618199999994],[-43.0262372,-22.743482199999995],[-43.0325680999999,-22.6937604999999],[-43.0846409,-22.676958599999992],[-43.1157396,-22.6963764999999],[-43.1277337999999,-22.71501810000001],[-43.1517939999999,-22.7080015],[-43.213009999999905,-22.7265626],[-43.27863,-22.780486300000003],[-43.2668897999999,-22.82348419999989],[-43.2324374999999,-22.8692071999999],[-43.224729800000006,-22.875301099999884],[-43.20138569999991,-22.871460899999892],[-43.215972399999906,-22.8863438],[-43.2108436999999,-22.897606400000004],[-43.1790662,-22.892280599999907],[-43.1733465999999,-22.90208069999991],[-43.1615378,-22.905277899999895],[-43.1803778999999,-22.947934599999897],[-43.152178499999906,-22.938573],[-43.150235,-22.9509285999999],[-43.190115600000006,-22.990696399999905],[-43.226668000000004,-22.988537],[-43.28643269999999,-23.01644979999999],[-43.4455963999999,-23.0229183],[-43.534386599999905,-23.050291699999903],[-43.56461410000001,-23.075528699999897],[-43.562373,-23.053156399999995],[-43.56441430000001,-23.051316900000003],[-43.5780745,-23.045608099999995],[-43.5771713,-23.04365],[-43.5792202,-23.0402152],[-43.5807685,-23.03862330000001],[-43.6229159,-23.0078702],[-43.64322550000001,-23.00111719999999],[-43.6479398,-23.000899499999885],[-43.6532003999999,-23.00277510000001],[-43.6742791,-22.98030939999999],[-43.68947539999991,-22.991902699999997],[-43.71096370000001,-22.970578999999905],[-43.7196352999999,-22.973022199999892],[-43.7246529,-22.960703099999904],[-43.7967829999999,-22.9165426],[-43.80143659999991,-22.92451159999999],[-43.81022239999991,-22.917569],[-43.8493574,-22.931633599999916],[-43.854347100000005,-22.91875629999989],[-43.8390259999999,-22.911771899999987],[-43.83737749999991,-22.9039538],[-43.85676979999991,-22.901869799999897],[-43.9102695999999,-22.931012399999897],[-43.95091719999991,-22.926952800000006],[-44.0058569,-22.942135999999888],[-44.042940299999906,-22.984531300000008],[-44.055920300000004,-22.98082879999999],[-44.0398324,-22.950787600000012],[-44.053774700000005,-22.942293400000004],[-44.07931810000001,-22.956700600000005],[-44.0825803,-22.99299050000001],[-44.1136296,-23.023384700000005],[-44.1526062999999,-23.04101779999999],[-44.1602243,-23.031782699999994],[-44.170980099999994,-23.032988599999996],[-44.1856796,-23.052941999999998],[-44.2013780999999,-23.038312699999892],[-44.23764440000001,-23.056534599999985],[-44.2504334,-23.048628],[-44.2211872,-23.01402459999998],[-44.2493550999999,-22.997834199999904],[-44.2938156,-23.02532919999989],[-44.3064588,-23.0236484],[-44.297072399999905,-23.009802400000005],[-44.30129320000001,-23.002188600000007],[-44.3473921,-23.030386199999995],[-44.3584982,-23.02368849999991],[-44.35362409999989,-22.99700390000001],[-44.327676100000005,-22.9950507],[-44.2998712999999,-22.958667099999992],[-44.3189442999999,-22.956469199999997],[-44.333010300000005,-22.967719999999904],[-44.3197982,-22.9360028],[-44.3259437,-22.937014899999998],[-44.322848399999906,-22.931500999999997],[-44.3294336,-22.932565699999913],[-44.3311194999999,-22.9258116999999],[-44.3399309,-22.922185999999996],[-44.36068470000001,-22.923523299999886],[-44.373972200000004,-22.9428258],[-44.3703123,-22.948401499999903],[-44.34948320000001,-22.945788799999885],[-44.3768605,-22.969861599999888],[-44.39583669999999,-22.9477433],[-44.41429299999991,-22.954095699999996],[-44.4078704999999,-22.950736099999993],[-44.4092876999999,-22.9433519],[-44.4122436,-22.940871199999897],[-44.43468560000001,-22.9633378],[-44.4411822,-22.99215359999991],[-44.424847400000004,-22.997607199999894],[-44.44353209999999,-23.00643170000001],[-44.4305687,-23.020081199999897],[-44.4413597,-23.0265960999999],[-44.47753060000001,-23.0058106999999],[-44.5034636999999,-23.029824099999885],[-44.5305385,-23.02712769999991],[-44.596298999999895,-23.063958699999905],[-44.5961986999999,-23.0450673999999],[-44.6685525999999,-23.0541686],[-44.69101950000001,-23.08275619999989],[-44.6989808,-23.120379199999892],[-44.688269700000006,-23.126446999999896],[-44.7075077,-23.1634865999999],[-44.69831109999999,-23.1744987],[-44.72105020000001,-23.19800100000001],[-44.7136118999999,-23.233631799999998],[-44.6590517999999,-23.208077999999905],[-44.64345459999999,-23.1852248],[-44.6437157999999,-23.196421399999995],[-44.6160234,-23.203820199999903],[-44.6251187,-23.222368399999894],[-44.6627099999999,-23.214001199999895],[-44.65475180000001,-23.2270867999999],[-44.6923705999999,-23.252472999999995],[-44.6134081,-23.23357069999999],[-44.657272500000005,-23.292163199999898],[-44.64802950000001,-23.301904599999897],[-44.5992431999999,-23.236492499999894],[-44.56025890000001,-23.22637810000001],[-44.5834158,-23.26804250000001],[-44.5379932,-23.266733399999993],[-44.50286140000001,-23.293135999999897],[-44.50951150000001,-23.301045799999894],[-44.52887029999991,-23.286764299999998],[-44.5557631,-23.3035671],[-44.5853556,-23.3595584],[-44.6069004999999,-23.366705000000007],[-44.6068083,-23.347926899999898],[-44.62413420000001,-23.3390812],[-44.6343515,-23.352250500000004],[-44.640085499999905,-23.33099989999991],[-44.6597887999999,-23.347445499999896],[-44.6752481999999,-23.335894299999897],[-44.6817541999999,-23.338866599999996],[-44.6810591999999,-23.347168199999892],[-44.6862,-23.3520219],[-44.71593330000001,-23.345163199999885],[-44.7280809,-23.368931999999994],[-44.7771501999999,-23.338498799999993],[-44.7783744,-23.3150353],[-44.807149799999905,-23.2834855],[-44.826720800000004,-23.2916213999999],[-44.8364313,-23.255834900000004],[-44.885950799999904,-23.235790299999998],[-44.87474839999991,-23.1846983999999],[-44.8211383,-23.156049499999902],[-44.8147954999999,-23.0676771999999],[-44.7928499,-23.010313899999996],[-44.8025363,-22.998777099999906],[-44.79128669999991,-22.9814582],[-44.75525950000001,-22.980312499999993],[-44.74368050000001,-22.947061800000007],[-44.713247300000006,-22.929825399999988],[-44.68773479999991,-22.93677],[-44.6735576999999,-22.917972699999993],[-44.658994,-22.927931199999897],[-44.60731079999991,-22.885237],[-44.5436516,-22.8849451],[-44.4954126,-22.846956299999903],[-44.47872079999999,-22.850868200000004],[-44.466191599999895,-22.88537129999999],[-44.4181953,-22.8481123],[-44.3742233,-22.858086199999892]]],[[[-43.83564530000001,-23.115114600000002],[-43.8362324,-23.116469999999893],[-43.83662689999989,-23.116340199999986],[-43.83564530000001,-23.115114600000002]]],[[[-43.5690928,-23.081295],[-43.568857,-23.081642999999904],[-43.5691831,-23.081511299999903],[-43.5690928,-23.081295]]],[[[-43.5613757,-23.078737299999887],[-43.5594743999999,-23.081156800000006],[-43.5637862999999,-23.08193410000001],[-43.5613757,-23.078737299999887]]],[[[-43.1988673,-23.073274899999895],[-43.19918590000001,-23.07467849999991],[-43.200476200000004,-23.073663399999887],[-43.1988673,-23.073274899999895]]],[[[-43.573219400000006,-23.0733172],[-43.5743032999999,-23.072790499999897],[-43.5730192999999,-23.072846599999902],[-43.573219400000006,-23.0733172]]],[[[-43.199103799999904,-23.071468599999893],[-43.1921872999999,-23.068385399999993],[-43.19278489999991,-23.074102099999898],[-43.199103799999904,-23.071468599999893]]],[[[-43.513224,-23.0622696999999],[-43.50814960000001,-23.0651687],[-43.5144112,-23.065384399999992],[-43.513224,-23.0622696999999]]],[[[-44.002465199999996,-23.0738608999999],[-43.95443349999991,-23.04092639999989],[-43.8823227999999,-23.0669963],[-43.8810184,-23.04210279999999],[-43.908802099999896,-23.0261952999999],[-43.9129177,-23.0208761],[-43.80634130000001,-23.061330899999998],[-43.6142776,-23.03096900000001],[-43.60298920000001,-23.0395066],[-43.5659985999999,-23.056082100000005],[-43.78366410000001,-23.062687299999897],[-43.9879974999999,-23.1024004],[-44.0079808999999,-23.09398300000001],[-44.002465199999996,-23.0738608999999]]],[[[-43.5121508,-23.06130840000001],[-43.51148820000001,-23.060296099999995],[-43.51102379999999,-23.060210799999904],[-43.5121508,-23.06130840000001]]],[[[-43.5676625999999,-23.0599149999999],[-43.56742380000001,-23.05988609999999],[-43.5676038999999,-23.060009799999897],[-43.5676625999999,-23.0599149999999]]],[[[-43.56622190000001,-23.058599199999904],[-43.5663618999999,-23.059175500000006],[-43.5665432,-23.05891319999989],[-43.56622190000001,-23.058599199999904]]],[[[-43.56599429999991,-23.058232799999903],[-43.567364100000006,-23.0581308],[-43.5660339,-23.058000399999987],[-43.56599429999991,-23.058232799999903]]],[[[-43.5657348,-23.058835100000003],[-43.565794200000006,-23.058693999999907],[-43.5657338,-23.05870199999999],[-43.5657348,-23.058835100000003]]],[[[-43.5629446999999,-23.058102099999893],[-43.56366669999991,-23.059132700000003],[-43.5634441999999,-23.057306399999998],[-43.5629446999999,-23.058102099999893]]],[[[-43.5658519,-23.056955199999905],[-43.5648816999999,-23.056519099999896],[-43.56528219999999,-23.058150399999896],[-43.5658519,-23.056955199999905]]],[[[-43.5633986999999,-23.0540030999999],[-43.5642296,-23.054431099999903],[-43.5651728999999,-23.053252899999993],[-43.5633986999999,-23.0540030999999]]],[[[-43.50774139999991,-23.053341799999902],[-43.509511500000016,-23.053058899999893],[-43.5079383999999,-23.052668199999985],[-43.50774139999991,-23.053341799999902]]],[[[-43.56890609999989,-23.0507602],[-43.566496899999905,-23.052519799999985],[-43.5694913999999,-23.050988599999993],[-43.56890609999989,-23.0507602]]],[[[-43.569367400000004,-23.050903299999995],[-43.56940169999999,-23.050707299999896],[-43.5690647,-23.050737700000003],[-43.569367400000004,-23.050903299999995]]],[[[-43.569478800000006,-23.04986659999999],[-43.5702884999999,-23.050410099999997],[-43.5707735999999,-23.049656899999906],[-43.569478800000006,-23.04986659999999]]],[[[-43.31079249999989,-23.046649400000007],[-43.3100742999999,-23.0466795999999],[-43.3100143,-23.04730989999999],[-43.31079249999989,-23.046649400000007]]],[[[-43.5836348999999,-23.0453251],[-43.5846051,-23.044113],[-43.5828741,-23.045191700000007],[-43.5836348999999,-23.0453251]]],[[[-43.309987500000005,-23.044308100000002],[-43.310470199999905,-23.044399599999995],[-43.3102276,-23.044073500000003],[-43.309987500000005,-23.044308100000002]]],[[[-43.5864837999999,-23.0429272],[-43.5857018999999,-23.044819099999902],[-43.5883284999999,-23.04218400000001],[-43.5864837999999,-23.0429272]]],[[[-43.5904861999999,-23.041407499999888],[-43.5925149999999,-23.042691599999998],[-43.5941726999999,-23.0420733],[-43.5904861999999,-23.041407499999888]]],[[[-43.5931631,-23.0414403999999],[-43.592971899999995,-23.0410317999999],[-43.59272570000001,-23.041219500000004],[-43.5931631,-23.0414403999999]]],[[[-43.58064100000001,-23.039056500000004],[-43.581447099999906,-23.039056999999996],[-43.58830489999999,-23.0356527],[-43.58064100000001,-23.039056500000004]]],[[[-43.30674379999989,-23.03741219999991],[-43.302593699999896,-23.038438100000008],[-43.307944600000006,-23.038709099999895],[-43.30674379999989,-23.03741219999991]]],[[[-43.31661469999991,-23.037176599999988],[-43.3158979,-23.03767799999999],[-43.31677319999991,-23.037366299999995],[-43.31661469999991,-23.037176599999988]]],[[[-43.2082435999999,-23.0399183],[-43.197690599999895,-23.034408899999995],[-43.19677300000001,-23.034721799999904],[-43.2082435999999,-23.0399183]]],[[[-43.57926919999991,-23.045422099999897],[-43.58965019999991,-23.040656],[-43.60227780000001,-23.039043999999894],[-43.60379280000001,-23.028804400000002],[-43.57926919999991,-23.045422099999897]]],[[[-43.47001410000001,-23.033739399999895],[-43.4685004999999,-23.0378949999999],[-43.47220440000001,-23.036291199999905],[-43.47001410000001,-23.033739399999895]]],[[[-43.30488629999999,-23.0338533],[-43.3047748,-23.034116499999993],[-43.3049925999999,-23.034081100000005],[-43.30488629999999,-23.0338533]]],[[[-43.30577840000001,-23.033365699999905],[-43.3052448,-23.033367799999994],[-43.3055414999999,-23.0337281999999],[-43.30577840000001,-23.033365699999905]]],[[[-43.19471269999999,-23.033140600000003],[-43.1962485999999,-23.033948099999996],[-43.19462730000001,-23.032595599999997],[-43.19471269999999,-23.033140600000003]]],[[[-43.30109970000001,-23.031572599999883],[-43.298359100000006,-23.034014699999894],[-43.3013228999999,-23.033284399999985],[-43.30109970000001,-23.031572599999883]]],[[[-43.19297199999989,-23.031165100000006],[-43.1934338999999,-23.031927299999904],[-43.193731500000005,-23.0318364],[-43.19297199999989,-23.031165100000006]]],[[[-43.607608799999994,-23.029631499999905],[-43.6052928,-23.033155899999887],[-43.6117687,-23.030475899999896],[-43.607608799999994,-23.029631499999905]]],[[[-43.275923399999996,-23.028823100000004],[-43.27643299999989,-23.03072450000001],[-43.27842880000001,-23.03018289999991],[-43.275923399999996,-23.028823100000004]]],[[[-43.1924078,-23.029005299999902],[-43.191499500000006,-23.0302128],[-43.1926367999999,-23.030115099999904],[-43.1924078,-23.029005299999902]]],[[[-43.6031085,-23.028952799999992],[-43.60247170000001,-23.0262825999999],[-43.600129,-23.027347000000002],[-43.6031085,-23.028952799999992]]],[[[-43.19190319999999,-23.025331899999998],[-43.191819199999905,-23.02770049999999],[-43.1952570999999,-23.027368399999894],[-43.19190319999999,-23.025331899999998]]],[[[-43.2036037,-23.0253149],[-43.2020231,-23.027443999999903],[-43.2063223,-23.026097299999897],[-43.2036037,-23.0253149]]],[[[-43.182801599999905,-23.02139199999989],[-43.18228440000001,-23.023794799999997],[-43.18367130000001,-23.02159769999999],[-43.182801599999905,-23.02139199999989]]],[[[-43.6527667,-23.002961799999998],[-43.6530347999999,-23.003408200000003],[-43.6530731999999,-23.0033807999999],[-43.6527667,-23.002961799999998]]],[[[-43.65078609999989,-23.002599299999893],[-43.650323699999895,-23.002224500000004],[-43.6502159999999,-23.0023699],[-43.65078609999989,-23.002599299999893]]],[[[-43.6605878999999,-22.999467799999895],[-43.66071679999991,-22.999959900000007],[-43.661013700000005,-22.999810399999912],[-43.6605878999999,-22.999467799999895]]],[[[-43.661391699999996,-22.998473299999894],[-43.6597633,-22.998240299999996],[-43.6614111,-22.9988638],[-43.661391699999996,-22.998473299999894]]],[[[-43.6958842999999,-22.986242199999896],[-43.6961438,-22.986707299999992],[-43.6962356,-22.986698900000004],[-43.6958842999999,-22.986242199999896]]],[[[-43.705895999999896,-22.985935599999912],[-43.705879799999906,-22.98673819999989],[-43.70728810000001,-22.986733199999904],[-43.705895999999896,-22.985935599999912]]],[[[-43.7868877,-22.92643119999999],[-43.7832895,-22.925723100000003],[-43.78586690000001,-22.928911499999998],[-43.7868877,-22.92643119999999]]],[[[-43.8130551,-22.924318299999992],[-43.8106814,-22.92565510000001],[-43.8130538999999,-22.925951599999994],[-43.8130551,-22.924318299999992]]],[[[-43.8142948999999,-22.920656199999907],[-43.8106422,-22.9194704999999],[-43.8141859999999,-22.9210626999999],[-43.8142948999999,-22.920656199999907]]],[[[-43.83916959999989,-22.906009500000003],[-43.8394425,-22.905990199999994],[-43.8391642999999,-22.905782299999895],[-43.83916959999989,-22.906009500000003]]],[[[-43.8397993999999,-22.905680800000003],[-43.8393164999999,-22.905762999999997],[-43.8394372,-22.905917700000003],[-43.8397993999999,-22.905680800000003]]],[[[-43.838629000000005,-22.905791999999987],[-43.8389964,-22.9055696],[-43.8389964,-22.90544869999999],[-43.838629000000005,-22.905791999999987]]],[[[-43.838629,-22.905419699999992],[-43.8386815,-22.905569599999993],[-43.8387496999999,-22.905410000000003],[-43.838629,-22.905419699999992]]],[[[-43.1673431999999,-22.895497399999996],[-43.1750804,-22.897361299999893],[-43.174717799999904,-22.89314799999991],[-43.1673431999999,-22.895497399999996]]],[[[-43.21109340000001,-22.887225199999897],[-43.2073617999999,-22.8890395],[-43.209106000000006,-22.891952199999896],[-43.21109340000001,-22.887225199999897]]],[[[-43.1963372,-22.887106699999894],[-43.19703650000001,-22.888046400000004],[-43.1978184,-22.887770899999996],[-43.1963372,-22.887106699999894]]],[[[-43.17615180000001,-22.883089799999905],[-43.17304299999999,-22.8838564],[-43.1768981,-22.8843036],[-43.17615180000001,-22.883089799999905]]],[[[-43.2189549,-22.8699204],[-43.236060900000005,-22.861399199999905],[-43.2423381999999,-22.836956899999993],[-43.2083873999999,-22.85835859999999],[-43.2189549,-22.8699204]]],[[[-43.17453040000001,-22.838975100000003],[-43.1757044,-22.836589899999996],[-43.1729587,-22.8386776999999],[-43.17453040000001,-22.838975100000003]]],[[[-43.1847476,-22.833553299999885],[-43.1847332999999,-22.83358409999989],[-43.1847546,-22.833573299999998],[-43.1847476,-22.833553299999885]]],[[[-43.25412449999989,-22.82568689999991],[-43.25430159999999,-22.825619100000008],[-43.254536200000004,-22.825463199999895],[-43.25412449999989,-22.82568689999991]]],[[[-43.25943430000001,-22.8264101999999],[-43.257600800000006,-22.824718099999888],[-43.2578052,-22.8265494999999],[-43.25943430000001,-22.8264101999999]]],[[[-43.2555525999999,-22.82452649999988],[-43.2545067,-22.825033599999998],[-43.2547178,-22.825330100000002],[-43.2555525999999,-22.82452649999988]]],[[[-43.18501439999989,-22.83315599999999],[-43.21022310000001,-22.815652599999996],[-43.241823699999905,-22.833883499999995],[-43.265607799999906,-22.810666700000002],[-43.228505000000006,-22.783632999999995],[-43.1918107,-22.7965154],[-43.1894000999999,-22.78318579999999],[-43.1574697,-22.778582999999987],[-43.1783705,-22.8021734],[-43.16388489999999,-22.822850899999903],[-43.18501439999989,-22.83315599999999]]],[[[-43.1694115999999,-22.767589599999997],[-43.169276999999994,-22.76778100000001],[-43.169418300000004,-22.7676842999999],[-43.1694115999999,-22.767589599999997]]],[[[-43.169170199999904,-22.7669738],[-43.1692302,-22.766976499999895],[-43.1692138999999,-22.76694389999989],[-43.169170199999904,-22.7669738]]],[[[-43.1692353,-22.7668078],[-43.1691059999999,-22.766853],[-43.1691471999999,-22.766906600000002],[-43.1692353,-22.7668078]]],[[[-43.16909390000001,-22.766708599999998],[-43.1691734,-22.766621399999988],[-43.1690895,-22.766619099999996],[-43.16909390000001,-22.766708599999998]]],[[[-43.1813991999999,-22.726019599999997],[-43.1808116999999,-22.725984799999893],[-43.18087500000001,-22.726375199999886],[-43.1813991999999,-22.726019599999997]]],[[[-43.1482488999999,-23.059584200000003],[-43.1423288,-23.0658870999999],[-43.1498301,-23.059819599999997],[-43.1482488999999,-23.059584200000003]]],[[[-43.15092320000001,-22.9670044],[-43.1497611999999,-22.962180099999998],[-43.14734240000001,-22.96171340000001],[-43.14873469999999,-22.96556200000001],[-43.15092320000001,-22.9670044]]],[[[-43.1155335999999,-22.9524064999999],[-43.115635100000006,-22.951744799999993],[-43.1149364,-22.952257099999894],[-43.1155335999999,-22.9524064999999]]],[[[-43.14796199999989,-22.935270799999998],[-43.1484761,-22.935309199999903],[-43.1478906,-22.935097700000007],[-43.14796199999989,-22.935270799999998]]],[[[-43.146137,-22.934202200000005],[-43.1472414,-22.934986900000002],[-43.1474193,-22.934637300000002],[-43.146137,-22.934202200000005]]],[[[-43.1606336,-22.91294969999999],[-43.1605503,-22.916553999999994],[-43.1613662,-22.916422800000007],[-43.1606336,-22.91294969999999]]],[[[-43.1257651,-22.910039099999892],[-43.1252067,-22.910031399999998],[-43.12609280000001,-22.91062509999989],[-43.1257651,-22.910039099999892]]],[[[-43.1309196999999,-22.9090077999999],[-43.13104499999999,-22.90883300000001],[-43.1308299999999,-22.908958299999906],[-43.1309196999999,-22.9090077999999]]],[[[-43.1660333,-22.89662659999991],[-43.1668387,-22.8973358],[-43.1669949,-22.8968821],[-43.1660333,-22.89662659999991]]],[[[-43.118504,-22.875033199999987],[-43.1238526999999,-22.87654109999989],[-43.1250577,-22.874598999999897],[-43.118504,-22.875033199999987]]],[[[-43.1383908999999,-22.875632299999907],[-43.13262629999999,-22.8681586],[-43.1315001999999,-22.873678599999906],[-43.1352224999999,-22.875539100000005],[-43.13736180000001,-22.876081899999996],[-43.1383908999999,-22.875632299999907]]],[[[-43.12896130000001,-22.8662449],[-43.1281757,-22.861543900000004],[-43.126378700000004,-22.862586000000004],[-43.12896130000001,-22.8662449]]],[[[-43.12295610000001,-22.85872460000001],[-43.1189517,-22.863681599999897],[-43.1266178,-22.861900499999894],[-43.12295610000001,-22.85872460000001]]],[[[-43.11595659999989,-22.85454219999999],[-43.116484,-22.853836600000005],[-43.1157838,-22.85373429999989],[-43.11595659999989,-22.85454219999999]]],[[[-43.10838540000001,-22.831190700000004],[-43.10915030000001,-22.840387999999997],[-43.11492439999991,-22.8324226999999],[-43.10838540000001,-22.831190700000004]]],[[[-43.1671932,-22.829131899999897],[-43.1673865,-22.8293457999999],[-43.1676037999999,-22.82924479999999],[-43.1671932,-22.829131899999897]]],[[[-43.16281079999991,-22.81946459999989],[-43.1624787,-22.819711299999902],[-43.16276450000001,-22.82005569999999],[-43.162624999999906,-22.820148000000007],[-43.16278709999991,-22.8203192999999],[-43.16281079999991,-22.81946459999989]]],[[[-43.164517799999906,-22.814046099999885],[-43.161889,-22.811269899999992],[-43.16070599999989,-22.814609499999996],[-43.164517799999906,-22.814046099999885]]],[[[-43.1207104,-22.8064656],[-43.120482900000006,-22.805691399999898],[-43.12001969999991,-22.806125499999997],[-43.1207104,-22.8064656]]],[[[-43.1242558,-22.805978200000006],[-43.122245399999905,-22.8049313],[-43.1237647999999,-22.8071199999999],[-43.1242558,-22.805978200000006]]],[[[-43.1169553,-22.8025873999999],[-43.11961419999991,-22.803847299999994],[-43.119206600000005,-22.80280969999999],[-43.1169553,-22.8025873999999]]],[[[-43.10888460000001,-22.800035099999892],[-43.110322999999894,-22.801856200000003],[-43.1119667999999,-22.803190700000002],[-43.10888460000001,-22.800035099999892]]],[[[-43.169242100000005,-22.80069249999999],[-43.1687224,-22.7997569],[-43.168439,-22.8001618],[-43.169242100000005,-22.80069249999999]]],[[[-43.1576906999999,-22.7998509999999],[-43.15759439999991,-22.800358999999993],[-43.157849399999996,-22.800262799999903],[-43.1576906999999,-22.7998509999999]]],[[[-43.1237333,-22.7992982],[-43.1233091999999,-22.7978241],[-43.1227153,-22.7990134999999],[-43.1237333,-22.7992982]]],[[[-43.111273099999906,-22.796623600000004],[-43.1137744,-22.796394999999997],[-43.1116754999999,-22.795700199999903],[-43.111273099999906,-22.796623600000004]]],[[[-43.12275290000001,-22.79635689999998],[-43.120957,-22.796253999999987],[-43.1224202,-22.797140800000005],[-43.12275290000001,-22.79635689999998]]],[[[-43.1558554,-22.794657999999995],[-43.1557472,-22.794687599999996],[-43.1557776999999,-22.7947229],[-43.1558554,-22.794657999999995]]],[[[-43.1554805,-22.794625499999903],[-43.1554762,-22.794645800000005],[-43.1555365999999,-22.7946236],[-43.1554805,-22.794625499999903]]],[[[-43.1558727,-22.794381599999998],[-43.1560167,-22.794403899999995],[-43.1559492,-22.794323699999893],[-43.1558727,-22.794381599999998]]],[[[-43.1549173,-22.794205699999996],[-43.154893199999904,-22.794172699999912],[-43.154882400000005,-22.7941958],[-43.1549173,-22.794205699999996]]],[[[-43.15495079999991,-22.794130299999896],[-43.154916799999995,-22.794113099999908],[-43.1549414999999,-22.794172599999992],[-43.15495079999991,-22.794130299999896]]],[[[-43.154905,-22.794123000000006],[-43.1548764,-22.794115599999902],[-43.1549067999999,-22.794134599999893],[-43.154905,-22.794123000000006]]],[[[-43.1548121,-22.79411279999991],[-43.1548602999999,-22.794100800000006],[-43.154814799999905,-22.794095200000005],[-43.1548121,-22.79411279999991]]],[[[-43.1557981,-22.794042199999993],[-43.15581489999991,-22.79402819999999],[-43.1558021,-22.7940247],[-43.1557981,-22.794042199999993]]],[[[-43.1552227,-22.7943041],[-43.1556226,-22.794643699999902],[-43.1559639,-22.794612000000004],[-43.1557610999999,-22.794540599999902],[-43.1558315999999,-22.794135499999996],[-43.1557981,-22.794042199999993],[-43.15576939999989,-22.794028300000004],[-43.1557587999999,-22.793967699999907],[-43.155659,-22.793868299999893],[-43.1557650999999,-22.79339559999989],[-43.1552227,-22.7943041]]],[[[-43.1556964,-22.792077699999886],[-43.1557726,-22.792081299999893],[-43.15576140000001,-22.79204719999999],[-43.1556964,-22.792077699999886]]],[[[-43.1555326,-22.791999099999902],[-43.1554192,-22.792055499999897],[-43.15550160000001,-22.792078699999887],[-43.1555326,-22.791999099999902]]],[[[-43.1555559,-22.791915699999898],[-43.15552709999999,-22.791966099999993],[-43.155582900000006,-22.791941399999892],[-43.1555559,-22.791915699999898]]],[[[-43.1556426,-22.79190360000001],[-43.1556962,-22.79194889999999],[-43.15570300000001,-22.791884399999997],[-43.1556426,-22.79190360000001]]],[[[-43.1556257,-22.791902799999892],[-43.15563289999991,-22.79192409999999],[-43.1556426,-22.79190360000001],[-43.1556257,-22.791902799999892]]],[[[-43.155515400000006,-22.791886400000006],[-43.1555276,-22.791904499999905],[-43.1555392,-22.791895],[-43.155515400000006,-22.791886400000006]]],[[[-43.1555392,-22.791895],[-43.15562179999989,-22.791858799999897],[-43.1555422,-22.79183729999991],[-43.1555392,-22.791895]]],[[[-43.1555183,-22.791834100000006],[-43.1554917999999,-22.791826599999997],[-43.1554872,-22.791841400000003],[-43.1555183,-22.791834100000006]]],[[[-43.1557748,-22.791838399999993],[-43.155821199999906,-22.791833600000007],[-43.1557768,-22.791809499999896],[-43.1557748,-22.791838399999993]]],[[[-43.1553729,-22.791754299999997],[-43.15540839999991,-22.7917575],[-43.1553686999999,-22.791736500000006],[-43.1553729,-22.791754299999997]]],[[[-43.15567989999991,-22.7917303999999],[-43.1557336,-22.791700799999912],[-43.155674499999996,-22.79168509999989],[-43.15567989999991,-22.7917303999999]]],[[[-43.1522901,-22.790215200000002],[-43.1521567,-22.7902892],[-43.1523149,-22.790425899999903],[-43.1522901,-22.790215200000002]]],[[[-43.15197560000001,-22.790241099999907],[-43.15136960000001,-22.789284099999996],[-43.15178280000001,-22.790725300000005],[-43.15197560000001,-22.790241099999907]]],[[[-43.1493447,-22.789494499999915],[-43.1486479,-22.789051599999905],[-43.148589,-22.789452099999902],[-43.1493447,-22.789494499999915]]],[[[-43.1508484,-22.7881184],[-43.1496561,-22.78660500000001],[-43.14861640000001,-22.787029500000006],[-43.1508484,-22.7881184]]],[[[-43.1383511999999,-22.783044800000003],[-43.137159200000006,-22.7829363],[-43.13747910000001,-22.783301599999994],[-43.1383511999999,-22.783044800000003]]],[[[-43.1404458,-22.781666399999896],[-43.140503300000006,-22.78221439999989],[-43.14089249999991,-22.781905599999995],[-43.1404458,-22.781666399999896]]],[[[-43.13878750000001,-22.776729199999995],[-43.1376170999999,-22.77601039999999],[-43.13820849999999,-22.7773541999999],[-43.13878750000001,-22.776729199999995]]],[[[-43.1415857,-22.77660539999989],[-43.1395876,-22.77605879999989],[-43.1391561999999,-22.776890899999987],[-43.1415857,-22.77660539999989]]],[[[-43.1598408999999,-22.775494999999996],[-43.15279329999999,-22.771686700000004],[-43.1520571,-22.7741414],[-43.1598408999999,-22.775494999999996]]],[[[-43.1599615,-22.770171499999904],[-43.16001310000001,-22.770160200000007],[-43.15996640000001,-22.770149199999892],[-43.1599615,-22.770171499999904]]],[[[-43.1152759999999,-22.770454999999995],[-43.1150418999999,-22.7696359999999],[-43.11441680000001,-22.769614899999997],[-43.1152759999999,-22.770454999999995]]],[[[-43.1171588,-22.769186199999996],[-43.11637999999991,-22.769219700000004],[-43.1171009999999,-22.769470199999894],[-43.1171588,-22.769186199999996]]],[[[-43.16902350000001,-22.768790200000005],[-43.1689964,-22.7686919999999],[-43.1689431999999,-22.768725300000003],[-43.16902350000001,-22.768790200000005]]],[[[-43.1684665999999,-22.768461599999988],[-43.16751639999999,-22.768732899999993],[-43.1680385,-22.769089899999994],[-43.1684665999999,-22.768461599999988]]],[[[-43.1687193999999,-22.7681246],[-43.1685772,-22.767980099999903],[-43.1686318,-22.768159700000005],[-43.1687193999999,-22.7681246]]],[[[-43.16842750000001,-22.767935399999907],[-43.168363299999996,-22.7678028999999],[-43.168282000000005,-22.76789659999999],[-43.16842750000001,-22.767935399999907]]],[[[-43.16831880000001,-22.767674099999994],[-43.168251700000006,-22.767604699999897],[-43.1682195,-22.767765699999902],[-43.16831880000001,-22.767674099999994]]],[[[-43.1677956,-22.767584600000003],[-43.1680441999999,-22.767704299999895],[-43.168018199999906,-22.7674034999999],[-43.1677956,-22.767584600000003]]],[[[-43.16877809999989,-22.767640200000006],[-43.168743400000004,-22.7673874999999],[-43.16863339999999,-22.767530899999915],[-43.16877809999989,-22.767640200000006]]],[[[-43.1685575,-22.7673445999999],[-43.16855339999999,-22.767504099999908],[-43.1686774,-22.76735529999999],[-43.1685575,-22.7673445999999]]],[[[-43.1692103999999,-22.767335300000003],[-43.1688220999999,-22.7673435],[-43.1690571,-22.7675747],[-43.1692103999999,-22.767335300000003]]],[[[-43.1682671999999,-22.767190699999986],[-43.16831219999991,-22.767267300000004],[-43.16836709999999,-22.7672047999999],[-43.1682671999999,-22.767190699999986]]],[[[-43.169104100000006,-22.766997100000005],[-43.1691721999999,-22.76702379999989],[-43.1691724,-22.76701339999989],[-43.169104100000006,-22.766997100000005]]],[[[-43.1688834,-22.766972500000005],[-43.16894560000001,-22.767078199999993],[-43.168963000000005,-22.766979900000003],[-43.1688834,-22.766972500000005]]],[[[-43.1686872,-22.766792099999996],[-43.1687244999999,-22.7667211999999],[-43.1686711999999,-22.76672840000001],[-43.1686872,-22.766792099999996]]],[[[-43.1185697999999,-22.758621400000003],[-43.11808210000001,-22.7535339],[-43.11453049999991,-22.755872799999985],[-43.1185697999999,-22.758621400000003]]],[[[-43.128079399999905,-22.748371499999998],[-43.1271166,-22.7460545],[-43.1240776999999,-22.748282],[-43.128079399999905,-22.748371499999998]]],[[[-42.9293577999999,-23.0249281],[-42.9290827,-23.025194399999993],[-42.9293106,-23.025228399999897],[-42.9293577999999,-23.0249281]]],[[[-42.92815960000001,-23.022154499999893],[-42.9263134,-23.0229931],[-42.928962899999895,-23.024279],[-42.92815960000001,-23.022154499999893]]],[[[-42.92389550000001,-23.018638099999997],[-42.9150600999999,-23.007671199999894],[-42.9128787999999,-23.008052799999987],[-42.92389550000001,-23.018638099999997]]],[[[-42.9084157999999,-23.006775299999994],[-42.9076342,-23.00740300000001],[-42.90878759999999,-23.00752929999989],[-42.9084157999999,-23.006775299999994]]],[[[-42.9077093,-23.004688600000005],[-42.90780360000001,-23.005750599999896],[-42.909463699999904,-23.005996299999893],[-42.9077093,-23.004688600000005]]],[[[-42.00068580000001,-23.016711999999895],[-42.0058832999999,-23.002843499999997],[-41.9776527,-22.978154299999986],[-41.9745746999999,-22.992163899999998],[-42.00068580000001,-23.016711999999895]]],[[[-43.0888679999999,-22.988020800000008],[-43.0816773,-22.9879672],[-43.085687,-22.989659599999992],[-43.0888679999999,-22.988020800000008]]],[[[-42.037750300000006,-22.984313099999994],[-42.0369794,-22.984267199999987],[-42.03739610000001,-22.9846926],[-42.037750300000006,-22.984313099999994]]],[[[-43.06823020000001,-22.98619319999989],[-43.063725500000004,-22.982153999999994],[-43.06259800000001,-22.981203799999886],[-43.06823020000001,-22.98619319999989]]],[[[-42.0386111,-22.98098119999999],[-42.03753470000001,-22.982272700000003],[-42.03823379999991,-22.983350000000005],[-42.0386111,-22.98098119999999]]],[[[-43.05293329999991,-22.9794484],[-43.0547046999999,-22.97886509999999],[-43.0533682,-22.977113599999896],[-43.05293329999991,-22.9794484]]],[[[-41.992476,-22.969383099999995],[-41.9864868999999,-22.963300899999993],[-41.98543310000001,-22.963837099999992],[-41.992476,-22.969383099999995]]],[[[-42.6922327999999,-22.962136399999995],[-42.69139820000001,-22.961814599999997],[-42.69102009999991,-22.962189],[-42.6922327999999,-22.962136399999995]]],[[[-43.1034139,-22.955219100000008],[-43.1046592,-22.957579100000004],[-43.10568510000001,-22.957098999999996],[-43.1034139,-22.955219100000008]]],[[[-42.467954000000006,-22.943923099999896],[-42.4691141,-22.943609399999996],[-42.4680183,-22.943556199999897],[-42.467954000000006,-22.943923099999896]]],[[[-42.0290629,-22.9412229],[-42.0298447,-22.940527999999997],[-42.028767,-22.939862400000003],[-42.0290629,-22.9412229]]],[[[-42.4767661999999,-22.9398093],[-42.47571270000001,-22.939435399999986],[-42.47614420000001,-22.940488999999992],[-42.4767661999999,-22.9398093]]],[[[-42.4756113999999,-22.939069199999892],[-42.4752579999999,-22.9389014999999],[-42.47542939999991,-22.939246700000005],[-42.4756113999999,-22.939069199999892]]],[[[-42.47465820000001,-22.938497099999907],[-42.4747010999999,-22.938753599999895],[-42.47492600000001,-22.9386254],[-42.47465820000001,-22.938497099999907]]],[[[-42.4744226,-22.9385169],[-42.474347599999895,-22.938073000000006],[-42.4742405,-22.938161799999897],[-42.4744226,-22.9385169]]],[[[-42.47373720000001,-22.937934899999995],[-42.473373,-22.938270299999896],[-42.4734587,-22.938546399999993],[-42.47373720000001,-22.937934899999995]]],[[[-43.10174729999989,-22.930952499999897],[-43.10185069999991,-22.931369299999993],[-43.1020505,-22.931250900000002],[-43.10174729999989,-22.930952499999897]]],[[[-41.981824,-22.90205509999989],[-41.9792795,-22.89157929999989],[-41.9771043,-22.901031299999893],[-41.981824,-22.90205509999989]]],[[[-41.9603261,-22.8835144],[-41.9608888,-22.885451999999898],[-41.9604763999999,-22.883146899999904],[-41.9603261,-22.8835144]]],[[[-41.95913269999989,-22.881812699999998],[-41.9591209,-22.884069500000006],[-41.9593982,-22.8841017],[-41.95913269999989,-22.881812699999998]]],[[[-41.9428412,-22.877839200000004],[-41.9403182999999,-22.878800899999888],[-41.94198990000001,-22.879975999999896],[-41.9428412,-22.877839200000004]]],[[[-41.95426289999989,-22.873816599999902],[-41.9495044,-22.8706256999999],[-41.95353219999999,-22.876097599999994],[-41.95426289999989,-22.873816599999902]]],[[[-41.9382955999999,-22.8704043999999],[-41.93821020000001,-22.869779799999893],[-41.9379625999999,-22.8700041],[-41.9382955999999,-22.8704043999999]]],[[[-41.94458159999991,-22.875880900000002],[-41.9452241,-22.863636999999994],[-41.93496459999991,-22.86444719999999],[-41.94458159999991,-22.875880900000002]]],[[[-41.9196277,-22.864088099999893],[-41.920057,-22.865577599999895],[-41.921347499999996,-22.863587699999997],[-41.9196277,-22.864088099999893]]],[[[-41.923733,-22.86355989999989],[-41.9231682999999,-22.864848100000003],[-41.9248044999999,-22.86432189999989],[-41.923733,-22.86355989999989]]],[[[-43.105653100000005,-22.8461819],[-43.1040083999999,-22.8477713999999],[-43.1060621,-22.848377],[-43.105653100000005,-22.8461819]]],[[[-43.107637100000005,-22.846987399999907],[-43.1081518,-22.846696799999993],[-43.1077202,-22.846513199999904],[-43.107637100000005,-22.846987399999907]]],[[[-43.1012858999999,-22.824355099999902],[-43.093264,-22.8222524],[-43.1036693999999,-22.829896299999998],[-43.1012858999999,-22.824355099999902]]],[[[-41.9191236999999,-22.815603999999997],[-41.91816549999991,-22.817029399999992],[-41.9194539,-22.8166894],[-41.9191236999999,-22.815603999999997]]],[[[-41.9175278,-22.8162713999999],[-41.9180507,-22.815583399999994],[-41.91736050000001,-22.815728699999998],[-41.9175278,-22.8162713999999]]],[[[-41.919577499999896,-22.815733700000003],[-41.9196929,-22.8151930999999],[-41.9191202,-22.815500099999998],[-41.919577499999896,-22.815733700000003]]],[[[-41.922380200000006,-22.81253939999989],[-41.9205441,-22.814829299999893],[-41.923597,-22.812316599999996],[-41.922380200000006,-22.81253939999989]]],[[[-43.105049,-22.791044800000012],[-43.103830300000006,-22.790773199999908],[-43.1045511,-22.7919916],[-43.105049,-22.791044800000012]]],[[[-43.1061973,-22.7917131],[-43.104901500000004,-22.790247299999987],[-43.1048173,-22.790494799999998],[-43.1061973,-22.7917131]]],[[[-43.10104110000001,-22.7893180999999],[-43.101269800000004,-22.789886099999904],[-43.1016215999999,-22.78993969999991],[-43.10104110000001,-22.7893180999999]]],[[[-43.100514200000006,-22.788756699999993],[-43.0990394,-22.788657499999907],[-43.10030919999999,-22.789318200000004],[-43.100514200000006,-22.788756699999993]]],[[[-43.1061768,-22.777770599999897],[-43.1057413,-22.77659940000001],[-43.104995099999904,-22.77762130000001],[-43.1061768,-22.777770599999897]]],[[[-43.072864499999994,-22.774565100000007],[-43.0723495999999,-22.7743222999999],[-43.072627699999906,-22.7746984],[-43.072864499999994,-22.774565100000007]]],[[[-43.0731919,-22.77438310000001],[-43.07390409999989,-22.77337589999999],[-43.072848199999996,-22.773657100000005],[-43.0731919,-22.77438310000001]]],[[[-43.1019838,-22.763311499999908],[-43.1017553999999,-22.762447899999906],[-43.1015264,-22.76293899999999],[-43.1019838,-22.763311499999908]]],[[[-43.0697438999999,-22.7602118999999],[-43.0695944,-22.760643699999907],[-43.0698783999999,-22.760665100000008],[-43.0697438999999,-22.7602118999999]]],[[[-43.1056144,-22.748652799999896],[-43.1143769,-22.76746859999999],[-43.1128135,-22.754069899999894],[-43.1056144,-22.748652799999896]]],[[[-43.0327348,-22.742387399999906],[-43.027279399999905,-22.743510299999997],[-43.030836899999905,-22.7472093],[-43.0327348,-22.742387399999906]]],[[[-41.9415749,-22.739517599999896],[-41.941543200000005,-22.739316699999993],[-41.9414135,-22.7393377],[-41.9415749,-22.739517599999896]]],[[[-41.9469202999999,-22.739440999999896],[-41.94184749999991,-22.739128199999993],[-41.9436734999999,-22.741026799999894],[-41.9469202999999,-22.739440999999896]]],[[[-41.9460026,-22.73660449999988],[-41.946403099999905,-22.736554899999888],[-41.945972099999906,-22.736520599999896],[-41.9460026,-22.73660449999988]]],[[[-41.94071159999991,-22.73596739999989],[-41.9406162,-22.736844799999997],[-41.9407191999999,-22.73688489999989],[-41.94071159999991,-22.73596739999989]]],[[[-41.9459990999999,-22.727726499999992],[-41.94584220000001,-22.727881899999904],[-41.9462098,-22.727977699999897],[-41.9459990999999,-22.727726499999992]]],[[[-41.92418359999991,-22.721899199999903],[-41.9207630999999,-22.724906399999995],[-41.926483,-22.723912099999893],[-41.92418359999991,-22.721899199999903]]],[[[-43.063876799999896,-22.6948209999999],[-43.0639839999999,-22.694273899999892],[-43.063497599999906,-22.69467729999999],[-43.063876799999896,-22.6948209999999]]],[[[-43.1048706,-22.691973600000004],[-43.1052345,-22.6923966],[-43.1053583,-22.691966899999997],[-43.1048706,-22.691973600000004]]],[[[-43.060476299999905,-22.689454799999996],[-43.061244200000004,-22.690941399999904],[-43.061963999999904,-22.6907153999999],[-43.060476299999905,-22.689454799999996]]],[[[-41.982211999999905,-22.596467499999992],[-41.983205600000005,-22.596894599999903],[-41.9823150999999,-22.5958545],[-41.982211999999905,-22.596467499999992]]],[[[-41.9343904,-22.541819499999992],[-41.9341216999999,-22.54144189999989],[-41.93377689999989,-22.541608600000004],[-41.9343904,-22.541819499999992]]],[[[-41.94143580000001,-22.541149299999987],[-41.9421669,-22.541410599999907],[-41.94186680000001,-22.54101649999999],[-41.94143580000001,-22.541149299999987]]],[[[-41.93526139999991,-22.540762800000007],[-41.935021499999905,-22.5406965],[-41.93514570000001,-22.5408156999999],[-41.93526139999991,-22.540762800000007]]],[[[-41.941669100000006,-22.540481299999993],[-41.9415049999999,-22.54044319999999],[-41.9415604,-22.540549099999986],[-41.941669100000006,-22.540481299999993]]],[[[-41.93374589999999,-22.540488999999997],[-41.93381459999989,-22.5403784],[-41.9336734999999,-22.540330699999995],[-41.93374589999999,-22.540488999999997]]],[[[-41.9340435,-22.54048129999999],[-41.9340587999999,-22.540288699999987],[-41.93395960000001,-22.54021809999989],[-41.9340435,-22.54048129999999]]],[[[-41.9340321,-22.539895799999996],[-41.9342632,-22.540099900000005],[-41.93436009999991,-22.5400064],[-41.9340321,-22.539895799999996]]],[[[-41.943217800000006,-22.539663099999895],[-41.9429928,-22.539659299999997],[-41.9429203,-22.5398233],[-41.943217800000006,-22.539663099999895]]],[[[-41.9358516999999,-22.539508599999984],[-41.935697199999915,-22.53936169999999],[-41.9356761999999,-22.539458999999997],[-41.9358516999999,-22.539508599999984]]],[[[-41.9373583,-22.5385175],[-41.9359365999999,-22.539352499999893],[-41.9381220999999,-22.539902599999888],[-41.9373583,-22.5385175]]],[[[-41.9190591999999,-22.531850899999885],[-41.91795949999991,-22.533195399999997],[-41.9197015,-22.533675800000005],[-41.9190591999999,-22.531850899999885]]],[[[-41.917012999999905,-22.53254899999998],[-41.91639090000001,-22.53216019999999],[-41.9163339999999,-22.532525899999886],[-41.917012999999905,-22.53254899999998]]],[[[-41.918521499999905,-22.5315034999999],[-41.91875420000001,-22.531757099999894],[-41.9187312999999,-22.531499599999993],[-41.918521499999905,-22.5315034999999]]],[[[-41.9198643,-22.526742699999897],[-41.9195857999999,-22.5268705],[-41.9199328999999,-22.5268571999999],[-41.9198643,-22.526742699999897]]],[[[-41.9041576,-22.859985299999895],[-41.9069314,-22.856907099999898],[-41.9033656,-22.851156399999994],[-41.9041576,-22.859985299999895]]],[[[-41.9035009999999,-22.850500899999897],[-41.90285029999999,-22.850456399999896],[-41.902843000000004,-22.85080359999988],[-41.9035009999999,-22.850500899999897]]],[[[-41.89313969999991,-22.84468169999999],[-41.8890110999999,-22.8446873999999],[-41.8934626,-22.845939600000005],[-41.89313969999991,-22.84468169999999]]],[[[-41.8963734,-22.786329099999886],[-41.8965069,-22.785869399999992],[-41.8964877999999,-22.785747299999997],[-41.8963734,-22.786329099999886]]],[[[-41.8921248,-22.7847715],[-41.8921184,-22.78464209999989],[-41.89208330000001,-22.784756799999986],[-41.8921248,-22.7847715]]],[[[-41.829035899999994,-22.78484919999989],[-41.82861460000001,-22.784300099999886],[-41.8283183999999,-22.784329299999985],[-41.829035899999994,-22.78484919999989]]],[[[-41.82908800000001,-22.784449899999984],[-41.8293477,-22.783931899999992],[-41.8289900999999,-22.783909799999897],[-41.82908800000001,-22.784449899999984]]],[[[-41.902522700000006,-22.7836282],[-41.902439,-22.783452800000003],[-41.902393,-22.783519499999986],[-41.902522700000006,-22.7836282]]],[[[-41.899799,-22.782590700000004],[-41.8998333,-22.782745099999904],[-41.89989430000001,-22.78255439999999],[-41.899799,-22.782590700000004]]],[[[-41.8999019999999,-22.782459000000006],[-41.8998485,-22.782346499999996],[-41.8998447,-22.78246859999999],[-41.8999019999999,-22.782459000000006]]],[[[-41.826428099999895,-22.7720547],[-41.821161000000004,-22.773665799999893],[-41.8253791,-22.7763618],[-41.826428099999895,-22.7720547]]],[[[-41.793863299999906,-22.771701599999993],[-41.7844524,-22.7689928999999],[-41.784162,-22.770298999999987],[-41.793863299999906,-22.771701599999993]]],[[[-41.87199240000001,-22.766567999999893],[-41.872586,-22.7659586],[-41.87219600000001,-22.765763999999887],[-41.87199240000001,-22.766567999999893]]],[[[-41.9037524,-22.75540679999989],[-41.9035967,-22.75613549999999],[-41.9040524,-22.75588820000001],[-41.9037524,-22.75540679999989]]],[[[-41.88695280000001,-22.75249199999999],[-41.8875470999999,-22.7528983999999],[-41.8873973,-22.752330499999992],[-41.88695280000001,-22.75249199999999]]],[[[-41.8745218999999,-22.7295983],[-41.873211700000006,-22.73087969999989],[-41.875487699999994,-22.730982899999987],[-41.8745218999999,-22.7295983]]],[[[-41.9089675,-22.537156999999993],[-41.909149,-22.5369016],[-41.90875579999991,-22.537013299999987],[-41.9089675,-22.537156999999993]]],[[[-41.909481500000005,-22.5364309999999],[-41.9093975,-22.53656289999999],[-41.9095613,-22.53645039999999],[-41.909481500000005,-22.5364309999999]]],[[[-41.88457450000001,-22.489682899999895],[-41.8848606,-22.489850799999896],[-41.8849590999999,-22.489769699999993],[-41.88457450000001,-22.489682899999895]]],[[[-41.88338409999991,-22.489399799999894],[-41.88382910000001,-22.489825999999887],[-41.8840432,-22.489608599999908],[-41.88338409999991,-22.489399799999894]]],[[[-41.8849789,-22.489564699999985],[-41.884811000000006,-22.489408299999994],[-41.884711799999906,-22.489528399999994],[-41.8849789,-22.489564699999985]]],[[[-41.8845592,-22.488273399999983],[-41.88401759999991,-22.487878599999895],[-41.8839909,-22.488170399999895],[-41.8845592,-22.488273399999983]]],[[[-41.8647326999999,-22.479099799999997],[-41.8646838999999,-22.478680499999893],[-41.8642358,-22.4792515999999],[-41.8647326999999,-22.479099799999997]]],[[[-41.8482296,-22.478778599999888],[-41.8488846,-22.478754699999993],[-41.84843330000001,-22.478458299999886],[-41.8482296,-22.478778599999888]]],[[[-41.8495705,-22.478488599999892],[-41.8500107999999,-22.478677400000002],[-41.8496982,-22.478411899999994],[-41.8495705,-22.478488599999892]]],[[[-41.85096190000001,-22.477810699999996],[-41.8505408,-22.47844629999999],[-41.851331,-22.4786382],[-41.85096190000001,-22.477810699999996]]],[[[-41.86104590000001,-22.475173499999997],[-41.861895100000005,-22.475030599999997],[-41.86176099999991,-22.474757899999894],[-41.86104590000001,-22.475173499999997]]],[[[-41.85741380000001,-22.473384099999993],[-41.8574171999999,-22.47478779999989],[-41.8582066,-22.47432179999988],[-41.85741380000001,-22.473384099999993]]],[[[-41.8577144,-22.4733702999999],[-41.858083500000006,-22.47281149999999],[-41.8574151999999,-22.473121499999888],[-41.8577144,-22.4733702999999]]],[[[-41.85620709999991,-22.466776099999908],[-41.8568107,-22.467500399999885],[-41.856601,-22.466759200000006],[-41.85620709999991,-22.466776099999908]]],[[[-41.85142749999989,-22.4649535],[-41.8509245,-22.465005699999896],[-41.85094470000001,-22.465117899999886],[-41.85142749999989,-22.4649535]]],[[[-41.85227589999991,-22.463883899999892],[-41.8522227999999,-22.464085599999983],[-41.8524077,-22.463871700000002],[-41.85227589999991,-22.463883899999892]]],[[[-41.85396919999991,-22.46257019999998],[-41.8534268,-22.46372029999999],[-41.8541317,-22.463277799999993],[-41.85396919999991,-22.46257019999998]]],[[[-41.852153400000006,-22.4626863],[-41.852470000000004,-22.462884699999996],[-41.8525997,-22.462568099999906],[-41.852153400000006,-22.4626863]]],[[[-41.8549343,-22.456943299999995],[-41.8547091999999,-22.457030999999997],[-41.85484280000001,-22.457128299999987],[-41.8549343,-22.456943299999995]]],[[[-41.8550372999999,-22.457008099999886],[-41.8550372999999,-22.45673349999988],[-41.85494570000001,-22.456697199999986],[-41.8550372999999,-22.457008099999886]]],[[[-41.8542295,-22.45488959999988],[-41.8538546999999,-22.4557626],[-41.854297200000005,-22.455270599999892],[-41.8542295,-22.45488959999988]]],[[[-41.85444219999991,-22.4548260999999],[-41.8542972,-22.454906200000003],[-41.85450320000001,-22.454957699999987],[-41.85444219999991,-22.4548260999999]]],[[[-41.851027200000004,-22.453838299999997],[-41.8520083,-22.455082599999997],[-41.852541300000006,-22.454005599999984],[-41.851027200000004,-22.453838299999997]]],[[[-41.828699,-22.425393099999994],[-41.8286095999999,-22.425784199999995],[-41.82902669999991,-22.425723599999994],[-41.828699,-22.425393099999994]]],[[[-41.8282222999999,-22.4244677],[-41.827995900000005,-22.424517299999884],[-41.8280376,-22.4246274999999],[-41.8282222999999,-22.4244677]]],[[[-41.82779920000001,-22.424434699999896],[-41.82762639999999,-22.424561400000005],[-41.8277575,-22.42462199999989],[-41.82779920000001,-22.424434699999896]]],[[[-41.8278946,-22.424247399999985],[-41.8279838999999,-22.424368600000008],[-41.8280376,-22.424285999999892],[-41.8278946,-22.424247399999985]]],[[[-41.7164309,-22.4165861],[-41.713034400000005,-22.421995099999894],[-41.7172692999999,-22.416926900000007],[-41.7164309,-22.4165861]]],[[[-41.7092057999999,-22.4174257999999],[-41.702194500000004,-22.405239999999893],[-41.70031060000001,-22.419834299999902],[-41.7092057999999,-22.4174257999999]]],[[[-41.8005214999999,-22.409972899999993],[-41.800788499999996,-22.41007589999999],[-41.8006316999999,-22.409726399999983],[-41.8005214999999,-22.409972899999993]]],[[[-41.6905566,-22.402881299999905],[-41.69068620000001,-22.403602],[-41.6912083999999,-22.403133200000006],[-41.6905566,-22.402881299999905]]],[[[-41.687843900000004,-22.401740600000007],[-41.688972500000006,-22.40131329999999],[-41.6878224,-22.4014405999999],[-41.687843900000004,-22.401740600000007]]],[[[-41.697631900000005,-22.400023699999995],[-41.69008539999991,-22.400286899999998],[-41.695183299999904,-22.405412799999993],[-41.697631900000005,-22.400023699999995]]],[[[-41.6885412,-22.3991136999999],[-41.68592110000001,-22.4005084],[-41.6889901,-22.3998099999999],[-41.6885412,-22.3991136999999]]],[[[-41.76534129999991,-22.391252099999992],[-41.766511900000005,-22.39209649999999],[-41.7662362999999,-22.39064569999989],[-41.76534129999991,-22.391252099999992]]],[[[-41.764069600000006,-22.390591899999894],[-41.7650616999999,-22.390461999999992],[-41.7643664,-22.389783499999986],[-41.764069600000006,-22.390591899999894]]],[[[-41.7583499,-22.3840976],[-41.76001539999991,-22.383124399999883],[-41.7586436999999,-22.382729599999887],[-41.7583499,-22.3840976]]],[[[-41.1163895,-22.08167139999991],[-41.1165217,-22.081257999999895],[-41.116389500000004,-22.081211999999905],[-41.1163895,-22.08167139999991]]],[[[-41.0297886,-21.621419699999905],[-41.0269198999999,-21.621831699999998],[-41.026451900000005,-21.623123699999997],[-41.0297886,-21.621419699999905]]],[[[-41.0284763,-21.620683499999892],[-41.021998999999894,-21.62105730000001],[-41.0285054999999,-21.6207181999999],[-41.0284763,-21.620683499999892]]],[[[-41.01648290000001,-21.620950499999896],[-41.0162235,-21.621499799999995],[-41.0168949,-21.621148799999986],[-41.01648290000001,-21.620950499999896]]],[[[-41.017264899999894,-21.61971639999999],[-41.0160938,-21.620446899999905],[-41.0175396,-21.62061099999989],[-41.017264899999894,-21.61971639999999]]],[[[-41.0176807,-21.6195504999999],[-41.018443700000006,-21.620370599999898],[-41.020320500000004,-21.6203403],[-41.0176807,-21.6195504999999]]],[[[-41.01559030000001,-21.61885430000001],[-41.0158268,-21.62006739999999],[-41.0169139999999,-21.619437999999896],[-41.01559030000001,-21.61885430000001]]],[[[-41.0128491,-21.6149457999999],[-41.014816200000006,-21.618714899999894],[-41.016002399999905,-21.610715799999998],[-41.0128491,-21.6149457999999]]],[[[-41.0426217999999,-21.5875518],[-41.018796699999896,-21.607316599999905],[-41.0177897999999,-21.613969099999995],[-41.04591099999989,-21.616217999999897],[-41.0426217999999,-21.5875518]]],[[[-41.0475709,-21.583298699999894],[-41.0484951999999,-21.583406199999988],[-41.0477442,-21.58268089999999],[-41.0475709,-21.583298699999894]]],[[[-41.0360606,-21.463679099999997],[-41.0364918999999,-21.464044199999908],[-41.03617999999991,-21.463621299999904],[-41.0360606,-21.463679099999997]]],[[[-41.03584959999989,-21.462719400000005],[-41.0358398,-21.463603299999907],[-41.036181999999904,-21.4627225999999],[-41.03584959999989,-21.462719400000005]]]]}},{"type":"Feature","properties":{"SIGLA_UF":"PR","NM_UF":"Paraná","NM_REGIAO":"Sul"},"geometry":{"type":"MultiPolygon","coordinates":[[[[-48.4082268999999,-25.841332999999988],[-48.408810300000006,-25.841867900000004],[-48.4092919999999,-25.841167599999896],[-48.4082268999999,-25.841332999999988]]],[[[-48.36734620000001,-25.736052099999903],[-48.3638069,-25.736157499999905],[-48.3660730999999,-25.737531699999998],[-48.36734620000001,-25.736052099999903]]],[[[-48.3713916999999,-25.733374599999905],[-48.3694704,-25.7353510999999],[-48.3726634999999,-25.733375499999998],[-48.3713916999999,-25.733374599999905]]],[[[-51.435346,-26.6881781],[-51.507794999999895,-26.580924199999988],[-51.535607399999904,-26.591797900000007],[-51.6309939,-26.587818300000006],[-51.6641056999999,-26.563741799999892],[-51.6941649999999,-26.58121129999989],[-51.73454579999999,-26.572375899999912],[-51.7893989999999,-26.588682399999996],[-51.814384,-26.577560599999988],[-51.8734504999999,-26.599362500000005],[-51.8967198,-26.579982000000015],[-52.00876749999999,-26.5665605999999],[-52.0326239999999,-26.5406846],[-52.0813539,-26.525111000000003],[-52.1005043,-26.4817421],[-52.1666946,-26.464980599999908],[-52.1859468,-26.4452282999999],[-52.229811799999894,-26.46704309999999],[-52.278519300000006,-26.460739999999902],[-52.3117616,-26.43882989999999],[-52.3774195,-26.440956700000005],[-52.4000377,-26.423144099999885],[-52.4591725,-26.4411226999999],[-52.524536395,-26.399125299999998],[-52.602652097,-26.415420299999912],[-52.678622,-26.35267599999999],[-52.7188906,-26.357300999999904],[-52.73776320000001,-26.342184899999896],[-52.9421699,-26.362837500000015],[-52.9883571999999,-26.345773900000005],[-53.093228,-26.392022099999995],[-53.1444015,-26.344782799999994],[-53.18446859999991,-26.343806399999895],[-53.26453450000001,-26.28932979999999],[-53.2808366,-26.24613429999989],[-53.3048557,-26.260529000000002],[-53.3760718999999,-26.241614],[-53.46138649999989,-26.296373500000005],[-53.5505335999999,-26.293836299999988],[-53.5862946999999,-26.255866299999994],[-53.62804320000001,-26.263264600000007],[-53.639971300000006,-26.252523600000004],[-53.65352119999991,-26.2351070999999],[-53.6411691,-26.215534499999894],[-53.650311900000005,-26.194736099999908],[-53.7415139999999,-26.1160169],[-53.73402370000001,-26.042959600000007],[-53.75685910000001,-26.0417449999999],[-53.80271929999999,-25.984659500000003],[-53.81768360000001,-25.989963999999897],[-53.8135804,-25.9802887],[-53.8360377,-25.9718870999999],[-53.8428115999999,-25.933655599999994],[-53.8335021999999,-25.92063629999999],[-53.8202932,-25.92725199999999],[-53.818523099999894,-25.912612599999903],[-53.8351416,-25.9117057999999],[-53.8194381,-25.898581900000003],[-53.8498175,-25.8837414999999],[-53.823294800000006,-25.872132299999997],[-53.849935599999995,-25.839459699999992],[-53.8383429,-25.81597830000001],[-53.8196189,-25.816438199999904],[-53.8219619,-25.7936415],[-53.84304929999999,-25.79090080000001],[-53.8309232999999,-25.78084419999989],[-53.8570961999999,-25.766227399999888],[-53.83498409999999,-25.749966000000004],[-53.866496500000004,-25.743965999999894],[-53.859016200000006,-25.72323389999999],[-53.8794928,-25.707604799999995],[-53.8654518,-25.7053812],[-53.8726182999999,-25.6935544],[-53.8513624,-25.7062199],[-53.8551479,-25.691490599999998],[-53.8420551,-25.688076099999893],[-53.86249230000001,-25.658608499999996],[-53.8903417,-25.6610244],[-53.8765233,-25.644988199999897],[-53.8952173,-25.642986999999884],[-53.8910802999999,-25.622893199999993],[-53.9123147,-25.636245499999998],[-53.916790299999896,-25.616082699999904],[-53.94857350000001,-25.6115531999999],[-53.9556972999999,-25.6464807999999],[-53.9655809,-25.6125347],[-53.977767300000004,-25.611776099999908],[-53.9702553,-25.600942599999904],[-54.01080999999991,-25.56653279999989],[-54.0521079,-25.5850833],[-54.07789269999991,-25.5579048],[-54.1018156,-25.61805669999999],[-54.1234186,-25.56808849999989],[-54.0940519,-25.515137799999888],[-54.1036615,-25.4944189],[-54.16311060000001,-25.542607200000006],[-54.206382,-25.5417401],[-54.176427200000006,-25.584430900000005],[-54.2304796,-25.562808399999902],[-54.235363299999996,-25.59363129999999],[-54.2537192999999,-25.596409199999997],[-54.2883178,-25.5544065999999],[-54.328905799999994,-25.571902099999907],[-54.349886,-25.606969400000004],[-54.3870436999999,-25.598050099999995],[-54.391682999999894,-25.63226139999989],[-54.425296199999906,-25.65890489999999],[-54.4317384,-25.697106099999896],[-54.4926042,-25.618372799999996],[-54.5263421999999,-25.628828800000008],[-54.55288669999991,-25.588152899999997],[-54.5935181,-25.592246199999995],[-54.601580799999994,-25.487116800000003],[-54.6198575,-25.45198669999999],[-54.50164679999989,-25.297249800000007],[-54.4617072999999,-25.18653039999999],[-54.4268557999999,-25.1654541999999],[-54.4620083,-25.096357300000005],[-54.4635469999999,-25.056906],[-54.389927799999995,-24.7772831999999],[-54.3311090999999,-24.690506499999998],[-54.3182216,-24.594527599999903],[-54.33551460000001,-24.51793569999999],[-54.3265125999999,-24.46517470000001],[-54.2582351999999,-24.365857999999903],[-54.277440899999895,-24.29144469999989],[-54.3279666999999,-24.238050399999995],[-54.3433345,-24.1331294999999],[-54.2862316,-24.0682254],[-54.1326548,-23.984192299999997],[-54.101764999999894,-23.951963499999994],[-54.0799057,-23.88897830000001],[-54.0804586,-23.7808970999999],[-54.0526388,-23.7250675999999],[-53.98659669999999,-23.464793600000004],[-53.9636852,-23.443999],[-53.9320549999999,-23.445948799999904],[-53.77548790000001,-23.375131399999894],[-53.7413238,-23.335638399999894],[-53.6365886999999,-23.125030799999905],[-53.63412499999999,-22.998495099999992],[-53.5468271,-22.8900963],[-53.37753219999999,-22.8032340999999],[-53.3520354999999,-22.77568059999991],[-53.19352760000001,-22.725346799999993],[-53.10625970000001,-22.622600199999994],[-53.0877869,-22.658444899999903],[-52.972425,-22.57048429999999],[-52.9247425999999,-22.565623999999996],[-52.8583628,-22.60800099999989],[-52.8154397,-22.59704319999999],[-52.7082513999999,-22.6280619],[-52.5849228,-22.565933200000007],[-52.545377200000004,-22.611743499999896],[-52.502676799999996,-22.634555699999996],[-52.43762969999991,-22.606848699999894],[-52.31313639999999,-22.636512399999997],[-52.25041309999991,-22.615426399999894],[-52.2308583,-22.633520199999992],[-52.22257719999989,-22.675535399999905],[-52.15667799999991,-22.6447188999999],[-52.14876189999999,-22.549253500000006],[-52.1276022,-22.51992299999991],[-52.1058518999999,-22.51666190000001],[-51.940512600000005,-22.5673427999999],[-51.8686243,-22.63044559999999],[-51.771620599999906,-22.614126899999988],[-51.7357046,-22.62429249999999],[-51.7181735999999,-22.6690211],[-51.6278786,-22.658240599999893],[-51.5595691999999,-22.697179300000005],[-51.4989017999999,-22.690529300000005],[-51.4464101999999,-22.6529523],[-51.4020163,-22.66790549999999],[-51.3736491999999,-22.6581328999999],[-51.30649499999999,-22.674490200000005],[-51.2651999,-22.667697399999998],[-51.228336,-22.7160172],[-51.1495821,-22.75505370000001],[-51.0576149999999,-22.766057099999998],[-51.00554859999989,-22.793821400000002],[-50.9718895999999,-22.7824477999999],[-50.94069530000001,-22.805325199999995],[-50.8887189,-22.796531199999894],[-50.7929516999999,-22.894353500000005],[-50.8039919999999,-22.945736599999996],[-50.7586621,-22.9476544],[-50.73637,-22.963350999999903],[-50.7112162,-22.95474440000001],[-50.6615854,-22.89547749999999],[-50.6085241,-22.924153999999902],[-50.577057200000006,-22.903944499999998],[-50.5404935,-22.9121289],[-50.5060789999999,-22.9453771],[-50.43030250000001,-22.946407399999888],[-50.4189476,-22.913933099999998],[-50.3790746,-22.905405599999902],[-50.33615879999999,-22.950396500000004],[-50.2733878999999,-22.931001299999885],[-50.2375375999999,-22.9541462],[-50.0674703999999,-22.9275153],[-50.04785269999999,-22.901964099999905],[-49.9948737,-22.92971909999989],[-49.9988529999999,-22.901749900000002],[-49.986164899999906,-22.897504799999993],[-49.962049500000006,-22.9233131],[-49.9693326,-22.9644784],[-49.8995854,-23.0020053],[-49.911602199999905,-23.051118599999903],[-49.8674152999999,-23.071691900000005],[-49.8336586,-23.0659429],[-49.78917909999999,-23.1033454999999],[-49.7402393,-23.099168300000002],[-49.72555099999991,-23.109438100000002],[-49.730488799999904,-23.14144609999991],[-49.6783199,-23.165061700000006],[-49.6264619999999,-23.282916600000004],[-49.6216944999999,-23.33188959999999],[-49.6370957999999,-23.351619899999903],[-49.6041569,-23.35894749999989],[-49.5904025,-23.38279249999989],[-49.621011699999904,-23.397419300000006],[-49.5985165,-23.398186599999995],[-49.5808046,-23.4317181],[-49.5666241,-23.426420099999987],[-49.5729514,-23.4439439999999],[-49.595640100000004,-23.4403824],[-49.5985767999999,-23.477157399999992],[-49.6148803,-23.4722009999999],[-49.62109670000001,-23.49209899999991],[-49.6128168,-23.508272299999888],[-49.629370299999906,-23.511827499999992],[-49.60020619999991,-23.535624399999996],[-49.617145199999996,-23.63958589999991],[-49.5491992,-23.704016399999897],[-49.548792600000006,-23.7362924999999],[-49.5640496999999,-23.732219299999887],[-49.5734628,-23.756039600000005],[-49.5605047999999,-23.761306600000005],[-49.57054740000001,-23.778366600000005],[-49.5608915,-23.815914499999995],[-49.6107365,-23.851694899999888],[-49.5853486,-23.890429],[-49.57360149999991,-23.877954999999893],[-49.577378100000004,-23.897438299999997],[-49.556989699999995,-23.92273069999991],[-49.51160470000001,-23.925899899999898],[-49.5210997,-23.94610179999999],[-49.49966749999991,-23.959209799999897],[-49.51675679999989,-23.970122499999906],[-49.4936847,-23.97759579999999],[-49.4981248,-23.993808299999998],[-49.4805709999999,-24.006171400000003],[-49.4900451,-24.0201132],[-49.4634430999999,-24.027435800000003],[-49.42978620000001,-24.068708799999996],[-49.43001069999999,-24.088536],[-49.33656630000001,-24.137581899999905],[-49.3415441,-24.20312199999999],[-49.3559577999999,-24.21451230000001],[-49.3053740999999,-24.251431000000004],[-49.2838088999999,-24.308062899999996],[-49.2012106,-24.34270019999999],[-49.25350029999999,-24.4050384999999],[-49.2355492,-24.4095520999999],[-49.2532325999999,-24.4359365999999],[-49.2469227,-24.469097999999992],[-49.296462,-24.501895499999907],[-49.280272,-24.5372649],[-49.3159894,-24.55550889999989],[-49.30539759999991,-24.673649800000003],[-49.27568110000001,-24.6943759],[-49.2148306999999,-24.702227999999895],[-49.180544499999904,-24.6716529999999],[-49.111594599999904,-24.68835230000001],[-49.1055909,-24.674711699999893],[-49.079832699999905,-24.672608799999992],[-49.0644047,-24.686025399999902],[-49.0373997,-24.660419699999988],[-49.0400336,-24.636846499999898],[-49.00467769999991,-24.633238899999988],[-49.009427,-24.66036929999998],[-48.9909287999999,-24.65524389999999],[-48.9584528999999,-24.685283200000004],[-48.9424746,-24.672276099999994],[-48.9152604,-24.6829124],[-48.9099285,-24.670715799999996],[-48.8519011,-24.6750054],[-48.85850489999999,-24.657699899999997],[-48.8404009,-24.66497679999999],[-48.8273144,-24.6544532999999],[-48.778651599999904,-24.696732199999893],[-48.757286500000006,-24.67985429999991],[-48.75242,-24.695180099999998],[-48.703812,-24.68038209999999],[-48.6898911,-24.69385219999999],[-48.6940875,-24.670683499999885],[-48.678724100000004,-24.670887999999895],[-48.6771952,-24.6984110999999],[-48.6604872999999,-24.7067569],[-48.63781069999991,-24.6776682999999],[-48.5820348999999,-24.670701600000008],[-48.530840000000005,-24.738389400000003],[-48.4993062999999,-24.738967600000002],[-48.516724100000005,-24.7801820999999],[-48.55575399999999,-24.8062037999999],[-48.566676099999896,-24.863957700000004],[-48.5447856,-24.87896379999999],[-48.559307200000006,-24.90118319999989],[-48.5720602,-24.895013100000003],[-48.5673709,-24.972266900000008],[-48.6008313,-25.010505700000003],[-48.5826617,-25.0516461],[-48.558903199999996,-25.061542299999903],[-48.5560078999999,-25.086552599999894],[-48.5285838,-25.100789299999995],[-48.483291900000005,-25.053192300000006],[-48.4740492999999,-25.0125523999999],[-48.41115269999991,-24.980231699999898],[-48.37863780000001,-24.997028299999997],[-48.35122779999989,-25.036489399999905],[-48.324140999999905,-25.036748299999893],[-48.3303847,-25.06970519999991],[-48.2973095999999,-25.023453699999905],[-48.2875243,-25.039969199999994],[-48.2779171,-25.032974399999908],[-48.2502810999999,-24.977417800000005],[-48.22335639999991,-25.009124299999907],[-48.231554300000006,-25.0207869],[-48.2094673,-25.02718419999999],[-48.2160542999999,-25.07667159999991],[-48.2045004999999,-25.099663499999988],[-48.156885799999905,-25.144652499999886],[-48.1913613,-25.1962412999999],[-48.1148836,-25.250701999999894],[-48.06210609999991,-25.240085199999996],[-48.057446599999906,-25.218334300000006],[-48.02393810000001,-25.229143300000008],[-48.1622965999999,-25.374969999999994],[-48.2149358,-25.4740505],[-48.24693150000001,-25.465446199999995],[-48.3097433999999,-25.493278399999998],[-48.276912099999905,-25.514050599999997],[-48.29898180000001,-25.567128799999995],[-48.3199281999999,-25.586562500000007],[-48.3679028999999,-25.5906464],[-48.4316145,-25.642874600000003],[-48.5266128,-25.801980099999994],[-48.534891300000005,-25.8528327],[-48.5646652999999,-25.8564196],[-48.55971959999991,-25.890748899999906],[-48.6094338,-25.98413409999991],[-48.63370069999999,-25.977687899999996],[-48.6438257,-25.95572279999989],[-48.680113299999995,-25.980719500000006],[-48.962705,-25.98050959999989],[-48.9503619,-25.989991899999893],[-48.97944,-25.988916199999895],[-49.007105,-26.01609579999999],[-49.0412881999999,-26.004005699999894],[-49.05410099999991,-26.020934600000004],[-49.07170760000001,-26.0003947],[-49.0981087,-26.010456700000006],[-49.1257939,-25.9961314999999],[-49.14024990000001,-26.01587260000001],[-49.17495960000001,-26.0000540999999],[-49.23834949999999,-26.031016799999996],[-49.2664680999999,-26.08083109999999],[-49.2935133999999,-26.0825136],[-49.2896216,-26.103778599999885],[-49.32170419999989,-26.1099798999999],[-49.3702152,-26.1557533],[-49.4164959,-26.153054799999907],[-49.43743510000001,-26.172944899999898],[-49.4609306,-26.162296099999892],[-49.4789034,-26.1863104],[-49.4872113,-26.180447399999895],[-49.4963169,-26.221353599999894],[-49.5199009999999,-26.227091099999885],[-49.53796319999999,-26.212853699999997],[-49.5382731999999,-26.23008969999999],[-49.5519798,-26.225125199999997],[-49.555618700000004,-26.237352999999903],[-49.578483600000006,-26.213548999999897],[-49.5910264,-26.231638399999998],[-49.58767949999999,-26.21709809999991],[-49.601685800000006,-26.228628599999993],[-49.6052352,-26.2119309999999],[-49.6345884,-26.209019299999998],[-49.6253474,-26.2016778],[-49.63365939999991,-26.189923399999902],[-49.64392,-26.210082099999997],[-49.653690000000005,-26.186959899999994],[-49.6912361999999,-26.189305599999994],[-49.6769009,-26.1760687],[-49.7114554999999,-26.154323599999895],[-49.7275329999999,-26.171436000000003],[-49.7372501,-26.157534800000008],[-49.7247091999999,-26.14453959999999],[-49.74896410000001,-26.1401180999999],[-49.7683058,-26.1043139999999],[-49.7783459999999,-26.119894199999997],[-49.7873688,-26.09846109999999],[-49.7930051,-26.113456599999896],[-49.80705399999991,-26.088909399999995],[-49.8249997999999,-26.09342529999999],[-49.829569499999906,-26.0692978],[-49.8414696999999,-26.077204100000003],[-49.83169539999991,-26.05309629999991],[-49.844640500000004,-26.06479889999999],[-49.8699693999999,-26.0332501],[-49.93506649999989,-26.033141499999893],[-49.9416945,-26.008413999999995],[-49.960789,-26.02098449999989],[-49.9479527999999,-26.03031979999999],[-49.971654599999994,-26.058380400000008],[-49.9631376999999,-26.02759839999991],[-49.97745439999991,-26.013682300000003],[-50.010939999999906,-26.0133281999999],[-50.0055738,-26.046094299999893],[-50.03617999999991,-26.0270166],[-50.0761977999999,-26.046409299999898],[-50.0826972,-26.024088699999897],[-50.1184008,-26.063622799999994],[-50.1315541,-26.04227329999999],[-50.1482391,-26.058319699999995],[-50.1401632,-26.026583399999904],[-50.1702508,-26.02518849999999],[-50.1801103,-26.033220599999893],[-50.1533519,-26.041849600000003],[-50.18028109999991,-26.0790425],[-50.20878340000001,-26.05701939999989],[-50.2244297,-26.060364099999994],[-50.25122179999989,-26.03047349999999],[-50.2517938,-26.051443799999998],[-50.2672828999999,-26.0426188],[-50.2980142,-26.05431709999989],[-50.3317337999999,-26.083420999999884],[-50.3242602999999,-26.135279899999894],[-50.36923530000001,-26.111753899999904],[-50.36184719999989,-26.093221199999995],[-50.4033332,-26.056979699999896],[-50.432836,-26.062114899999994],[-50.443788,-26.0342980999999],[-50.4991004,-26.02220859999989],[-50.5479774,-26.039610499999995],[-50.5702305999999,-26.001952799999998],[-50.591451899999996,-26.041494800000002],[-50.5525092,-26.0426318],[-50.55190759999991,-26.05755820000001],[-50.6309990999999,-26.064621099999993],[-50.6565623,-26.101813099999998],[-50.64831040000001,-26.13035019999999],[-50.731143,-26.2058168999999],[-50.7164043,-26.245000899999997],[-50.74210930000001,-26.249235199999905],[-50.75056299999991,-26.224450100000002],[-50.7807175999999,-26.225234600000004],[-50.82448649999999,-26.244822900000003],[-50.8385992,-26.271469099999905],[-50.868567999999996,-26.2413645],[-50.8819619,-26.279265800000005],[-50.9015525999999,-26.289332099999996],[-50.9082069999999,-26.2512143],[-50.9325128999999,-26.23449179999989],[-50.9441964,-26.2380535999999],[-50.9315531999999,-26.268495499999993],[-50.9452800999999,-26.282661199999897],[-50.99897259999991,-26.231053399999997],[-51.05684569999989,-26.24390169999999],[-51.0788729,-26.2274257],[-51.1043131,-26.276121200000002],[-51.20719780000001,-26.29630119999999],[-51.215820400000005,-26.315947999999914],[-51.2479511999999,-26.3298664],[-51.2609762,-26.364428199999992],[-51.2509990899999,-26.374364009999987],[-51.3004929099999,-26.417871920000003],[-51.27371599,-26.4448735999999],[-51.2772841899999,-26.458428910000002],[-51.25305730000001,-26.462295704999995],[-51.2708618,-26.505345999999996],[-51.2148010999999,-26.5694455999999],[-51.2392599,-26.6286708],[-51.2763047,-26.6353030999999],[-51.2834010999999,-26.6536303],[-51.3227484999999,-26.657198399999984],[-51.33196029999989,-26.6467008999999],[-51.39112969999999,-26.6632473999999],[-51.40530249999989,-26.676147699999895],[-51.39424940000001,-26.703001399999888],[-51.4114752,-26.717122000000003],[-51.40731759999989,-26.70062],[-51.435346,-26.6881781]]],[[[-48.09703569999989,-25.310237299999997],[-48.0974304,-25.310235999999993],[-48.09609520000001,-25.308872499999886],[-48.09703569999989,-25.310237299999997]]]]}},{"type":"Feature","properties":{"SIGLA_UF":"SC","NM_UF":"Santa Catarina","NM_REGIAO":"Sul"},"geometry":{"type":"MultiPolygon","coordinates":[[[[-49.471674099999994,-29.04694569999999],[-49.7129375,-29.325583499999905],[-49.7439719,-29.3290014999999],[-49.730112000000005,-29.31757739999989],[-49.73968109999999,-29.29991319999991],[-49.8432337,-29.277973500000005],[-49.86778579999999,-29.2252801999999],[-49.96273419999989,-29.198854599999894],[-49.9965852,-29.228262299999997],[-50.1143241999999,-29.257617799999885],[-50.0924482999999,-29.297578999999896],[-50.051215,-29.324111299999984],[-50.0336971,-29.34984649999999],[-50.0410027,-29.355065899999893],[-50.0467758,-29.340358599999888],[-50.0687457999999,-29.342606600000007],[-50.0657727,-29.321917599999896],[-50.087745999999996,-29.324322799999898],[-50.0837572999999,-29.313929899999902],[-50.112494,-29.30575219999999],[-50.123009200000006,-29.281972499999895],[-50.12873640000001,-29.3035543],[-50.1449327999999,-29.29359429999991],[-50.13875310000001,-29.25352459999988],[-50.1775091,-29.248521299999897],[-50.140683200000005,-29.237783399999998],[-50.1506689,-29.2245727],[-50.1339679,-29.207907400000007],[-50.1615475999999,-29.203941900000007],[-50.13964689999991,-29.19221979999999],[-50.09327530000001,-29.212780800000004],[-50.1126912,-29.240006799999893],[-50.0837665,-29.215381799999896],[-50.07406350000001,-29.216844699999996],[-50.051669699999906,-29.214404499999898],[-50.047848099999996,-29.217605899999995],[-50.046997899999994,-29.21718420000001],[-50.052716999999994,-29.213090200000003],[-50.08397999999989,-29.213836399999895],[-50.0913462,-29.219795500000007],[-50.09966500000001,-29.159809699999993],[-50.0798217,-29.155364799999997],[-50.0571550999999,-29.157949000000006],[-50.0934227,-29.1679101999999],[-50.0753225,-29.188356199999916],[-50.059726699999906,-29.175245699999884],[-50.06787349999999,-29.195492999999892],[-50.0333936,-29.175282399999997],[-50.0151585,-29.1867397],[-50.0287506999999,-29.171871800000005],[-50.02106189999991,-29.15100349999989],[-50.00587720000001,-29.1504138999999],[-50.0134184999999,-29.126819600000005],[-50.00461630000001,-29.120087800000004],[-49.981741299999996,-29.139078000000005],[-49.99260459999991,-29.117664899999994],[-49.9626024999999,-29.117481199999897],[-49.9682594999999,-29.084220500000008],[-49.942132599999994,-29.05821789999989],[-50.0044129999999,-29.072381600000003],[-49.960998699999905,-29.050807599999906],[-49.9407022999999,-29.022325299999995],[-49.9659910999999,-29.021746300000004],[-49.94168,-28.9814337],[-49.9202415999999,-28.9787671],[-49.9319040999999,-28.963157500000005],[-49.9580268,-28.9625515],[-49.9504256,-28.928527500000005],[-49.96872519999991,-28.922052099999995],[-49.9321080999999,-28.872202899999902],[-49.9698703999999,-28.876492799999887],[-49.9560061,-28.858834799999997],[-49.9627024,-28.799110399999993],[-49.9505584,-28.802116499999993],[-49.9613328999999,-28.772180400000003],[-49.9495428,-28.7524167],[-49.92174370000001,-28.745542599999993],[-49.93467780000001,-28.7256765],[-49.904945700000006,-28.707613399999996],[-49.913657300000004,-28.724477199999995],[-49.88255409999989,-28.7173875],[-49.8957308999999,-28.73927140000001],[-49.874793100000005,-28.744632000000006],[-49.8718059,-28.702986899999896],[-49.842036099999994,-28.714168599999898],[-49.8348665,-28.69392649999999],[-49.8134985999999,-28.687045499999993],[-49.838010600000004,-28.690026200000005],[-49.8391766999999,-28.66654179999991],[-49.8155053999999,-28.65799369999999],[-49.8166165,-28.638144299999997],[-49.78382799999999,-28.609907599999897],[-49.778903899999904,-28.629480199999904],[-49.757363600000005,-28.615413900000007],[-49.750095400000006,-28.628909700000005],[-49.6918239999999,-28.62269749999999],[-49.710194699999896,-28.604344599999894],[-49.712307900000006,-28.5722537],[-49.7491805999999,-28.546469999999903],[-49.726566499999905,-28.518301000000005],[-49.7429845,-28.49524860000001],[-49.77083170000001,-28.4943292999999],[-49.7652795,-28.4594923],[-49.78225139999999,-28.496656399999893],[-49.8126111,-28.4678913],[-49.8109802,-28.484313600000007],[-49.8260423,-28.4784481999999],[-49.840789399999906,-28.496438399999896],[-49.8410112999999,-28.485598099999912],[-49.866649799999905,-28.488632299999907],[-49.8635729,-28.462846000000003],[-49.8777499999999,-28.4551564999999],[-49.85498960000001,-28.4440129],[-49.8929095,-28.4403],[-49.8888456999999,-28.459420300000005],[-49.9016491,-28.464842200000007],[-49.9285138,-28.4512235],[-49.9443927999999,-28.482741200000003],[-49.95250539999991,-28.450336799999903],[-49.9672259,-28.455912699999892],[-49.975354799999906,-28.439047],[-49.9893931,-28.4571546999999],[-50.0190042,-28.451419699999995],[-50.0385967,-28.4797129999999],[-50.086337899999904,-28.472685199999898],[-50.1009955,-28.486332100000002],[-50.1069153999999,-28.473351299999905],[-50.1261868,-28.47452809999991],[-50.1113576,-28.444470499999994],[-50.1283113,-28.428908099999898],[-50.160526699999906,-28.459519199999907],[-50.139256799999906,-28.493953399999995],[-50.1563447999999,-28.49791379999989],[-50.1780074,-28.452253400000004],[-50.2032373,-28.443588299999895],[-50.22264870000001,-28.463272099999994],[-50.24680019999991,-28.428270499999908],[-50.264451599999994,-28.443528800000006],[-50.2511134,-28.44917849999999],[-50.272913300000006,-28.457071900000003],[-50.32961829999991,-28.43423049999999],[-50.3458464999999,-28.463554499999898],[-50.3599940999999,-28.4198395],[-50.3819821,-28.446989299999906],[-50.4568573,-28.410651399999903],[-50.5274965999999,-28.40389459999991],[-50.53700150000001,-28.4297225999999],[-50.5922669,-28.381945899999906],[-50.6249515,-28.392588299999908],[-50.628450299999905,-28.364596100000007],[-50.6652306,-28.337924600000008],[-50.658802200000004,-28.323495399999988],[-50.695223999999904,-28.288519499999907],[-50.69659729999999,-28.267841200000007],[-50.753345200000005,-28.2456844],[-50.76439509999991,-28.1892326999999],[-50.7888220999999,-28.198334999999897],[-50.78610509999999,-28.141724699999898],[-50.8198356,-28.140448499999902],[-50.8324004,-28.117508200000003],[-50.8719685,-28.137420000000002],[-50.8759188,-28.0950753999999],[-50.9039362999999,-28.085844399999907],[-50.87539960000001,-28.040199899999894],[-50.92323839999991,-28.011987799999893],[-50.9256814,-27.969388799999894],[-50.9842542,-27.94030430000001],[-51.009189600000006,-27.96444209999989],[-51.0164579999999,-27.9255084],[-51.0559661999999,-27.903670400000006],[-51.0529908,-27.869787999999996],[-51.07859379999999,-27.861597699999894],[-51.0822299,-27.833926399999893],[-51.1289232,-27.83204759999999],[-51.134606500000004,-27.803657100000002],[-51.1577918,-27.8028892],[-51.1912823,-27.776150699999995],[-51.2411983,-27.778312899999907],[-51.2468626,-27.759633799999992],[-51.2740997999999,-27.7499132],[-51.27612800000001,-27.72402419999999],[-51.3100358999999,-27.718089399999894],[-51.315106,-27.675070099999992],[-51.3547907999999,-27.680015099999903],[-51.3734664,-27.668986899999894],[-51.3827588999999,-27.6245716],[-51.43520430000001,-27.654398699999895],[-51.43660619999999,-27.629849700000005],[-51.4767643,-27.59877459999999],[-51.48701290000001,-27.560815299999895],[-51.5477384,-27.559078699999898],[-51.57033749999991,-27.583400799999897],[-51.5873827999999,-27.565626800000004],[-51.579971199999896,-27.523617600000005],[-51.62573299999999,-27.545478999999908],[-51.62161559999999,-27.494644999999906],[-51.64257550000001,-27.49149040000001],[-51.6596633999999,-27.5193009],[-51.6921679,-27.478216899999904],[-51.7203603999999,-27.513506399999994],[-51.7535278,-27.487197399999996],[-51.7994892,-27.490875399999904],[-51.7930329,-27.5312044],[-51.8217858,-27.512789199999897],[-51.85148830000001,-27.524612999999892],[-51.843627,-27.483135899999986],[-51.8630692999999,-27.475240399999993],[-51.8797137,-27.487408399999904],[-51.8753543,-27.51795249999999],[-51.8922707999999,-27.519706699999997],[-51.902496500000005,-27.461102999999994],[-51.958281499999906,-27.474362900000003],[-51.9637941999999,-27.463135999999995],[-51.9357769,-27.428749099999905],[-52.0077967999999,-27.4038972],[-51.990942699999906,-27.389092499999897],[-51.952099,-27.395173599999996],[-51.95208669999991,-27.3802471],[-52.017134199999994,-27.3678389],[-52.0150047,-27.330895599999998],[-52.044751600000005,-27.34655339999989],[-52.103287,-27.346695599999997],[-52.1143311,-27.305019199999894],[-52.16800520000001,-27.312270799999993],[-52.1683343999999,-27.270915099999996],[-52.2158841999999,-27.332528599999897],[-52.241137299999906,-27.304270899999892],[-52.2777192999999,-27.300224299999996],[-52.2385315,-27.2620836999999],[-52.30192709999991,-27.259800400000003],[-52.29649269999991,-27.3180909],[-52.345259399999996,-27.288277699999995],[-52.37496289999999,-27.305089599999995],[-52.3857718,-27.253515499999907],[-52.399690399999905,-27.2565696],[-52.39806050000001,-27.29257599999989],[-52.4390852999999,-27.2644048999999],[-52.4376283,-27.21623229999989],[-52.4798149,-27.235542799999997],[-52.4832076,-27.2672052999999],[-52.5346443,-27.2610354999999],[-52.54981309999991,-27.23833759999999],[-52.63321979999991,-27.26548050000001],[-52.6675756,-27.237849499999996],[-52.6919561,-27.284548009999998],[-52.716235985,-27.236045595],[-52.757561300000006,-27.257491799999997],[-52.763559699999995,-27.211233299999883],[-52.84258160000001,-27.210215800000004],[-52.8525048,-27.169927099999907],[-52.929311399999996,-27.204076399999998],[-52.9383215,-27.17080509999989],[-52.9566923,-27.163257799999883],[-52.96982469999989,-27.216218899999912],[-52.984366300000005,-27.22147229999999],[-53.0025644,-27.19762270000001],[-52.98285329999991,-27.164994799999903],[-52.9916636,-27.1409667],[-53.0030057,-27.1356145999999],[-53.0299074,-27.1595057],[-53.0426060999999,-27.14985139999991],[-53.0413938999999,-27.124905500000008],[-53.017549200000005,-27.0990073999999],[-53.02983410000001,-27.08257430000001],[-53.0767,-27.107844600000004],[-53.0774787999999,-27.163115799999996],[-53.13218309999999,-27.1802286999999],[-53.1623989,-27.140697599999992],[-53.1846735999999,-27.190909500000004],[-53.2416592,-27.171635700000003],[-53.31320099999991,-27.21908970000001],[-53.320727,-27.198238300000007],[-53.29425220000001,-27.135553],[-53.312240800000005,-27.119687999999897],[-53.3481408,-27.1200224999999],[-53.370639399999995,-27.091103099999895],[-53.4116984999999,-27.141384199999905],[-53.45255550000001,-27.156135100000004],[-53.5043641999999,-27.13564149999999],[-53.4947061,-27.203940299999896],[-53.5617311999999,-27.1724148],[-53.6182319,-27.187336399999896],[-53.64386929999989,-27.219744299999892],[-53.65012579999999,-27.178822099999895],[-53.6693729,-27.161556699999903],[-53.7436541,-27.1924457],[-53.77288269999999,-27.1476767],[-53.8148466,-27.175889799999897],[-53.8250557,-27.174255100000007],[-53.8296430999999,-27.1726275],[-53.8370962,-27.168434099999992],[-53.8286704,-27.146022999999996],[-53.7981444,-27.145032199999893],[-53.82419199999999,-27.13371349999991],[-53.804566,-27.122692500000003],[-53.81734360000001,-27.100508499999908],[-53.7768022,-27.103449399999892],[-53.8046168,-27.082520600000006],[-53.7979953999999,-27.066001499999995],[-53.78250740000001,-27.078663499999895],[-53.7721455999999,-27.0739517],[-53.80243440000001,-27.040028299999996],[-53.76018349999999,-27.064541499999997],[-53.78601960000001,-27.0262066999999],[-53.76479669999999,-27.045371799999895],[-53.7481928999999,-27.032772299999987],[-53.7641012999999,-27.0086956],[-53.7410092,-27.014779299999898],[-53.74322,-26.991283199999906],[-53.7180188999999,-26.989873999999904],[-53.73754339999991,-26.974445399999997],[-53.7267290999999,-26.95910529999999],[-53.70307629999999,-26.95938],[-53.7093628,-26.933969799999897],[-53.6715692,-26.943012800000005],[-53.6971796999999,-26.929033399999994],[-53.6713951999999,-26.8960566],[-53.6959952999999,-26.887197999999998],[-53.6803672,-26.869505499999896],[-53.69711639999999,-26.860185300000005],[-53.6606899999999,-26.859056],[-53.67827599999999,-26.843058799999902],[-53.69520499999991,-26.847520899999903],[-53.71128279999989,-26.811296099999897],[-53.6987301,-26.8147051],[-53.7005682,-26.79825440000001],[-53.71745909999999,-26.782334399999996],[-53.6989186,-26.770012299999994],[-53.7291888,-26.774139799999904],[-53.7439019,-26.76435899999999],[-53.7141392999999,-26.75134179999999],[-53.7324484,-26.730698800000003],[-53.750006,-26.74175],[-53.7431723,-26.731042699999907],[-53.7583862,-26.720783099999903],[-53.75411109999991,-26.709872500000014],[-53.73472639999991,-26.716864499999893],[-53.743887,-26.681575899999892],[-53.7177237999999,-26.6850808999999],[-53.7321704,-26.678164799999905],[-53.7208439999999,-26.651105399999906],[-53.7261606,-26.659185500000003],[-53.7599187,-26.640311700000005],[-53.7404023,-26.644400299999997],[-53.73326250000001,-26.586945899999893],[-53.722391699999896,-26.56222599999999],[-53.708234699999906,-26.561728299999995],[-53.713604099999905,-26.556570200000007],[-53.736439699999906,-26.566832],[-53.725681599999994,-26.55416200000001],[-53.7422321999999,-26.54438409999989],[-53.717256899999896,-26.5280202],[-53.7300703,-26.501815099999895],[-53.7049284999999,-26.5089158],[-53.696436999999904,-26.490460700000007],[-53.6961325,-26.475318399999892],[-53.71568369999991,-26.47146899999998],[-53.69875199999999,-26.4699448],[-53.7040100999999,-26.441119999999994],[-53.6874602999999,-26.442133699999896],[-53.71000029999989,-26.3877357],[-53.64553329999999,-26.2865576999999],[-53.6458942,-26.247843799999895],[-53.62804320000001,-26.263264600000007],[-53.5862946999999,-26.255866299999994],[-53.5534835999999,-26.2926095999999],[-53.4984092999999,-26.303040600000006],[-53.4246944,-26.2800667],[-53.3760718999999,-26.241614],[-53.3048557,-26.260529000000002],[-53.2808366,-26.24613429999989],[-53.26453450000001,-26.28932979999999],[-53.18446859999991,-26.343806399999895],[-53.1444015,-26.344782799999994],[-53.093228,-26.392022099999995],[-52.9883571999999,-26.345773900000005],[-52.9421699,-26.362837500000015],[-52.73776320000001,-26.342184899999896],[-52.7188906,-26.357300999999904],[-52.678622,-26.35267599999999],[-52.602652097,-26.415420299999912],[-52.524536395,-26.399125299999998],[-52.4591725,-26.4411226999999],[-52.4000377,-26.423144099999885],[-52.3774195,-26.440956700000005],[-52.3117616,-26.43882989999999],[-52.278519300000006,-26.460739999999902],[-52.229811799999894,-26.46704309999999],[-52.186342999999994,-26.445116700000003],[-52.1666946,-26.464980599999908],[-52.1005043,-26.4817421],[-52.0813539,-26.525111000000003],[-52.0326239999999,-26.5406846],[-52.00876749999999,-26.5665605999999],[-51.8967198,-26.579982000000015],[-51.8734504999999,-26.599362500000005],[-51.814384,-26.577560599999988],[-51.7893989999999,-26.588682399999996],[-51.73454579999999,-26.572375899999912],[-51.6941649999999,-26.58121129999989],[-51.66621109999989,-26.563751700000005],[-51.6309939,-26.587818300000006],[-51.535607399999904,-26.591797900000007],[-51.507794999999895,-26.580924199999988],[-51.480028499999904,-26.605956799999884],[-51.486701,-26.624424299999898],[-51.468842699999996,-26.621243999999905],[-51.4548829999999,-26.64065820000001],[-51.435346,-26.6881781],[-51.40731759999989,-26.70062],[-51.4114752,-26.717122000000003],[-51.39424940000001,-26.703001399999888],[-51.40530249999989,-26.676147699999895],[-51.39112969999999,-26.6632473999999],[-51.33196029999989,-26.6467008999999],[-51.3227484999999,-26.657198399999984],[-51.2834010999999,-26.6536303],[-51.2768761999999,-26.635675999999894],[-51.2271024,-26.6152337999999],[-51.2378467,-26.605062200000006],[-51.215395400000006,-26.567439299999897],[-51.273174399999995,-26.49830419999999],[-51.25305730000001,-26.462295704999995],[-51.2772841899999,-26.458428910000002],[-51.27371599,-26.4448735999999],[-51.3004929099999,-26.417871920000003],[-51.2509990899999,-26.374364009999987],[-51.2609762,-26.364428199999992],[-51.2479511999999,-26.3298664],[-51.215820400000005,-26.315947999999914],[-51.20719780000001,-26.29630119999999],[-51.1043131,-26.276121200000002],[-51.0788729,-26.2274257],[-51.05684569999989,-26.24390169999999],[-50.99897259999991,-26.231053399999997],[-50.9452800999999,-26.282661199999897],[-50.9315531999999,-26.268495499999993],[-50.9441964,-26.2380535999999],[-50.9325128999999,-26.23449179999989],[-50.9082069999999,-26.2512143],[-50.9015525999999,-26.289332099999996],[-50.8819619,-26.279265800000005],[-50.868567999999996,-26.2413645],[-50.8385992,-26.271469099999905],[-50.82448649999999,-26.244822900000003],[-50.7807175999999,-26.225234600000004],[-50.75056299999991,-26.224450100000002],[-50.74210930000001,-26.249235199999905],[-50.7164043,-26.245000899999997],[-50.731143,-26.2058168999999],[-50.64831040000001,-26.13035019999999],[-50.6565623,-26.101813099999998],[-50.6309990999999,-26.064621099999993],[-50.55190759999991,-26.05755820000001],[-50.5525092,-26.0426318],[-50.591451899999996,-26.041494800000002],[-50.5702305999999,-26.001952799999998],[-50.5479774,-26.039610499999995],[-50.4991004,-26.02220859999989],[-50.443788,-26.0342980999999],[-50.432836,-26.062114899999994],[-50.4033332,-26.056979699999896],[-50.36184719999989,-26.093221199999995],[-50.36923530000001,-26.111753899999904],[-50.3242602999999,-26.135279899999894],[-50.3317337999999,-26.083420999999884],[-50.2980142,-26.05431709999989],[-50.2672828999999,-26.0426188],[-50.2517938,-26.051443799999998],[-50.25122179999989,-26.03047349999999],[-50.2244297,-26.060364099999994],[-50.20878340000001,-26.05701939999989],[-50.18028109999991,-26.0790425],[-50.1533519,-26.041849600000003],[-50.1801103,-26.033220599999893],[-50.1702508,-26.02518849999999],[-50.1401632,-26.026583399999904],[-50.1482391,-26.058319699999995],[-50.1315541,-26.04227329999999],[-50.1184008,-26.063622799999994],[-50.0826972,-26.024088699999897],[-50.0761977999999,-26.046409299999898],[-50.03617999999991,-26.0270166],[-50.0055738,-26.046094299999893],[-50.010939999999906,-26.0133281999999],[-49.97745439999991,-26.013682300000003],[-49.9631376999999,-26.02759839999991],[-49.971654599999994,-26.058380400000008],[-49.9479527999999,-26.03031979999999],[-49.960789,-26.02098449999989],[-49.9416945,-26.008413999999995],[-49.93506649999989,-26.033141499999893],[-49.8699693999999,-26.0332501],[-49.844640500000004,-26.06479889999999],[-49.83169539999991,-26.05309629999991],[-49.8414696999999,-26.077204100000003],[-49.829569499999906,-26.0692978],[-49.8249997999999,-26.09342529999999],[-49.80705399999991,-26.088909399999995],[-49.7930051,-26.113456599999896],[-49.7873688,-26.09846109999999],[-49.7783459999999,-26.119894199999997],[-49.7683058,-26.1043139999999],[-49.74896410000001,-26.1401180999999],[-49.7247091999999,-26.14453959999999],[-49.7372501,-26.157534800000008],[-49.7275329999999,-26.171436000000003],[-49.7114554999999,-26.154323599999895],[-49.6769009,-26.1760687],[-49.6912361999999,-26.189305599999994],[-49.653690000000005,-26.186959899999994],[-49.64392,-26.210082099999997],[-49.63365939999991,-26.189923399999902],[-49.6345884,-26.209019299999998],[-49.6052352,-26.2119309999999],[-49.601685800000006,-26.228628599999993],[-49.58767949999999,-26.21709809999991],[-49.5910264,-26.231638399999998],[-49.578483600000006,-26.213548999999897],[-49.555618700000004,-26.237352999999903],[-49.5519798,-26.225125199999997],[-49.5382731999999,-26.23008969999999],[-49.53796319999999,-26.212853699999997],[-49.5199009999999,-26.227091099999885],[-49.4963169,-26.221353599999894],[-49.4872113,-26.180447399999895],[-49.4789034,-26.1863104],[-49.4609306,-26.162296099999892],[-49.43743510000001,-26.172944899999898],[-49.4164959,-26.153054799999907],[-49.3702152,-26.1557533],[-49.32170419999989,-26.1099798999999],[-49.2896216,-26.103778599999885],[-49.2935133999999,-26.0825136],[-49.2664680999999,-26.08083109999999],[-49.23834949999999,-26.031016799999996],[-49.17495960000001,-26.0000540999999],[-49.14024990000001,-26.01587260000001],[-49.1257939,-25.9961314999999],[-49.0981087,-26.010456700000006],[-49.07170760000001,-26.0003947],[-49.05436719999991,-26.020952599999898],[-49.0412881999999,-26.004005699999894],[-49.007105,-26.01609579999999],[-48.97944,-25.988916199999895],[-48.9503619,-25.989991899999893],[-48.962705,-25.98050959999989],[-48.680113299999995,-25.980719500000006],[-48.6438257,-25.95572279999989],[-48.63370069999999,-25.977687899999996],[-48.59650609999991,-25.975699399999908],[-48.61060810000001,-26.06075739999989],[-48.5888294,-26.1544875],[-48.549777499999905,-26.17085039999989],[-48.5276456,-26.163822599999904],[-48.5200230999999,-26.219184499999997],[-48.4930022999999,-26.218393299999903],[-48.59301850000001,-26.409024999999886],[-48.5935453,-26.453070899999908],[-48.655529699999896,-26.5568036999999],[-48.68846630000001,-26.67982139999999],[-48.6688624999999,-26.76689819999999],[-48.6472532999999,-26.76216709999991],[-48.61784549999991,-26.790126599999997],[-48.5987091,-26.772187299999906],[-48.5838376,-26.78582159999999],[-48.6026897,-26.827329199999998],[-48.6211215,-26.82612809999991],[-48.6275153,-26.833296000000004],[-48.6436525,-26.904940699999887],[-48.6398525,-26.921560699999894],[-48.62150479999999,-26.92568829999991],[-48.62832209999989,-26.993164700000005],[-48.601431100000006,-27.005886699999998],[-48.58298500000001,-26.992691899999997],[-48.5691224,-27.008966399999995],[-48.5940876999999,-27.062795900000005],[-48.5880147,-27.079279599999907],[-48.613645,-27.09807109999998],[-48.6086964,-27.1152956999999],[-48.5640008,-27.1557238999999],[-48.5367975999999,-27.150154499999893],[-48.5077724999999,-27.1103211999999],[-48.5042988,-27.143558999999993],[-48.48363570000001,-27.148117699999904],[-48.478629000000005,-27.134296999999904],[-48.46487319999989,-27.143964399999998],[-48.49905,-27.1729453999999],[-48.495261199999995,-27.198461099999992],[-48.4756434999999,-27.199748299999985],[-48.4777333,-27.206735400000003],[-48.5130723,-27.221517300000002],[-48.502058399999996,-27.1951865999999],[-48.54227410000001,-27.182625899999902],[-48.6073048,-27.219728],[-48.61546750000001,-27.271682999999904],[-48.5881314,-27.31953119999999],[-48.5391984999999,-27.2990698999999],[-48.5381249,-27.325425299999896],[-48.5233431,-27.334056899999997],[-48.5369689,-27.357958999999898],[-48.52627039999991,-27.40826199999999],[-48.48347230000001,-27.378282899999903],[-48.416637299999906,-27.380560599999992],[-48.395417099999996,-27.4308837999999],[-48.3734435,-27.443951200000004],[-48.3651058999999,-27.432556399999996],[-48.36036990000001,-27.446464999999904],[-48.4241138,-27.5382258999999],[-48.4283478,-27.5682598999999],[-48.4118859,-27.575010399999897],[-48.4313748,-27.616150699999903],[-48.467304,-27.651186499999902],[-48.50553480000001,-27.724071699999993],[-48.5063335999999,-27.747482999999892],[-48.4765178,-27.763495599999903],[-48.4836758,-27.785522899999897],[-48.4978972,-27.794994899999896],[-48.52513950000001,-27.785074199999897],[-48.5442707999999,-27.8298771],[-48.60082809999991,-27.858389499999905],[-48.5962403,-27.882352599999898],[-48.5751597999999,-27.877335699999904],[-48.57313329999991,-27.885973000000003],[-48.62536490000001,-27.95524710000001],[-48.62994040000001,-28.00975079999989],[-48.597774,-28.030140799999998],[-48.6318565,-28.085036400000003],[-48.635574999999996,-28.139037200000008],[-48.662469200000004,-28.179973699999888],[-48.6663627,-28.217899999999887],[-48.645434,-28.234602999999904],[-48.6706382,-28.251267799999894],[-48.6871755999999,-28.273266299999907],[-48.709154100000006,-28.32342539999999],[-48.69753879999999,-28.33776269999991],[-48.7420121,-28.39136079999999],[-48.7382689,-28.423368200000002],[-48.76613830000001,-28.465333499999893],[-48.7619435,-28.493383799999897],[-48.760314299999905,-28.495274299999902],[-48.75078559999999,-28.494199900000005],[-48.7481366,-28.494750099999994],[-48.7445312999999,-28.496749199999993],[-48.7614922,-28.535481999999906],[-48.8130475999999,-28.585030299999996],[-48.8136052999999,-28.606308299999995],[-48.863554300000004,-28.617266499999985],[-49.0164856,-28.695366699999997],[-49.3147132999999,-28.900796999999994],[-49.471674099999994,-29.04694569999999]]],[[[-48.8211027,-28.610472899999884],[-48.8218500999999,-28.610362999999904],[-48.821689600000006,-28.60990299999999],[-48.8211027,-28.610472899999884]]],[[[-48.7563183999999,-28.5407311],[-48.7560927,-28.541253900000008],[-48.7566879,-28.54096550000001],[-48.7563183999999,-28.5407311]]],[[[-48.7588605999999,-28.538470799999995],[-48.7586082,-28.540465200000003],[-48.7602699,-28.539371600000003],[-48.7588605999999,-28.538470799999995]]],[[[-48.71025560000001,-28.4464929],[-48.70767299999989,-28.448016400000004],[-48.7101787999999,-28.448325899999904],[-48.71025560000001,-28.4464929]]],[[[-48.646646,-28.3178631],[-48.64667910000001,-28.320648499999898],[-48.6496157,-28.325690199999897],[-48.646646,-28.3178631]]],[[[-48.6528431,-28.248089799999896],[-48.65533759999991,-28.248655099999997],[-48.654219,-28.246778599999992],[-48.6528431,-28.248089799999896]]],[[[-48.64994979999991,-28.241266699999994],[-48.6527298999999,-28.2410993],[-48.651829000000006,-28.240294499999905],[-48.64994979999991,-28.241266699999994]]],[[[-48.65652920000001,-28.188924299999893],[-48.65642660000001,-28.189503199999898],[-48.656755000000004,-28.1894308],[-48.65652920000001,-28.188924299999893]]],[[[-48.640882999999995,-28.151318599999996],[-48.64259009999989,-28.154155999999894],[-48.64383230000001,-28.152053799999994],[-48.640882999999995,-28.151318599999996]]],[[[-48.6281023,-28.1024558],[-48.627972999999905,-28.1026143],[-48.628607299999906,-28.102960999999897],[-48.6281023,-28.1024558]]],[[[-48.6257394,-28.10232349999999],[-48.6260119,-28.1021952999999],[-48.625856600000006,-28.1021441],[-48.6257394,-28.10232349999999]]],[[[-48.62671259999999,-28.101475799999907],[-48.6269993999999,-28.102457800000003],[-48.627192799999904,-28.10245889999989],[-48.62671259999999,-28.101475799999907]]],[[[-48.63021869999991,-28.0896327],[-48.629716200000004,-28.089346799999902],[-48.6296948999999,-28.08963459999999],[-48.63021869999991,-28.0896327]]],[[[-48.6295699999999,-28.088209499999888],[-48.63014900000001,-28.088692299999888],[-48.6300261,-28.08821339999999],[-48.6295699999999,-28.088209499999888]]],[[[-48.61714709999999,-27.986114600000004],[-48.6174791,-27.9882873],[-48.6184580999999,-27.987820699999908],[-48.61714709999999,-27.986114600000004]]],[[[-48.6236996,-26.9857785],[-48.6234211,-26.986900900000002],[-48.6247605,-26.986702],[-48.6236996,-26.9857785]]],[[[-48.63977759999991,-26.912759199999993],[-48.63939189999999,-26.911350299999995],[-48.6359775,-26.912991799999904],[-48.63977759999991,-26.912759199999993]]],[[[-48.62208270000001,-26.832203699999994],[-48.6232406999999,-26.831402199999996],[-48.621385700000005,-26.8319744999999],[-48.62208270000001,-26.832203699999994]]],[[[-48.639149499999995,-26.7454342999999],[-48.6341427999999,-26.745164299999896],[-48.634906400000006,-26.745868999999992],[-48.639149499999995,-26.7454342999999]]],[[[-48.6177906999999,-26.710095399999894],[-48.6187361999999,-26.70920810000001],[-48.61839009999989,-26.709053899999994],[-48.6177906999999,-26.710095399999894]]],[[[-48.6753735999999,-26.693792399999893],[-48.674946,-26.695731799999994],[-48.67662690000001,-26.695000299999883],[-48.6753735999999,-26.693792399999893]]],[[[-48.670249600000005,-26.633280799999998],[-48.6713348,-26.635825199999882],[-48.672703399999904,-26.632542899999994],[-48.670249600000005,-26.633280799999998]]],[[[-48.60189890000001,-28.352298399999896],[-48.602176,-28.352536099999995],[-48.60193700000001,-28.352047499999998],[-48.60189890000001,-28.352298399999896]]],[[[-48.600422200000004,-28.351878899999996],[-48.6014332,-28.3518788],[-48.6007180999999,-28.351425799999998],[-48.600422200000004,-28.351878899999996]]],[[[-48.6018736,-28.3518481999999],[-48.6016026999999,-28.35157389999989],[-48.6016643999999,-28.3519565],[-48.6018736,-28.3518481999999]]],[[[-48.5997305,-28.03562039999999],[-48.5998741,-28.03521289999999],[-48.5996175999999,-28.035303399999986],[-48.5997305,-28.03562039999999]]],[[[-48.542436900000006,-27.9322228],[-48.54170859999991,-27.941895899999988],[-48.5448761,-27.931981199999885],[-48.542436900000006,-27.9322228]]],[[[-48.5253673,-27.844357799999997],[-48.527417699999894,-27.83679520000001],[-48.5189242,-27.8337117],[-48.5253673,-27.844357799999997]]],[[[-48.5086009999999,-27.83820409999991],[-48.5010996999999,-27.835567099999896],[-48.5046283,-27.841314999999998],[-48.5086009999999,-27.83820409999991]]],[[[-48.5173674,-27.834662899999998],[-48.5180422999999,-27.834821299999895],[-48.5176468999999,-27.834503899999998],[-48.5173674,-27.834662899999998]]],[[[-48.5301037,-27.831477699999894],[-48.5276739,-27.833297699999893],[-48.5287994,-27.8336548],[-48.5301037,-27.831477699999894]]],[[[-48.5253542,-27.329013799999892],[-48.52569700000001,-27.3304914999999],[-48.526959599999905,-27.330224700000002],[-48.5253542,-27.329013799999892]]],[[[-48.52437059999989,-27.328895899999992],[-48.5255501,-27.327862400000008],[-48.5246792,-27.3276612999999],[-48.52437059999989,-27.328895899999992]]],[[[-48.5325733999999,-27.304262099999995],[-48.52876100000001,-27.3067015999999],[-48.5319679,-27.30754990000001],[-48.5325733999999,-27.304262099999995]]],[[[-48.5402501,-27.14144589999999],[-48.5411612,-27.135705],[-48.5393927,-27.135632100000006],[-48.5402501,-27.14144589999999]]],[[[-48.5787248999999,-26.99242960000001],[-48.5786838999999,-26.992831899999896],[-48.5790225,-26.992539299999997],[-48.5787248999999,-26.99242960000001]]],[[[-48.579864,-26.992301600000008],[-48.57938169999991,-26.992374700000006],[-48.5798331999999,-26.992603299999903],[-48.579864,-26.992301600000008]]],[[[-48.5623055999999,-26.514642499999994],[-48.5610659,-26.513525499999993],[-48.562024699999895,-26.514804899999895],[-48.5623055999999,-26.514642499999994]]],[[[-48.5835036,-26.49704559999999],[-48.5846683999999,-26.4980085],[-48.58460689999999,-26.49730120000001],[-48.5835036,-26.49704559999999]]],[[[-48.5804358999999,-26.4674813],[-48.58198300000001,-26.4683984],[-48.5809548999999,-26.466070199999912],[-48.5804358999999,-26.4674813]]],[[[-48.5672886999999,-26.45810649999991],[-48.5639907,-26.460530900000006],[-48.570576,-26.460273399999892],[-48.5672886999999,-26.45810649999991]]],[[[-48.5833833999999,-26.4596081],[-48.5769825,-26.45939150000001],[-48.57997559999999,-26.461691500000004],[-48.5833833999999,-26.4596081]]],[[[-48.52545370000001,-26.3855346999999],[-48.52424139999991,-26.386802900000003],[-48.52542099999991,-26.387486499999998],[-48.52545370000001,-26.3855346999999]]],[[[-48.52278559999999,-26.382113499999893],[-48.52490770000001,-26.381166899999993],[-48.5237842999999,-26.380493300000012],[-48.52278559999999,-26.382113499999893]]],[[[-48.52236020000001,-26.371062099999996],[-48.52074999999999,-26.3723050999999],[-48.5228941999999,-26.374349900000006],[-48.52236020000001,-26.371062099999996]]],[[[-48.522764900000006,-26.367780899999993],[-48.5219255,-26.369914699999995],[-48.5228359,-26.3698014],[-48.522764900000006,-26.367780899999993]]],[[[-48.493308,-26.2022375999999],[-48.4905203,-26.2030685999999],[-48.4931966,-26.202777899999905],[-48.493308,-26.2022375999999]]],[[[-48.4874593,-26.185163899999992],[-48.4873001999999,-26.184652799999995],[-48.486977,-26.184735699999997],[-48.4874593,-26.185163899999992]]],[[[-48.4867518,-26.1801426],[-48.4885720999999,-26.181971000000015],[-48.489023,-26.1808541999999],[-48.4867518,-26.1801426]]],[[[-48.4873155999999,-26.179399199999995],[-48.4870591,-26.179104499999895],[-48.487074499999906,-26.179417599999994],[-48.4873155999999,-26.179399199999995]]],[[[-48.5897118999999,-25.976242799999994],[-48.5920138,-25.9767042999999],[-48.5897722,-25.975923800000015],[-48.5897118999999,-25.976242799999994]]],[[[-48.4439637,-27.8529255999999],[-48.44475220000001,-27.853544999999908],[-48.444075600000005,-27.852681099999995],[-48.4439637,-27.8529255999999]]],[[[-48.431890699999904,-27.845667400000004],[-48.42853600000001,-27.84521140000001],[-48.4347633,-27.8483950999999],[-48.431890699999904,-27.845667400000004]]],[[[-48.4284388,-27.841820700000014],[-48.43008589999991,-27.8430349],[-48.4307302999999,-27.842121499999998],[-48.4284388,-27.841820700000014]]],[[[-48.4314659999999,-27.839874599999995],[-48.4307345999999,-27.8406416],[-48.4313809,-27.840669799999898],[-48.4314659999999,-27.839874599999995]]],[[[-48.4310917,-27.839253200000005],[-48.4313703,-27.839155799999993],[-48.4311845999999,-27.83906339999989],[-48.4310917,-27.839253200000005]]],[[[-48.4682873,-27.704641899999995],[-48.4669059999999,-27.6926192999999],[-48.4624828,-27.691012999999902],[-48.4682873,-27.704641899999995]]],[[[-48.38934510000001,-27.610448399999907],[-48.39000570000001,-27.61087179999999],[-48.38987769999991,-27.610237200000004],[-48.38934510000001,-27.610448399999907]]],[[[-48.39184859999991,-27.6108402999999],[-48.391730499999895,-27.61017739999991],[-48.391377500000004,-27.610348899999988],[-48.39184859999991,-27.6108402999999]]],[[[-48.3880268,-27.6110760999999],[-48.383426,-27.608936200000002],[-48.38732540000001,-27.612246599999896],[-48.3880268,-27.6110760999999]]],[[[-48.3638558,-27.486661099999896],[-48.3607415,-27.487790299999997],[-48.3653747,-27.4903973999999],[-48.3638558,-27.486661099999896]]],[[[-48.3584122,-27.48556209999999],[-48.356625900000004,-27.48897929999999],[-48.35973990000001,-27.4881665999999],[-48.3584122,-27.48556209999999]]],[[[-48.34872269999989,-27.441348199999897],[-48.3476372,-27.44322620000001],[-48.3473410999999,-27.4441459],[-48.34872269999989,-27.441348199999897]]],[[[-48.34915469999999,-27.439621200000005],[-48.34872749999991,-27.439847499999896],[-48.3488874999999,-27.439986399999984],[-48.34915469999999,-27.439621200000005]]],[[[-48.3497576999999,-27.439053299999998],[-48.3495109,-27.439208000000008],[-48.3497498999999,-27.43922919999991],[-48.3497576999999,-27.439053299999998]]],[[[-48.3678489,-27.424906800000006],[-48.3657239,-27.424229599999908],[-48.365959099999905,-27.426186700000002],[-48.3678489,-27.424906800000006]]],[[[-48.3557711999999,-27.418793799999907],[-48.3563839999999,-27.418816799999895],[-48.35608869999991,-27.418502799999906],[-48.3557711999999,-27.418793799999907]]],[[[-48.3549882,-27.4179273999999],[-48.3550140999999,-27.4187013],[-48.3552816,-27.4180382],[-48.3549882,-27.4179273999999]]],[[[-48.3765508,-27.28445479999989],[-48.3594737999999,-27.27335709999989],[-48.3567679,-27.2996552],[-48.3765508,-27.28445479999989]]],[[[-48.3339862,-27.275214899999998],[-48.3279405,-27.268014499999897],[-48.3344837999999,-27.278827099999894],[-48.3339862,-27.275214899999998]]],[[[-48.4745442999999,-27.208966399999994],[-48.4632922,-27.203513599999987],[-48.4683022,-27.210732499999892],[-48.4745442999999,-27.208966399999994]]],[[[-48.409303099999896,-27.180338900000002],[-48.401559399999904,-27.1811251999999],[-48.4105814,-27.1880174],[-48.409303099999896,-27.180338900000002]]],[[[-48.397367599999896,-27.180508899999904],[-48.4002283,-27.180247099999995],[-48.398947,-27.178579199999902],[-48.397367599999896,-27.180508899999904]]],[[[-48.48584290000001,-26.175458599999995],[-48.4813174,-26.1798421999999],[-48.48396220000001,-26.1827175],[-48.48584290000001,-26.175458599999995]]],[[[-48.475895299999905,-26.166890500000008],[-48.47583489999991,-26.167242799999904],[-48.476242500000005,-26.1669446999999],[-48.475895299999905,-26.166890500000008]]],[[[-48.482243,-26.164984999999902],[-48.4807979,-26.16628919999989],[-48.4822460999999,-26.166751399999992],[-48.482243,-26.164984999999902]]],[[[-48.48601139999991,-26.164049099999893],[-48.4837204999999,-26.164573899999905],[-48.4854197,-26.165601799999898],[-48.48601139999991,-26.164049099999893]]],[[[-48.4779382,-26.163520699999893],[-48.478270300000005,-26.163520699999896],[-48.478051400000005,-26.16324969999989],[-48.4779382,-26.163520699999893]]]]}},{"type":"Feature","properties":{"SIGLA_UF":"MG","NM_UF":"Minas Gerais","NM_REGIAO":"Sudeste"},"geometry":{"type":"Polygon","coordinates":[[[-45.7669648999999,-22.8423465],[-45.7918837,-22.858327899999903],[-45.809801999999905,-22.829386600000003],[-45.8396741999999,-22.832522599999894],[-45.863852199999904,-22.868710299999996],[-45.88876200000001,-22.87597500000001],[-45.911829,-22.816292999999998],[-46.007954,-22.88949699999989],[-46.0952182999999,-22.89442899999989],[-46.139093699999904,-22.92275529999989],[-46.1539895,-22.9124004],[-46.1368863,-22.89054149999999],[-46.14502509999989,-22.857192800000004],[-46.23414459999999,-22.881822800000002],[-46.2381712,-22.894155600000005],[-46.2668638,-22.875687199999998],[-46.2960608999999,-22.8981540999999],[-46.3146409999999,-22.886760000000002],[-46.356310699999895,-22.900303300000004],[-46.3841924,-22.869966099999896],[-46.362140399999895,-22.789876999999894],[-46.3345414999999,-22.760300099999895],[-46.4527231,-22.727581900000004],[-46.4573341999999,-22.7070572],[-46.478890400000004,-22.698276699999997],[-46.4704224,-22.673242699999893],[-46.3930589,-22.662974099999897],[-46.396312200000004,-22.645981999999908],[-46.4246199,-22.633599099999998],[-46.4047578999999,-22.620893299999995],[-46.4243364,-22.59944429999999],[-46.4120617,-22.5857657999999],[-46.4337254,-22.574567899999995],[-46.4069522,-22.539932499999992],[-46.426308499999905,-22.547568799999997],[-46.4549550999999,-22.521732399999998],[-46.505289899999994,-22.5170472],[-46.542146900000006,-22.494356],[-46.5306674,-22.470852500000014],[-46.5498648,-22.4695488999999],[-46.554814,-22.44665],[-46.572654400000005,-22.45314159999999],[-46.6665163,-22.415109799999996],[-46.6609235,-22.366040999999893],[-46.67590729999989,-22.369289400000003],[-46.7232602999999,-22.3066238],[-46.7052841,-22.295824000000007],[-46.71040070000001,-22.262390099999894],[-46.678167800000004,-22.224041900000003],[-46.673835499999896,-22.17561749999991],[-46.6462923,-22.181321899999894],[-46.640458099999904,-22.15771959999999],[-46.59853,-22.1363895],[-46.646755,-22.091893199999998],[-46.7008140999999,-22.09519689999999],[-46.723421699999996,-22.076895599999897],[-46.66478599999989,-22.068863099999888],[-46.65774569999999,-22.060475699999902],[-46.68538899999991,-22.037422100000004],[-46.6755749,-22.022374699999904],[-46.6491763999999,-22.009286199999988],[-46.6132623999999,-22.014962700000005],[-46.6737785,-21.911052700000003],[-46.6475364999999,-21.880460799999998],[-46.665285000000004,-21.848788],[-46.69097049999991,-21.83696379999999],[-46.653991299999994,-21.779246400000005],[-46.6260303,-21.76622649999999],[-46.6215946999999,-21.675542999999895],[-46.5646313,-21.678679400000007],[-46.5526154999999,-21.6370393],[-46.518228,-21.6128219],[-46.521994199999895,-21.584508699999997],[-46.5000487,-21.55453199999989],[-46.524175699999894,-21.5218497],[-46.5092521,-21.4698989],[-46.52109319999991,-21.446980299999996],[-46.5765137,-21.426957199999908],[-46.6152567999999,-21.4414682],[-46.6487303,-21.3917213],[-46.6471993,-21.364193099999998],[-46.665531200000004,-21.361158200000006],[-46.7059624,-21.404843899999907],[-46.75868450000001,-21.378788399999994],[-46.7647051,-21.36006359999989],[-46.7917613,-21.373683000000007],[-46.8321491,-21.366538200000004],[-46.8420839999999,-21.389108299999982],[-46.9207759999999,-21.4271312999999],[-47.0115079,-21.4222728],[-47.0161679999999,-21.39650339999999],[-46.9972685,-21.351226399999998],[-47.0351810999999,-21.31102270000001],[-47.05228170000001,-21.2465187],[-47.0772881999999,-21.240223499999995],[-47.0622097,-21.209169899999907],[-47.0992581,-21.214193399999907],[-47.1187879,-21.185752099999892],[-47.1185995,-21.14904349999991],[-47.1335055,-21.13345559999989],[-47.1131513999999,-21.104921499999897],[-47.142296200000004,-21.0882357999999],[-47.15702989999989,-21.0188247],[-47.14781429999991,-20.972492899999992],[-47.186619400000005,-20.949493299999983],[-47.190039899999896,-20.928218100000002],[-47.2104581,-20.924138999999997],[-47.2400443,-20.885281700000014],[-47.214484399999904,-20.827219399999898],[-47.2247543,-20.800098900000002],[-47.18881830000001,-20.7706246999999],[-47.17519250000001,-20.739261900000002],[-47.186260699999906,-20.7311344],[-47.16559849999991,-20.70148769999999],[-47.11530090000001,-20.707204799999893],[-47.0968958,-20.644528299999898],[-47.1126808999999,-20.638084299999907],[-47.1511497,-20.522046499999902],[-47.2115100999999,-20.5023184],[-47.29276559999991,-20.447733599999886],[-47.28545569999991,-20.405739999999998],[-47.2982081,-20.34843570000001],[-47.2310735999999,-20.219152199999893],[-47.2558673,-20.190771299999888],[-47.2570443,-20.1662039999999],[-47.43870839999991,-20.051088799999903],[-47.4442362999999,-20.027960499999892],[-47.424428,-20.01531959999989],[-47.4682926999999,-19.961422199999987],[-47.5838246,-19.996664599999995],[-47.5996582999999,-20.0324375],[-47.6347643,-20.049247799999897],[-47.70840530000001,-19.978701600000004],[-47.8561501999999,-19.990544800000002],[-47.87583080000001,-20.021410100000004],[-47.859383900000005,-20.052412100000005],[-47.895462800000004,-20.12525829999991],[-47.934102100000004,-20.107853599999896],[-47.948482,-20.055757599999897],[-47.9759693,-20.035372700000003],[-48.020163,-20.124029000000007],[-48.038843,-20.119949000000002],[-48.0767758,-20.148429599999893],[-48.10548740000001,-20.146355999999994],[-48.17860599999991,-20.09618019999989],[-48.20777149999999,-20.03937000000001],[-48.2348267,-20.0282756],[-48.25342510000001,-20.0779206999999],[-48.2177475,-20.1252888],[-48.25468779999991,-20.14381579999999],[-48.31713440000001,-20.113347],[-48.3749359,-20.123103199999903],[-48.405776800000005,-20.11351099999998],[-48.49111609999989,-20.138123199999907],[-48.57823319999991,-20.131248999999993],[-48.6421286999999,-20.166496099999996],[-48.7313411,-20.14938180000001],[-48.8257432,-20.161957500000007],[-48.8553924999999,-20.1801439999999],[-48.85675859999999,-20.226883999999902],[-48.88654580000001,-20.271162600000007],[-48.8672304,-20.4024613],[-48.8949446,-20.441813899999904],[-48.9703527999999,-20.38979049999991],[-48.9617858,-20.26330119999991],[-48.99225069999991,-20.165384500000002],[-49.0648389,-20.152607100000004],[-49.129745,-20.2807998],[-49.1725617,-20.31253509999991],[-49.225294,-20.305343099999988],[-49.2992464,-20.1670761],[-49.3085379999999,-20.103892899999902],[-49.2972559999999,-20.017516999999906],[-49.24833879999991,-19.999636999999993],[-49.249647,-19.9695541999999],[-49.2938958,-19.960213999999993],[-49.3564865,-19.9867173],[-49.44451960000001,-19.980511799999892],[-49.4927862,-19.950421199999898],[-49.50345279999989,-19.9199293999999],[-49.53987749999991,-19.9074444999999],[-49.6344053,-19.9319320999999],[-49.782456200000006,-19.924463100000004],[-49.888336900000006,-19.945304899999893],[-49.9621547,-19.920224099999896],[-50.0187634,-19.925396799999895],[-50.09724329999991,-19.8754789999999],[-50.34566119999991,-19.867563399999902],[-50.417132799999905,-19.801136499999895],[-50.4719181999999,-19.779655799999908],[-50.57794879999991,-19.81637439999999],[-50.6613240999999,-19.90900199999991],[-50.78360150000001,-19.93722949999989],[-50.8728735999999,-19.9895966],[-50.9081346999999,-19.99425739999999],[-50.9691294,-20.0364451999999],[-51.0004749999999,-20.085384400000002],[-51.0178883999999,-20.04839249999999],[-51.0048070999999,-19.999217099999996],[-51.0211489,-19.964028299999907],[-50.999471299999996,-19.906375499999992],[-51.0400764,-19.78225430000001],[-51.0279017,-19.7565754],[-51.045944399999904,-19.729050899999898],[-50.9875546,-19.5895075999999],[-50.961802199999994,-19.581739799999994],[-50.93757899999999,-19.592270599999893],[-50.9243946,-19.580884599999898],[-50.963272,-19.483637799999897],[-50.9349978,-19.467477499999987],[-50.849386900000006,-19.498136700000007],[-50.8304512999999,-19.49227559999999],[-50.8263583999999,-19.47131449999991],[-50.8759721,-19.4150347],[-50.81889040000001,-19.291734499999986],[-50.746532699999904,-19.239906999999995],[-50.7341529,-19.187694999999998],[-50.67586299999991,-19.171199199999915],[-50.6759542999999,-19.1370734],[-50.587765499999904,-19.139947599999996],[-50.53516249999999,-19.09888709999999],[-50.4950762,-19.0128685],[-50.51055300000001,-18.938660500000008],[-50.4434358,-18.8941156],[-50.4234926999999,-18.8326532],[-50.3755955999999,-18.811498099999888],[-50.31449,-18.700749799999997],[-50.1642879999999,-18.664352499999893],[-50.0800431,-18.67224379999989],[-50.0200642999999,-18.599363499999995],[-49.93165149999991,-18.623993099999996],[-49.8800955999999,-18.60956029999989],[-49.8361535,-18.63668960000001],[-49.7848195999999,-18.642247699999896],[-49.7685296999999,-18.610986399999884],[-49.73282629999991,-18.6160229999999],[-49.682054400000006,-18.588847499999908],[-49.6397145,-18.600139],[-49.651705999999905,-18.561116],[-49.5523777,-18.54411650000001],[-49.53530640000001,-18.491807100000013],[-49.4930522999999,-18.49428529999989],[-49.4817255999999,-18.560547799999906],[-49.41411299999999,-18.638763599999905],[-49.3850575,-18.6460618999999],[-49.3274972999999,-18.562200299999994],[-49.2934845,-18.564678999999995],[-49.2856353,-18.536312000000002],[-49.24997,-18.523505499999896],[-49.2293182,-18.480378599999888],[-49.1977532999999,-18.45783719999999],[-49.210098800000004,-18.414781499999894],[-49.16146159999991,-18.41821479999991],[-49.1263129,-18.384314299999996],[-49.0770398999999,-18.416780399999897],[-49.0362737,-18.372220000000002],[-48.995996700000006,-18.3709403],[-48.9841954,-18.34141249999991],[-48.9331716,-18.305453999999898],[-48.83713470000001,-18.34148079999991],[-48.8163615999999,-18.379661199999894],[-48.75772340000001,-18.344761100000003],[-48.6977469999999,-18.3501663],[-48.6471696999999,-18.34389059999999],[-48.6338249,-18.3276483999999],[-48.5972725,-18.334811100000003],[-48.5614146999999,-18.323886500000004],[-48.5545425999999,-18.346949400000007],[-48.5156492,-18.366415899999904],[-48.484806499999905,-18.35363199999991],[-48.4812352,-18.380138700000007],[-48.44566090000001,-18.355301399999995],[-48.3105409999999,-18.386709499999895],[-48.3162723999999,-18.364375299999896],[-48.2704974,-18.329448300000006],[-48.227968499999996,-18.344974999999994],[-48.22147629999991,-18.361968499999893],[-48.16182620000001,-18.371885300000002],[-48.1465332999999,-18.40954449999999],[-48.110787599999995,-18.428594],[-48.07607560000001,-18.42965480000001],[-48.05747539999991,-18.412924199999992],[-48.0088297999999,-18.45292889999999],[-47.9809102999999,-18.442861200000003],[-47.9792121,-18.475963599999908],[-47.954937,-18.5002802999999],[-47.914274000000006,-18.46657779999999],[-47.8681824,-18.474398499999904],[-47.873652899999996,-18.459150299999994],[-47.85796390000001,-18.4390126],[-47.8319384,-18.4497830999999],[-47.8311821,-18.41405419999999],[-47.810572,-18.40011539999989],[-47.7790168,-18.424135099999905],[-47.747876100000006,-18.4116066999999],[-47.757124899999994,-18.396551499999912],[-47.733292499999905,-18.375898999999894],[-47.7405709,-18.3638397999999],[-47.7168546,-18.362088200000006],[-47.70009259999989,-18.378992199999985],[-47.657573600000006,-18.327803800000012],[-47.6461849,-18.340228700000008],[-47.610582,-18.316480699999897],[-47.63877,-18.28767809999991],[-47.6181821,-18.27029529999989],[-47.61716130000001,-18.248420699999894],[-47.6073287,-18.2639589999999],[-47.6066984999999,-18.244401999999987],[-47.58076139999999,-18.23553059999989],[-47.588230300000006,-18.226431799999887],[-47.5706446999999,-18.220895700000003],[-47.56827520000001,-18.203712899999996],[-47.536863,-18.19496969999989],[-47.5324376999999,-18.231325899999906],[-47.513089,-18.195931299999895],[-47.4845132,-18.193504999999984],[-47.4500802049999,-18.1588968099999],[-47.43021641,-18.16568719499999],[-47.428640290000004,-18.139917609999895],[-47.39587539,-18.140901995],[-47.40746920000001,-18.131848294999905],[-47.3558386999999,-18.105138394999898],[-47.357631790000006,-18.08523331],[-47.284157595,-18.0587194849999],[-47.296988989999896,-18.009109200000008],[-47.31971159499991,-17.99583799999989],[-47.3129613099999,-17.961887395],[-47.3409243949999,-17.936696700000002],[-47.33786519499991,-17.9124381999999],[-47.35669840500001,-17.896544699999886],[-47.3549781999999,-17.85985099999989],[-47.372615799999906,-17.829791899999996],[-47.35074730000001,-17.8139461],[-47.3543323,-17.78605479999991],[-47.3317946,-17.765548500000005],[-47.341698199999904,-17.743845399999895],[-47.3169505,-17.725243199999998],[-47.31370220000001,-17.698962999999903],[-47.2701041,-17.674471799999907],[-47.2807996999999,-17.647630700000004],[-47.2648038,-17.611389200000005],[-47.3254145,-17.523800599999998],[-47.4004487,-17.51181749999989],[-47.4547257,-17.541785999999906],[-47.4772836,-17.512784799999995],[-47.5047165999999,-17.50919320000001],[-47.5146389999999,-17.460998099999888],[-47.5413642999999,-17.45461039999999],[-47.5216245999999,-17.425862699999993],[-47.5398122999999,-17.388396699999905],[-47.514506700000005,-17.374952300000015],[-47.5111347,-17.326259200000006],[-47.487954800000004,-17.349506299999998],[-47.4407901,-17.347702799999993],[-47.4548775,-17.32973889999988],[-47.4228661999999,-17.323089299999896],[-47.4192040999999,-17.295447499999998],[-47.4344591999999,-17.276218500000002],[-47.4078155999999,-17.245956099999912],[-47.3842273,-17.247782899999894],[-47.3759808,-17.21715509999999],[-47.3626462999999,-17.22270850000001],[-47.3498948,-17.202328899999902],[-47.3618481,-17.1850817],[-47.340177299999894,-17.187387099999995],[-47.3519875,-17.1664994],[-47.3339048999999,-17.1652930999999],[-47.32767999999991,-17.148335899999896],[-47.3110417999999,-17.146318299999997],[-47.307375400000005,-17.15901279999999],[-47.29581879999991,-17.138622999999903],[-47.2827101,-17.1440995999999],[-47.28195749999999,-17.114893199999905],[-47.2481761999999,-17.0985565999999],[-47.2466778,-17.08203639999989],[-47.22973389999999,-17.089651199999896],[-47.2244206,-17.076304499999893],[-47.2076805999999,-17.08035509999999],[-47.20780920000001,-17.06733599999999],[-47.1918438,-17.069568399999994],[-47.195877900000006,-17.060381699999898],[-47.180371,-17.06280800000001],[-47.18361339999999,-17.036914800000012],[-47.1662671,-17.047946999999997],[-47.1620826,-17.031216599999887],[-47.146632000000004,-17.032325999999994],[-47.1317963,-17.007003499999897],[-47.1515391999999,-16.997739300000003],[-47.1274089999999,-16.9786518],[-47.16727509999999,-16.952648899999907],[-47.1579553,-16.939852299999888],[-47.17458520000001,-16.930275499999897],[-47.1614486,-16.918872499999996],[-47.181876200000005,-16.9013299],[-47.1988421,-16.908063199999987],[-47.1942139,-16.882438799999893],[-47.2103303,-16.865281200000005],[-47.1945689,-16.824589199999906],[-47.21381730000001,-16.827574999999996],[-47.221184400000006,-16.807766199999904],[-47.2180016999999,-16.781387700000003],[-47.2364891999999,-16.755345399999996],[-47.2228835,-16.72407800000001],[-47.2524281,-16.703942599999905],[-47.2508620999999,-16.664807399999997],[-47.277591599999894,-16.6592074],[-47.2879703,-16.632632099999988],[-47.321255400000005,-16.616873499999897],[-47.3192964,-16.602018999999895],[-47.336351,-16.615506599999897],[-47.3431538999999,-16.591410400000004],[-47.3764327,-16.599679799999905],[-47.3772696,-16.5785652],[-47.3860948999999,-16.587545999999996],[-47.39691099999991,-16.571097100000003],[-47.413223899999906,-16.574171899999996],[-47.4054637,-16.5552484],[-47.4442298,-16.539302599999907],[-47.459524599999995,-16.504125899999995],[-47.4557053,-16.467639200000004],[-47.4291215,-16.442661200000007],[-47.426609500000005,-16.3932498999999],[-47.3654888,-16.329881100000005],[-47.35160840000001,-16.275413399999895],[-47.3271443,-16.2486413],[-47.3221197999999,-16.208775199999895],[-47.3363229,-16.201587599999993],[-47.33195669999999,-16.17173919999991],[-47.3527321999999,-16.132830299999988],[-47.3380614,-16.1283834999999],[-47.3329110999999,-16.086731600000004],[-47.311344600000005,-16.088132700000003],[-47.3003674,-16.017245699999894],[-47.27739619999989,-16.006869699999996],[-47.2540802,-16.019623499999987],[-47.2172765999999,-16.014420299999905],[-47.20865830000001,-15.987336500000007],[-47.170645699999994,-15.973676699999904],[-47.171738100000006,-15.954129700000001],[-47.1427805,-15.926342499999999],[-47.1349838,-15.9493843],[-47.0886444999999,-15.961129299999998],[-47.05293429999989,-15.936467999999905],[-46.80749910000001,-15.880775999999988],[-46.82450790000001,-15.812326199999987],[-46.813149,-15.787204299999908],[-46.8557026999999,-15.683124500000009],[-46.8548835,-15.618300499999998],[-46.9177476,-15.590007799999992],[-46.9486879999999,-15.557844399999993],[-46.9293132999999,-15.439939700000005],[-46.91192950000001,-15.411545499999898],[-46.849478399999995,-15.373164000000006],[-46.8694803,-15.361474199999996],[-46.835675799999905,-15.32512769999989],[-46.889318300000006,-15.282246899999995],[-46.8914846,-15.235259599999898],[-46.9276553,-15.255095299999885],[-46.94086659999991,-15.230701599999998],[-46.8884431,-15.115644899999898],[-46.9265961999999,-15.061692799999909],[-46.844342000000005,-15.009081700000014],[-46.7264771,-15.038415499999902],[-46.62805949999991,-15.089490499999991],[-46.575308400000004,-15.083631899999899],[-46.5036081,-15.05343329999989],[-46.53081070000001,-15.005278499999996],[-46.5172886,-14.972864599999996],[-46.5465359,-14.925444499999987],[-46.521556,-14.851179499999894],[-46.5338949,-14.82827059999991],[-46.5602562,-14.820655799999896],[-46.5662818,-14.788395700000006],[-46.5441921999999,-14.753012399999884],[-46.51028180000001,-14.738260599999906],[-46.5011137,-14.703025899999899],[-46.4690295,-14.708217699999997],[-46.4631396999999,-14.731174399999901],[-46.3221998999999,-14.814580299999909],[-46.32491720000001,-14.847787599999911],[-46.300472500000005,-14.858078699999998],[-46.3193358,-14.9004389999999],[-46.2946699999999,-14.908613100000002],[-46.2868647999999,-14.928145700000007],[-46.23370210000001,-14.921528199999997],[-46.224468800000004,-14.941731400000004],[-46.1755505,-14.949425200000002],[-46.1629472,-14.906107099999895],[-46.1457480999999,-14.9265151999999],[-46.1203001,-14.920058599999908],[-46.09821620000001,-14.93898249999998],[-46.04856110000001,-14.878282699999902],[-46.0056362,-14.900050999999998],[-46.0073133999999,-14.925842099999993],[-45.96608090000001,-14.96564549999991],[-45.9754940999999,-15.038881599999984],[-46.04372019999991,-15.118129599999989],[-46.054280600000006,-15.171969499999914],[-46.1207223,-15.195194899999892],[-46.0988173,-15.216785799999993],[-46.094808699999895,-15.246142099999904],[-46.0770818,-15.26468179999989],[-46.0581129999999,-15.262741799999995],[-46.02952369999999,-15.201808300000005],[-45.98450530000001,-15.195961000000004],[-45.9559093,-15.140666300000007],[-45.9187247,-15.133369699999907],[-45.871247000000004,-15.158810899999885],[-45.8179671,-15.114186199999908],[-45.730295100000006,-15.117244899999893],[-45.717037999999896,-15.093909899999995],[-45.67481190000001,-15.080542599999887],[-45.6570586,-15.027349300000001],[-45.615946099999995,-15.013588399999902],[-45.56673940000001,-14.944852999999997],[-45.534729,-14.938257599999904],[-45.5206964,-14.953557399999987],[-45.498491599999994,-14.94638159999989],[-45.49005149999991,-14.960762699999993],[-45.4559942999999,-14.954260699999981],[-45.4344687999999,-14.921751099999893],[-45.3997964,-14.917501299999998],[-45.3639757999999,-14.87169549999989],[-45.3164204,-14.851255199999992],[-45.31643630000001,-14.831369100000007],[-45.2856894999999,-14.832477799999898],[-45.2711836999999,-14.798822800000005],[-45.24196190000001,-14.786528900000016],[-45.2055736999999,-14.744738899999987],[-45.1636040999999,-14.732384499999995],[-45.1362895999999,-14.7474167999999],[-45.0827727,-14.748766699999983],[-45.0395114,-14.6798511],[-44.98593389999999,-14.662133799999907],[-44.9805972,-14.643503199999893],[-44.9166802,-14.619660300000001],[-44.91020999999991,-14.603550299999888],[-44.8433866,-14.5808382],[-44.8439071,-14.56631049999991],[-44.8587949,-14.57152230000001],[-44.8471084999999,-14.545486200000008],[-44.8243545,-14.539376900000006],[-44.8348899,-14.535924500000004],[-44.836293,-14.518488099999999],[-44.8225735999999,-14.514798700000014],[-44.8332382,-14.499827799999895],[-44.8138152999999,-14.504659699999896],[-44.818266299999905,-14.490195699999992],[-44.7943253,-14.496589800000008],[-44.7238192,-14.449054699999996],[-44.701293,-14.449788099999994],[-44.6883531999999,-14.416680900000001],[-44.6679857999999,-14.423850699999909],[-44.6588783999999,-14.395757300000005],[-44.633598699999894,-14.3944726],[-44.62559509999989,-14.376109900000005],[-44.5655652,-14.340059999999896],[-44.54512049999991,-14.343063299999896],[-44.510843599999895,-14.322687899999899],[-44.48717700000001,-14.328519700000003],[-44.42860060000001,-14.286635499999898],[-44.36158871,-14.272812589999905],[-44.3164831949999,-14.240349089999892],[-44.2475052899999,-14.260118309999907],[-44.240619799999905,-14.240687299999886],[-44.218059000000004,-14.244980199999898],[-44.2153326,-14.233180699999894],[-44.170380300000005,-14.268694999999994],[-44.1603345,-14.257759599999904],[-44.1372648,-14.264151399999887],[-44.135617,-14.282185399999902],[-44.1125944,-14.2587283],[-44.088286799999906,-14.278076300000006],[-44.0744511999999,-14.270639599999987],[-44.073398600000004,-14.285665600000003],[-44.0574281999999,-14.277612200000013],[-44.03462100000001,-14.289028399999895],[-43.9873444,-14.267295400000004],[-43.94213990000001,-14.305096499999884],[-43.8919529999999,-14.293287200000009],[-43.8803958,-14.312141099999998],[-43.85270369999991,-14.307936299999882],[-43.8472267,-14.3217372999999],[-43.820255200000005,-14.311636300000004],[-43.8223149,-14.323029699999916],[-43.7831866999999,-14.339233700000001],[-43.8193879,-14.389305099999888],[-43.87483359999991,-14.524547099999905],[-43.88723009999999,-14.585179200000006],[-43.8700638,-14.612827599999898],[-43.8746265,-14.63676539999988],[-43.88578660000001,-14.635425699999903],[-43.859201,-14.674298799999999],[-43.72625889999989,-14.6981615999999],[-43.7122295,-14.714985699999888],[-43.7198617,-14.729538900000014],[-43.6871733999999,-14.721407499999904],[-43.61500010000001,-14.759892599999896],[-43.580616399999904,-14.750813899999992],[-43.5371739999999,-14.783507599999997],[-43.52975700000001,-14.815944799999995],[-43.5111628999999,-14.796574500000007],[-43.4696982999999,-14.787348499999998],[-43.481254299999904,-14.767897699999896],[-43.46283859999989,-14.7658865],[-43.4612721999999,-14.746228500000003],[-43.434888999999906,-14.723038299999905],[-43.34650370000001,-14.696069099999898],[-43.31122740000001,-14.669748099999909],[-43.28832440000001,-14.67611239999999],[-43.24505490000001,-14.656511099999898],[-43.196201899999906,-14.649533299999984],[-43.1791810999999,-14.660978099999992],[-43.1763498,-14.65054380000001],[-43.10397699999991,-14.6739370999999],[-43.08393649999991,-14.698272599999893],[-43.0663891999999,-14.680559199999896],[-43.026889499999996,-14.686019400000006],[-43.0109472999999,-14.70166219999989],[-42.9396586999999,-14.707621500000002],[-42.9270529999999,-14.744140199999903],[-42.8684388,-14.7670252],[-42.8069126,-14.830431499999985],[-42.7551377999999,-14.846421399999906],[-42.7359398999999,-14.877423899999886],[-42.7041634999999,-14.882828299999998],[-42.6264917,-14.945146199999988],[-42.60254350000001,-14.924677099999888],[-42.5871895999999,-14.930234399999991],[-42.4759116,-15.01704039999989],[-42.4368004,-15.022715999999885],[-42.442939200000005,-15.061319799999987],[-42.3964917,-15.077991599999999],[-42.37447039999999,-15.071333700000002],[-42.354907000000004,-15.098203100000006],[-42.3335173,-15.07905269999999],[-42.2647964999999,-15.125178599999995],[-42.2274310999999,-15.099266399999998],[-42.1925990999999,-15.103118399999978],[-42.1733197999999,-15.085953999999987],[-42.086567300000006,-15.187068799999986],[-41.997503099999996,-15.1588899999999],[-41.9325365,-15.174501699999997],[-41.88026919999991,-15.13735039999989],[-41.870430600000006,-15.11518009999999],[-41.8007100999999,-15.101097099999905],[-41.3564226999999,-15.500286099999986],[-41.331206099999996,-15.744673400000003],[-41.21539640000001,-15.737165900000006],[-41.142530199999996,-15.772046999999896],[-41.128634899999994,-15.746769599999904],[-41.0928946,-15.738681400000006],[-41.0775578999999,-15.719287999999894],[-41.0060594999999,-15.713837300000005],[-40.97961070000001,-15.691661399999893],[-40.961614499999904,-15.647931499999995],[-40.9143316999999,-15.660977600000004],[-40.9025697,-15.691842099999992],[-40.8815569,-15.694470800000008],[-40.8420331999999,-15.683224599999997],[-40.81902829999999,-15.646341999999906],[-40.7803370999999,-15.680197999999992],[-40.7832849,-15.701375100000009],[-40.76766370000001,-15.714079399999898],[-40.73986080000001,-15.703646700000002],[-40.7413622,-15.680250600000013],[-40.7045757999999,-15.666398800000001],[-40.6449466,-15.728859399999997],[-40.62938869999991,-15.715712699999902],[-40.6066016,-15.736756399999896],[-40.593099900000006,-15.771746699999913],[-40.567417400000004,-15.77592309999991],[-40.563472600000004,-15.802904199999901],[-40.518281199999905,-15.797510399999986],[-40.50953950000001,-15.768381299999911],[-40.480939400000004,-15.775188599999995],[-40.4614286,-15.753231700000013],[-40.4324702,-15.778653199999992],[-40.42503379999991,-15.805708399999995],[-40.376860300000004,-15.823522599999896],[-40.2311113,-15.803847099999892],[-40.200074,-15.86250979999989],[-40.1661041999999,-15.8683771999999],[-40.17071509999991,-15.9075303999999],[-40.1405723,-15.898888400000006],[-40.1053499,-15.912050099999897],[-40.0849966,-15.897120599999887],[-40.08090779999999,-15.924097699999905],[-40.0657169,-15.910828000000013],[-40.078830200000006,-15.940923799999998],[-40.06613320000001,-15.9397648],[-40.0661947,-15.960208300000005],[-40.0457734999999,-15.962356300000003],[-40.0044364999999,-16.001838200000005],[-39.9639599999999,-16.005331699999903],[-39.9557464,-15.991428299999916],[-39.9147978999999,-15.999993399999907],[-39.935686200000006,-16.023747899999904],[-39.88200340000001,-16.068032999999993],[-39.8568289,-16.1138248],[-39.8805141999999,-16.143745399999894],[-39.896956499999895,-16.141604000000008],[-39.8833906,-16.194693000000004],[-39.93652109999991,-16.245780799999984],[-39.9166782999999,-16.283842799999896],[-39.9522397,-16.297855099999914],[-39.9666726999999,-16.327209200000002],[-39.991102,-16.312734299999914],[-40.0252161,-16.357362200000004],[-40.06918300000001,-16.4607257],[-40.083981299999905,-16.4639265],[-40.0970479,-16.4480467],[-40.0986641,-16.421210099999897],[-40.1165455999999,-16.466499600000002],[-40.1707810999999,-16.52362199999989],[-40.1578974,-16.579454900000005],[-40.23412760000001,-16.557932299999905],[-40.2470256999999,-16.5735622999999],[-40.275490100000006,-16.57341769999991],[-40.2861875999999,-16.592539299999896],[-40.3129878999999,-16.675434100000004],[-40.3101667,-16.7362155],[-40.34549359999989,-16.787267499999913],[-40.32360549999999,-16.801269199999997],[-40.2644698999999,-16.799104599999996],[-40.25212149999991,-16.860050599999997],[-40.266026000000004,-16.860313399999896],[-40.2816371,-16.901183599999992],[-40.3027738,-16.89224359999999],[-40.327147000000004,-16.909319200000002],[-40.366485000000004,-16.874172299999895],[-40.4157167,-16.89950060000001],[-40.48500440000001,-16.8789707],[-40.5163267,-16.963574799999904],[-40.548507599999894,-16.990621799999897],[-40.57141430000001,-17.063885500000005],[-40.5566075,-17.096811100000007],[-40.577745900000004,-17.167959999999905],[-40.5523838999999,-17.199153099999904],[-40.57224990000001,-17.251372800000006],[-40.547750900000004,-17.28370629999989],[-40.6090252,-17.32696839999991],[-40.5927270999999,-17.345473099999897],[-40.60579399999989,-17.359967399999988],[-40.5986644,-17.3896364999999],[-40.6234751,-17.40598069999991],[-40.59750650000001,-17.42063329999999],[-40.5700816999999,-17.4158914999999],[-40.52057899999989,-17.444811299999987],[-40.48300009999999,-17.48851300000001],[-40.4890624,-17.5197896999999],[-40.460414899999904,-17.568502200000005],[-40.44374040000001,-17.579012299999892],[-40.41068429999999,-17.568227299999897],[-40.4144692,-17.610096399999993],[-40.39681169999991,-17.625605299999997],[-40.3719624999999,-17.612457999999904],[-40.3546580999999,-17.644272299999997],[-40.34670140000001,-17.611999300000004],[-40.2803618999999,-17.722786599999903],[-40.255905299999895,-17.719546200000007],[-40.2207966,-17.7372473999999],[-40.21807569999989,-17.795658999999905],[-40.2038638999999,-17.829664099999896],[-40.1741273,-17.85156119999989],[-40.21265770000001,-17.895794099999893],[-40.26354750000001,-17.922023299999996],[-40.2223506,-17.980417400000007],[-40.34552180000001,-17.923782],[-40.4538717,-17.918810599999997],[-40.4641865999999,-17.928203100000008],[-40.5270378,-17.891944599999906],[-40.5847118999999,-17.918166599999907],[-40.58716129999991,-17.939020799999998],[-40.6134484,-17.939730799999886],[-40.6261519,-17.991053899999905],[-40.70368339999991,-18.023726999999994],[-40.725769,-18.001217199999907],[-40.77176850000001,-18.00338809999991],[-40.7711998,-17.98106149999999],[-40.7950031999999,-17.981739699999906],[-40.808161599999906,-17.95204719999999],[-40.837039999999895,-17.9571875999999],[-40.8631315,-17.988316899999997],[-40.882717,-17.970551099999998],[-40.902823000000005,-17.98771219999999],[-40.77330330000001,-18.1075627],[-40.77149610000001,-18.155939999999905],[-40.845075800000004,-18.149812999999895],[-40.8775550999999,-18.1194293],[-40.8890107999999,-18.12401609999989],[-40.89310940000001,-18.10787830000001],[-40.9322096,-18.136483499999905],[-40.95000379999989,-18.129286599999887],[-40.9545373999999,-18.1544944],[-40.9803239,-18.14136409999999],[-40.9894770999999,-18.170649299999994],[-41.0145894999999,-18.1575794],[-41.0338136999999,-18.172111799999996],[-41.056084600000005,-18.166621099999897],[-41.10444789999999,-18.213276800000003],[-41.09135100000001,-18.23025589999999],[-41.1027442,-18.236966100000004],[-41.0971916,-18.256581200000003],[-41.158920699999996,-18.308243499999904],[-41.1458850999999,-18.3738627999999],[-41.16254039999999,-18.390763700000008],[-41.1437544,-18.406463799999898],[-41.1820925,-18.439254499999905],[-41.0206494,-18.4585992],[-41.0419884999999,-18.605403099999897],[-41.032493900000006,-18.618105599999993],[-41.0529205,-18.631198999999985],[-40.9878209,-18.678135900000004],[-40.9414975999999,-18.6892946999999],[-40.9400042,-18.7702861999999],[-40.915921899999894,-18.812658199999888],[-40.963913499999904,-18.841170099999903],[-41.0974735999999,-18.8423109999999],[-41.1341302,-18.796041300000002],[-41.2325443999999,-18.797278800000008],[-41.2435824,-18.852749100000004],[-41.2147844,-18.87763979999991],[-41.20842509999991,-18.855047099999993],[-41.16348229999989,-18.8595031999999],[-41.15295830000001,-18.886609099999898],[-41.1195848999999,-18.903449399999907],[-41.1181716999999,-18.921770299999903],[-41.078619399999994,-18.94769050000001],[-41.067301400000005,-18.942423899999895],[-41.061495400000005,-18.967690199999897],[-41.040640100000005,-18.980670099999898],[-41.0169129,-18.974640599999915],[-41.06646399999989,-19.00621119999989],[-41.0715757,-19.025649299999905],[-41.054622900000005,-19.068405400000003],[-41.0126043999999,-19.075801699999907],[-41.0087437,-19.0993298999999],[-40.984760400000006,-19.100717799999906],[-40.960622699999895,-19.122927100000005],[-40.9619481,-19.144061800000003],[-40.94399979999999,-19.144004600000002],[-40.9410860999999,-19.18057379999989],[-40.9259317,-19.189697699999993],[-40.94216359999999,-19.23381240000001],[-40.9161804,-19.258932299999998],[-40.94444259999991,-19.280632399999888],[-40.907692700000005,-19.30881269999999],[-40.93846789999999,-19.346065499999998],[-40.92844329999999,-19.381884899999893],[-40.9571688,-19.398844499999885],[-40.96824009999991,-19.425738599999892],[-40.944693399999906,-19.460960399999998],[-40.9722381999999,-19.5052949999999],[-41.014482799999904,-19.5063911999999],[-41.0466926999999,-19.487399699999994],[-41.0368602,-19.570457],[-41.07191770000001,-19.584408199999903],[-41.0741098,-19.598663799999887],[-41.0908815999999,-19.59634319999999],[-41.1086013999999,-19.639466800000005],[-41.16847280000001,-19.672222699999995],[-41.191071599999894,-19.745867299999905],[-41.16410509999999,-19.8063867999999],[-41.186294700000005,-19.827666899999894],[-41.17569639999991,-19.8393500999999],[-41.185188200000006,-19.889933799999906],[-41.228044699999906,-19.904985099999998],[-41.2444702,-19.937341800000002],[-41.3026934,-19.938060899999993],[-41.320015000000005,-19.980026899999903],[-41.3091067,-20.016370600000002],[-41.3821144999999,-20.188813099999905],[-41.4111404,-20.207369599999893],[-41.75675369999989,-20.2068659999999],[-41.7799831999999,-20.292293],[-41.847498300000005,-20.32800619999989],[-41.859511600000005,-20.372842599999995],[-41.8450581,-20.377362999999885],[-41.8343103999999,-20.4114577],[-41.80339,-20.422238899999993],[-41.79943560000001,-20.477283299999996],[-41.8254228,-20.483258799999902],[-41.8044505999999,-20.543410999999903],[-41.8283911999999,-20.557296199999897],[-41.8566943,-20.61576669999989],[-41.8174139,-20.624538699999988],[-41.8072973,-20.643690999999887],[-41.8633528999999,-20.71091049999999],[-41.8565566,-20.747687399999986],[-41.8769839999999,-20.747852999999996],[-41.88031849999991,-20.78059639999999],[-41.9019903,-20.796625699999893],[-41.9287363,-20.79432729999998],[-41.926707,-20.8387898],[-41.9543763999999,-20.865267699999897],[-41.9761523,-20.935792399999993],[-42.0230596,-20.925129300000002],[-42.093794699999904,-20.935626000000006],[-42.15095,-20.974029],[-42.0799203,-21.035103099999994],[-42.1010649999999,-21.034173899999903],[-42.1402155,-21.103472000000004],[-42.16402690000001,-21.101060099999884],[-42.2080743999999,-21.178224699999895],[-42.1897248999999,-21.250506000000005],[-42.228636799999904,-21.282059899999993],[-42.2300241999999,-21.36649449999988],[-42.2519753999999,-21.38719710000001],[-42.2375192,-21.40216250000001],[-42.27531170000001,-21.404179400000007],[-42.2921249,-21.459238099999894],[-42.2546154,-21.48697809999989],[-42.28560110000001,-21.528120199999886],[-42.3063046999999,-21.529084699999895],[-42.3094129,-21.551486099999995],[-42.3304337,-21.559842899999996],[-42.32477199999991,-21.569443599999893],[-42.3691193999999,-21.619455799999994],[-42.3554776,-21.625045499999892],[-42.3696014999999,-21.64009429999991],[-42.3480258,-21.641801999999892],[-42.340131500000005,-21.661973900000003],[-42.301341,-21.65492209999999],[-42.2737579999999,-21.677408099999997],[-42.2666492,-21.714473199999905],[-42.3334621,-21.74584879999999],[-42.373579499999906,-21.745848799999994],[-42.8814275,-21.9592661999999],[-42.9000349,-21.984837399999908],[-42.9898042999999,-22.034228299999903],[-43.03915210000001,-22.044594500000006],[-43.0331611999999,-22.065904899999996],[-43.0631073,-22.087979899999898],[-43.1168288,-22.085140800000005],[-43.13555840000001,-22.109884199999996],[-43.154735800000005,-22.07754219999999],[-43.1333746999999,-22.0584097],[-43.12853569999991,-22.029311799999988],[-43.1695743999999,-22.021810500000004],[-43.20294770000001,-22.037437199999896],[-43.20133750000001,-22.0258327],[-43.2215116,-22.0337608999999],[-43.245467000000005,-22.0065741],[-43.30224329999991,-22.021008399999992],[-43.3483103,-22.002114699999908],[-43.4482475,-22.067086799999995],[-43.5038228,-22.0752022999999],[-43.5123608,-22.05918880000001],[-43.5611426,-22.088435800000003],[-43.58402910000001,-22.071124300000008],[-43.5856661999999,-22.051534199999896],[-43.612888899999994,-22.08229659999991],[-43.6464278,-22.064852399999907],[-43.6720908,-22.090349499999906],[-43.6913158999999,-22.070858900000005],[-43.7341372999999,-22.0970869999999],[-43.7657053999999,-22.062175500000002],[-43.84237050000001,-22.099641099999896],[-43.8791978,-22.0995196],[-43.87965139999991,-22.1140214],[-44.00437129999991,-22.162637299999993],[-44.02658310000001,-22.151000399999905],[-44.069457999999905,-22.162814200000003],[-44.08721189999991,-22.184594599999997],[-44.100419499999894,-22.17313480000001],[-44.1232838999999,-22.18769189999989],[-44.1213923999999,-22.20895229999999],[-44.14841439999999,-22.212588799999892],[-44.163649,-22.233054499999994],[-44.17728820000001,-22.226563499999898],[-44.235242199999995,-22.266394799999905],[-44.2605753,-22.267867999999996],[-44.26350610000001,-22.24343590000001],[-44.3223489,-22.2611272999999],[-44.362022499999995,-22.25197319999999],[-44.3875889999999,-22.272504799999997],[-44.4144522,-22.25415419999999],[-44.456346100000005,-22.2571520999999],[-44.4599130999999,-22.2799893],[-44.5325793,-22.3307040999999],[-44.6100354,-22.326557799999897],[-44.6607006,-22.3805242],[-44.7259869,-22.35902419999999],[-44.802149400000005,-22.3923495],[-44.832952599999906,-22.4309898999999],[-44.8897307999999,-22.432123999999895],[-44.8993877,-22.453738700000006],[-44.9400702,-22.452669100000005],[-44.9658590999999,-22.4751927999999],[-45.02840339999991,-22.463197699999995],[-45.097324,-22.485068399999903],[-45.1503233,-22.507355399999895],[-45.178045600000004,-22.5498769],[-45.26017289999991,-22.582053399999896],[-45.274240000000006,-22.616238500000005],[-45.332962,-22.617639199999903],[-45.3978764999999,-22.653423799999896],[-45.4105211,-22.651670999999993],[-45.41293169999991,-22.622215499999992],[-45.4738566,-22.58889420000001],[-45.4888005,-22.628785199999985],[-45.539908200000006,-22.65257980000001],[-45.5843695,-22.6516885999999],[-45.5553553999999,-22.626440999999904],[-45.576519600000005,-22.601702699999997],[-45.6181281,-22.637914099999904],[-45.66618479999989,-22.651201199999896],[-45.6810783,-22.6363357],[-45.6605736999999,-22.5778407999999],[-45.7184548,-22.5779914],[-45.737428899999905,-22.608538699999894],[-45.6939927,-22.6517099],[-45.7428067,-22.6591668999999],[-45.817991499999906,-22.711367599999996],[-45.8014557,-22.738617699999995],[-45.7281403,-22.723683600000008],[-45.7134121999999,-22.756947199999995],[-45.7303335999999,-22.798594200000004],[-45.713580900000004,-22.814785700000005],[-45.754917299999896,-22.792912199999897],[-45.7709450999999,-22.805926799999995],[-45.7669648999999,-22.8423465]]]}},{"type":"Feature","properties":{"SIGLA_UF":"CE","NM_UF":"Ceará","NM_REGIAO":"Nordeste"},"geometry":{"type":"Polygon","coordinates":[[[-39.0912968,-7.858181999999921],[-39.10635389999991,-7.760226299999927],[-39.13564089999989,-7.723375099999956],[-39.20833520000001,-7.689480299999981],[-39.2525649,-7.704930899999991],[-39.24974040000001,-7.6835445999999585],[-39.2703213999999,-7.659897299999925],[-39.3055664999999,-7.665931599999963],[-39.37609500000001,-7.61177239999996],[-39.4196560999999,-7.604412299999979],[-39.4348596999999,-7.573818299999973],[-39.4716807999999,-7.575800599999987],[-39.48516419999989,-7.534448999999954],[-39.4573058,-7.506182999999966],[-39.460747599999905,-7.471218999999979],[-39.50236050000001,-7.464148399999925],[-39.5484253,-7.483133299999978],[-39.5715905,-7.429831299999907],[-39.6289072,-7.425628499999948],[-39.6530883999999,-7.3722621999999856],[-39.70618530000001,-7.337762999999943],[-39.8576968,-7.325428699999993],[-40.000707000000006,-7.374478299999936],[-40.08745450000001,-7.383093099999948],[-40.19568470000001,-7.358148699999981],[-40.26299560000001,-7.301020899999963],[-40.318563190000006,-7.303340399999988],[-40.3609839069999,-7.355600706999931],[-40.39387809999991,-7.368168399999945],[-40.4335882999999,-7.367178399999941],[-40.52372319999989,-7.318450499999943],[-40.4897392999999,-7.118690099999979],[-40.42771770000001,-7.033881099999971],[-40.43868459999991,-7.016459399999953],[-40.406249499999895,-7.005326599999896],[-40.4298702,-6.993343099999953],[-40.43017900000001,-6.867816199999961],[-40.370509799999994,-6.80307039999999],[-40.388790300000004,-6.796998699999948],[-40.4321666,-6.812977599999942],[-40.4769262999999,-6.732831699999956],[-40.6022070999999,-6.716011799999944],[-40.6491379999999,-6.678831099999947],[-40.710182800000005,-6.676129499999943],[-40.7314656,-6.656967999999972],[-40.7220025999999,-6.617682799999947],[-40.745852,-6.565546799999959],[-40.79212230000001,-6.512861099999934],[-40.80515469999991,-6.393131599999961],[-40.7796001,-6.346616299999963],[-40.7828633,-6.313374499999947],[-40.8522242,-6.224220499999967],[-40.845738499999996,-6.134994999999957],[-40.8728457999999,-6.056627599999945],[-40.9075475,-6.04466159999994],[-40.8736344,-5.966758099999957],[-40.880216,-5.917667199999939],[-40.8975192999999,-5.9012973999999785],[-40.9135413,-5.726746299999979],[-40.938769299999905,-5.673340599999935],[-40.9112329,-5.6565587999999645],[-40.9010522999999,-5.615909200000006],[-40.9364545999999,-5.526387999999964],[-40.9161925,-5.4638214999999075],[-40.9438034,-5.423586299999971],[-40.9115494,-5.407376599999941],[-40.936103199999906,-5.365967499999988],[-40.91212490000001,-5.314204099999918],[-40.92690759999991,-5.296966699999948],[-40.9117130999999,-5.26665349999993],[-40.9422302,-5.240474599999996],[-40.922028,-5.226451099999982],[-40.9256073999999,-5.176853399999952],[-40.9646309,-5.150083499999915],[-40.9824624,-5.153522699999969],[-41.0340009999999,-5.091064199999916],[-41.0538026999999,-5.103193799999938],[-41.0813031,-5.090072899999948],[-41.0970052,-5.053148499999972],[-41.13201919999991,-5.04857129999995],[-41.12018990000001,-5.021077899999953],[-41.1375224,-4.984967599999946],[-41.150922,-4.9921104999999235],[-41.1890091,-4.940619399999929],[-41.2037910999999,-4.94974929999993],[-41.22136660000001,-4.938229799999939],[-41.2281032,-4.890987799999975],[-41.2495738,-4.869690199999939],[-41.2418183999999,-4.822141699999936],[-41.2080154,-4.776768400000005],[-41.2503381,-4.75662739999997],[-41.173852600000004,-4.666942899999936],[-41.229330699999906,-4.620094999999934],[-41.221215099999895,-4.578936199999951],[-41.2422642,-4.569928399999959],[-41.2215341,-4.5674729999999455],[-41.190776,-4.515528999999974],[-41.16001140000001,-4.381497300000009],[-41.12017130000001,-4.330566699999949],[-41.1359047999999,-4.233511299999981],[-41.0908856,-4.1703317999999285],[-41.1183295,-4.165224099999956],[-41.14313989999991,-4.12423369999989],[-41.11428240000001,-4.040564699999925],[-41.17181469999999,-4.032477599999924],[-41.185523700000005,-4.017218999999901],[-41.256725499999995,-4.034844899999968],[-41.23882889999991,-4.015404999999912],[-41.2492399999999,-3.9898696999998915],[-41.220239499999906,-3.9415054999999444],[-41.2768563,-3.8256211000000167],[-41.300814100000004,-3.8262988999999132],[-41.2541229,-3.7750413999999584],[-41.2585189,-3.732775499999922],[-41.23828050000001,-3.7157685999999197],[-41.3417478,-3.6807725999999206],[-41.33131550000001,-3.6246842999999087],[-41.34490410000001,-3.588738899999981],[-41.3713131,-3.5726271999999457],[-41.3646613999999,-3.557998599999966],[-41.336869299999904,-3.5538935999999333],[-41.3241740999999,-3.5033687999999668],[-41.30303,-3.492182599999944],[-41.319739,-3.484086900000008],[-41.3240493,-3.385924099999965],[-41.3869905999999,-3.4092983999999267],[-41.3990861999999,-3.363586999999946],[-41.42351799999991,-3.3680064999999373],[-41.3224850999999,-3.1797927999999764],[-41.3188243,-3.144818499999893],[-41.2850581,-3.101507299999959],[-41.2557657,-3.087583799999897],[-41.2613492999999,-3.0500597999999757],[-41.24791210000001,-3.0269341999999857],[-41.2707827,-2.9712458999999787],[-41.321769,-2.9517319999999088],[-41.322668300000004,-2.921207799999949],[-41.269499200000006,-2.8863938999999927],[-41.1160321,-2.884871999999954],[-41.101714099999995,-2.900947999999986],[-41.1081548999999,-2.8900894999998634],[-41.01606249999999,-2.8922595999999623],[-40.8634531,-2.856178299999898],[-40.844784499999896,-2.885854099999951],[-40.76038080000001,-2.8488085999999755],[-40.58847089999989,-2.8459710999999417],[-40.595781200000005,-2.8388754999999546],[-40.537126300000004,-2.8194882999999007],[-40.5201377,-2.791000899999997],[-40.49795879999991,-2.7843234999999806],[-40.4294962,-2.8111009999999377],[-40.1853338999999,-2.8116805999999612],[-40.1437771,-2.840176999999975],[-40.1262326999999,-2.8235415000000326],[-39.9838693999999,-2.848370799999996],[-39.99462520000001,-2.839546999999894],[-39.885059,-2.8909569999999953],[-39.9251533,-2.870580999999929],[-39.9077895,-2.873133099999914],[-39.71904390000001,-2.9982527999999373],[-39.6874313,-2.996618599999965],[-39.6563958999999,-3.0234963999999844],[-39.619826799999906,-3.025983399999919],[-39.5943265,-3.067981000000016],[-39.5498833,-3.079132799999983],[-39.46268789999991,-3.143796899999973],[-39.3818221999999,-3.1835785999999735],[-39.35335489999991,-3.174306099999993],[-39.3130442999999,-3.2060710999999364],[-39.2501506,-3.2231682000000124],[-39.1592405,-3.3324643000000087],[-39.112737900000006,-3.3471146999999095],[-39.0742016999999,-3.40139450000002],[-39.0487479,-3.4125743000000024],[-39.0068376999999,-3.3968490999999683],[-38.98442729999989,-3.4033121999999683],[-38.91117400000001,-3.5026220999999507],[-38.8478133,-3.542842],[-38.8122587,-3.5421269000000155],[-38.7624235,-3.6059173999999716],[-38.6524047,-3.6821559999999303],[-38.58113109999991,-3.6921304999999194],[-38.4958516999999,-3.725033699999894],[-38.4762152,-3.719321499999987],[-38.482500300000005,-3.698732499999902],[-38.4603025,-3.7050639999999437],[-38.4358215,-3.7705704999999994],[-38.35195120000001,-3.8944718999999446],[-38.3067119999999,-3.934167699999898],[-38.2728620999999,-3.9446754999999447],[-38.11596730000001,-4.148000399999899],[-38.00932240000001,-4.251090599999892],[-37.8541657,-4.379497599999976],[-37.7700943999999,-4.401270699999909],[-37.769482700000005,-4.426387699999996],[-37.7239327999999,-4.502134999999969],[-37.6355922,-4.589508599999944],[-37.5586779,-4.641665399999962],[-37.497812599999996,-4.626961199999942],[-37.47132229999989,-4.650837699999915],[-37.33665109999999,-4.69316309999994],[-37.281579,-4.751692799999953],[-37.2526586,-4.831390299999954],[-37.6403381,-4.926404399999985],[-37.6776204,-5.0540857000000035],[-37.7250893999999,-5.0706242999999676],[-37.76495640000001,-5.139619500000002],[-37.7900289,-5.210940299999949],[-37.7831098999999,-5.294815499999961],[-37.85765739999991,-5.356723699999963],[-37.86048160000001,-5.406685699999956],[-37.9015772999999,-5.499792399999922],[-37.9326343,-5.503107699999948],[-37.94805649999999,-5.534644899999967],[-37.990037199999996,-5.555797899999954],[-38.0342697,-5.637152799999932],[-38.0819854,-5.670122699999954],[-38.0882362999999,-5.730037699999977],[-38.0468842,-5.732941999999952],[-38.114361,-5.822255399999962],[-38.122515399999905,-5.88174009999993],[-38.1640604999999,-5.92746279999996],[-38.163779799999894,-5.945443399999956],[-38.24450230000001,-5.9994562999999514],[-38.259183799999995,-6.053779999999976],[-38.30377529999999,-6.086522699999955],[-38.34678300000001,-6.067277299999942],[-38.36621259999999,-6.088298399999941],[-38.38297709999989,-6.05233459999997],[-38.4242207999999,-6.066667999999967],[-38.44731660000001,-6.085277699999956],[-38.4407712,-6.096874299999948],[-38.462085199999905,-6.112320999999948],[-38.5013253,-6.190947099999962],[-38.527203899999996,-6.193377999999941],[-38.5283479999999,-6.239176199999985],[-38.579545700000004,-6.279626399999913],[-38.5660227,-6.302588699999931],[-38.5815423,-6.3310460999999645],[-38.562505900000005,-6.355651699999974],[-38.6022144999999,-6.390895099999994],[-38.5719683999999,-6.404106599999979],[-38.5293998999999,-6.3928899999999365],[-38.51790930000001,-6.408731699999966],[-38.55426539999999,-6.432763099999913],[-38.57577710000001,-6.477965099999944],[-38.6122882,-6.513191299999963],[-38.6070845,-6.529514799999971],[-38.6428534,-6.581177699999975],[-38.629160399999904,-6.6045823999999795],[-38.65678749999999,-6.636601799999943],[-38.6464061,-6.662426399999952],[-38.6731505,-6.697221199999962],[-38.652680200000006,-6.759764099999904],[-38.6136847,-6.783030999999919],[-38.6182092,-6.794142499999974],[-38.63851499999999,-6.791883999999906],[-38.63635020000001,-6.8047272999999455],[-38.667890600000014,-6.828014499999952],[-38.6754169,-6.861829399999993],[-38.7641632,-6.909264599999945],[-38.7552434999999,-6.93912609999994],[-38.7656034,-6.949465499999977],[-38.742250399999904,-6.9742784999999845],[-38.7651073,-6.993225399999976],[-38.6698489999999,-7.047704599999987],[-38.67724200000001,-7.067102499999964],[-38.6564059,-7.092425799999916],[-38.687830000000005,-7.190161199999984],[-38.6436340999999,-7.183935799999989],[-38.621881800000004,-7.193567099999913],[-38.615367999999904,-7.2301857999999815],[-38.595113000000005,-7.246528899999904],[-38.5548287999999,-7.24048879999999],[-38.53551209999989,-7.29739769999997],[-38.5953292,-7.411481199999974],[-38.58530079999999,-7.434815100000003],[-38.6058030999999,-7.4445744999999395],[-38.603328000000005,-7.457591999999957],[-38.6462572999999,-7.462718099999948],[-38.6305654,-7.483952199999954],[-38.6546577999999,-7.5222218999999795],[-38.6553251,-7.565542999999939],[-38.71102499999991,-7.586633999999935],[-38.7151129,-7.62191949999994],[-38.737215799999895,-7.634932099999991],[-38.742802,-7.660321999999946],[-38.817934,-7.663734399999938],[-38.8281092999999,-7.719614499999986],[-38.86885169999991,-7.71117979999997],[-38.8813974999999,-7.747432299999955],[-38.915577699999986,-7.744487099999959],[-38.91611090000001,-7.75853809999994],[-38.9395780999999,-7.758772599999946],[-38.9399650999999,-7.795105699999979],[-38.9628595,-7.844816399999953],[-39.0014085999999,-7.840126099999951],[-39.016370299999906,-7.812180699999927],[-39.026393100000014,-7.824635099999946],[-39.0537557,-7.81930459999995],[-39.0912968,-7.858181999999921]],[[-38.621453200000005,-3.7770286999999296],[-38.62133660000001,-3.7775652999999965],[-38.62151595745286,-3.7782057975302226],[-38.621453200000005,-3.7770286999999296]],[[-38.62173119999991,-3.7789745999999855],[-38.62155103446139,-3.77833107321835],[-38.62192204049236,-3.779619484108851],[-38.62173119999991,-3.7789745999999855]],[[-38.62251639999998,-3.781787499999962],[-38.6225163999999,-3.781787499999992],[-38.62214941307581,-3.780451686391699],[-38.62251639999998,-3.781787499999962]]]}},{"type":"Feature","properties":{"SIGLA_UF":"GO","NM_UF":"Goiás","NM_REGIAO":"Centro-oeste"},"geometry":{"type":"Polygon","coordinates":[[[-50.50029790000001,-18.929717499999995],[-50.5118782,-18.951964899999993],[-50.4960728999999,-19.01915399999999],[-50.53516249999999,-19.09888709999999],[-50.587765499999904,-19.139947599999996],[-50.6759542999999,-19.1370734],[-50.67586299999991,-19.171199199999915],[-50.7341529,-19.187694999999998],[-50.746532699999904,-19.239906999999995],[-50.81889040000001,-19.291734499999986],[-50.8759721,-19.4150347],[-50.824943499999996,-19.475041399999995],[-50.849386900000006,-19.498136700000007],[-50.9343325999999,-19.4680997],[-50.95213150000001,-19.4426334999999],[-50.9853022,-19.4313827999999],[-50.9880034,-19.40844409999992],[-51.001448700000005,-19.415330699999995],[-51.0053473999999,-19.40082870000001],[-51.025752100000005,-19.398715399999997],[-51.02050519999991,-19.38228229999989],[-51.045537399999894,-19.3433676],[-51.0885330999999,-19.307732200000014],[-51.1802087,-19.2829186],[-51.2035283,-19.260546200000004],[-51.251297300000004,-19.273700000000005],[-51.306805399999995,-19.239127499999896],[-51.3070969,-19.218081499999986],[-51.3691345999999,-19.221412899999997],[-51.3701184,-19.19958709999999],[-51.39832059999999,-19.194777400000007],[-51.4205107999999,-19.16606499999991],[-51.45851459999991,-19.167777599999994],[-51.47407319999999,-19.1537129],[-51.4976478999999,-19.161401100000006],[-51.5017374999999,-19.147019999999888],[-51.5767724,-19.126189899999904],[-51.6084347,-19.14099970000001],[-51.638386000000004,-19.1263665],[-51.6576504999999,-19.137741699999903],[-51.711651100000005,-19.103038899999888],[-51.7418615,-19.100569999999905],[-51.74445380000001,-19.086048299999995],[-51.7910823999999,-19.079831199999898],[-51.8168818,-19.054720799999895],[-51.84327599999991,-19.056449499999903],[-51.8421696,-19.042421200000003],[-51.8576816,-19.05053129999989],[-51.8967809,-18.99470199999999],[-51.9400077,-18.968472000000006],[-51.9509942999999,-18.9811377],[-51.96878650000001,-18.96706130000001],[-51.9771368,-18.981724699999994],[-52.000281099999896,-18.967439699999893],[-52.0155516999999,-18.98263729999999],[-52.0175877999999,-18.964273100000003],[-52.0436391,-18.95068779999999],[-52.0799944,-18.950849199999904],[-52.1057926999999,-18.9259297999999],[-52.1108063999999,-18.898701799999994],[-52.1530346,-18.891675599999903],[-52.183087400000005,-18.84763529999999],[-52.2632303,-18.828224399999986],[-52.3051407,-18.840439800000006],[-52.3334929,-18.8293341999999],[-52.40969390000001,-18.75486439999999],[-52.454128000000004,-18.688404599999984],[-52.5464904,-18.656596999999984],[-52.5924406,-18.689020499999998],[-52.632411999999896,-18.695589799999908],[-52.6839438,-18.677612199999896],[-52.74601499999991,-18.6924069],[-52.9167596,-18.640294599999898],[-52.9143222,-18.6198196],[-52.9398710999999,-18.61326259999988],[-52.9623513999999,-18.54081969999989],[-52.8809573,-18.46549270000001],[-52.8732937,-18.42679159999989],[-52.7985126,-18.414861299999895],[-52.7619015999999,-18.371310599999983],[-52.759319600000005,-18.348070899999993],[-52.80528710000001,-18.313454099999905],[-52.8732067,-18.314833500000006],[-52.9352301,-18.296554299999997],[-52.984096300000004,-18.307326399999994],[-53.0278517,-18.351596000000008],[-53.06993579999989,-18.342879799999896],[-53.09965570000001,-18.31361909999999],[-53.1432399999999,-18.081836699999897],[-53.1236517,-18.0588283],[-53.0757113999999,-18.050795399999988],[-53.06474939999999,-17.984536600000002],[-53.0875603,-17.943523700000004],[-53.126567699999995,-17.915421099999907],[-53.1316128,-17.835526300000005],[-53.16412660000001,-17.76553779999991],[-53.1973449,-17.729242999999908],[-53.2351475,-17.713576100000004],[-53.2483427999999,-17.642317200000004],[-53.23573100000001,-17.587291299999908],[-53.2450044999999,-17.526280799999896],[-53.2238490999999,-17.4609948],[-53.2290331,-17.426785299999892],[-53.19679829999999,-17.37979689999999],[-53.2186298,-17.2980866999999],[-53.16516060000001,-17.22094470000001],[-53.156666200000004,-17.170684499999894],[-53.1275166999999,-17.154575799999996],[-53.1183103,-17.1132203999999],[-53.0554180999999,-17.070597999999993],[-53.0604069999999,-17.0470850999999],[-53.071421,-17.049605199999988],[-53.0537598,-17.019104099999904],[-53.0638003999999,-17.016260400000007],[-53.0517518999999,-17.004049599999988],[-53.05642049999991,-16.963856699999987],[-53.03503289999999,-16.942473099999994],[-53.0394550999999,-16.9126931],[-53.01916659999989,-16.900223200000003],[-53.0144172,-16.8615799],[-52.9634773999999,-16.867090800000003],[-52.9572209999999,-16.850469599999897],[-52.94502460000001,-16.8551914],[-52.95289539999991,-16.840949699999992],[-52.9269887999999,-16.84071709999989],[-52.944802599999896,-16.812978299999898],[-52.933062999999905,-16.8031414],[-52.923265399999906,-16.818218299999995],[-52.8844177,-16.776407299999995],[-52.8316748999999,-16.772110699999903],[-52.808193199999906,-16.742277599999987],[-52.7866648999999,-16.74272809999999],[-52.7856585,-16.714446999999982],[-52.75977340000001,-16.704012299999903],[-52.755119,-16.672283299999904],[-52.771291399999896,-16.669425799999907],[-52.7401494,-16.657017299999897],[-52.7461918,-16.630698899999988],[-52.724186,-16.646977199999995],[-52.7149919,-16.638791800000007],[-52.7410464,-16.610691599999903],[-52.7308042,-16.598213899999998],[-52.740084700000004,-16.589957299999988],[-52.7052161999999,-16.5992671],[-52.7040671,-16.57117240000001],[-52.6732905,-16.584921899999898],[-52.6729273,-16.56962639999991],[-52.659646,-16.57095069999999],[-52.6679574999999,-16.551069200000004],[-52.6506284,-16.561927799999992],[-52.6268691999999,-16.535475599999884],[-52.6373397,-16.502856399999885],[-52.6127559,-16.501754699999903],[-52.60474490000001,-16.463454300000002],[-52.62075620000001,-16.465333099999995],[-52.6172412999999,-16.448972399999892],[-52.63867780000001,-16.43755870000001],[-52.6438707999999,-16.41201199999989],[-52.6745488,-16.412404099999907],[-52.6874119999999,-16.399000499999897],[-52.682556599999906,-16.301742299999894],[-52.6579667,-16.280075399999905],[-52.62469269999999,-16.286804300000007],[-52.5891948,-16.269496999999895],[-52.5776822999999,-16.249636999999996],[-52.56248079999991,-16.2651514999999],[-52.546615599999896,-16.260879299999907],[-52.5696204,-16.228606199999888],[-52.545272,-16.222610400000008],[-52.5491658999999,-16.164995499999996],[-52.5160749999999,-16.13390589999989],[-52.4985674,-16.142139199999995],[-52.329937899999905,-16.072175799999993],[-52.290339499999995,-15.96554719999989],[-52.2568952999999,-15.930884699999986],[-52.2533433,-15.892561900000006],[-52.19266540000001,-15.880841999999987],[-52.1313820999999,-15.895498499999993],[-52.1096388999999,-15.882652999999907],[-52.0145457,-15.887019099999984],[-51.9813040999999,-15.842504200000015],[-51.9548857,-15.83865139999989],[-51.9484548999999,-15.8100984],[-51.8826701,-15.828485299999993],[-51.8345194999999,-15.743831599999993],[-51.8037937999999,-15.723705799999893],[-51.7571321,-15.633446499999899],[-51.7772681,-15.5349849999999],[-51.760886,-15.530063699999983],[-51.755613399999994,-15.557415399999991],[-51.7393436,-15.559276800000005],[-51.7255764,-15.544128999999911],[-51.7360502999999,-15.50989609999991],[-51.6994028,-15.487912699999995],[-51.7094595,-15.459491800000002],[-51.691283199999994,-15.430895300000008],[-51.69722260000001,-15.4091862],[-51.6695309999999,-15.3744209999999],[-51.6882960999999,-15.311625200000005],[-51.64565509999991,-15.26499530000001],[-51.67196260000001,-15.247809199999894],[-51.651158,-15.177254799999993],[-51.5953418,-15.155184499999997],[-51.5308555999999,-15.061676],[-51.4620029,-15.047979699999887],[-51.4269631999999,-15.007665899999903],[-51.3682419,-15.009573099999994],[-51.3290309,-14.969617299999987],[-51.30428710000001,-14.98448379999999],[-51.295041999999995,-15.030248599999911],[-51.2676087,-15.044412999999993],[-51.15705,-14.985610999999903],[-51.1449181,-14.943410599999899],[-51.0871098,-14.921348700000017],[-51.0896375,-14.840180500000013],[-51.0448213,-14.792838599999987],[-51.058244900000005,-14.7516699999999],[-51.029233000000005,-14.707408399999995],[-51.0266586,-14.659358100000002],[-50.9928355,-14.612457900000003],[-50.9962494,-14.574610899999987],[-50.962720600000004,-14.523907299999998],[-50.9978306,-14.415674699999984],[-50.9882004999999,-14.359968200000003],[-50.96611720000001,-14.327116799999912],[-50.97817330000001,-14.29724359999991],[-50.91372259999999,-14.168509699999998],[-50.9179685999999,-14.116091699999986],[-50.9037008,-14.110223500000002],[-50.8865271999999,-14.132128299999998],[-50.8518089,-14.117625700000003],[-50.831731700000006,-14.086052100000012],[-50.85606260000001,-14.020967200000003],[-50.8471508,-13.9997948],[-50.86633290000001,-13.979647999999893],[-50.8402336,-13.923681900000002],[-50.8406443,-13.863788699999908],[-50.85908549999991,-13.828704799999988],[-50.853563,-13.760976799999995],[-50.8732995999999,-13.732411699999906],[-50.80622579999991,-13.693814599999913],[-50.7684326999999,-13.595520099999897],[-50.7589998,-13.52031529999989],[-50.663945600000005,-13.434956499999904],[-50.6653236999999,-13.375565799999908],[-50.608595699999995,-13.317595399999991],[-50.5841755,-13.21769629999992],[-50.6059357999999,-13.187510199999997],[-50.5916255,-13.107950399999908],[-50.610044300000006,-13.060369200000004],[-50.5763133999999,-13.054137199999987],[-50.5688148,-13.040033200000002],[-50.5929419999999,-13.003488899999992],[-50.524143799999905,-12.973651599999885],[-50.5263757,-12.933930499999995],[-50.49858559999999,-12.877265099999905],[-50.5109783,-12.860896699999998],[-50.48384149999999,-12.810578699999997],[-50.4932856,-12.783687100000003],[-50.467797699999906,-12.754259400000011],[-50.4874093999999,-12.745106399999912],[-50.4650890999999,-12.730802900000008],[-50.47865529999999,-12.711283099999896],[-50.4608311,-12.692777200000004],[-50.432713099999894,-12.691522399999897],[-50.4269275999999,-12.652488199999913],[-50.44045030000001,-12.652253699999989],[-50.4123673999999,-12.648293500000007],[-50.41810089999999,-12.624447299999892],[-50.3908223999999,-12.611461000000006],[-50.3983838999999,-12.601490599999995],[-50.3661794,-12.57323539999991],[-50.3659843,-12.545501099999994],[-50.3314958999999,-12.53548380000001],[-50.3284935,-12.513742899999997],[-50.3132208,-12.521092299999985],[-50.3244294,-12.507177299999999],[-50.3104160999999,-12.49537620000001],[-50.2073038999999,-12.447852699999897],[-50.2117812,-12.435597299999905],[-50.18406100000001,-12.432050899999991],[-50.19588609999991,-12.412436899999895],[-50.1731667999999,-12.422333299999888],[-50.17111750000001,-12.405350300000007],[-50.1596699999999,-12.40472179999989],[-50.1580673999999,-12.400506099999989],[-50.141802,-12.395395600000022],[-50.1585985999999,-12.430622699999985],[-50.2176095,-12.487357099999887],[-50.22952439999991,-12.531188999999893],[-50.21126,-12.56034189999999],[-50.1919844999999,-12.562161099999983],[-50.224063400000006,-12.585261499999884],[-50.23752769999991,-12.578735299999902],[-50.2363814999999,-12.623671600000002],[-50.2611873,-12.636474699999999],[-50.2653247,-12.682172199999997],[-50.2990728,-12.680177099999996],[-50.2992189999999,-12.705457699999993],[-50.2832766,-12.717779300000009],[-50.3109562,-12.797941799999915],[-50.2928426999999,-12.838469399999985],[-50.225444,-12.859951700000009],[-50.1838006,-12.897356699999897],[-50.0780612,-12.905650599999893],[-50.0396484,-12.935387499999909],[-50.0168884999999,-12.9291019999999],[-49.9203946,-12.961384000000004],[-49.3683159,-13.272301399999913],[-49.33724470000001,-13.247281599999999],[-49.3557086,-13.1557731],[-49.3410799,-13.127496099999993],[-49.350967,-13.088726399999903],[-49.279090399999994,-12.988309199999886],[-49.2376551999999,-12.883786099999993],[-49.2106838999999,-12.877934500000016],[-49.118876999999905,-12.78951919999999],[-49.1046307,-12.835420300000003],[-49.0642475,-12.84608709999998],[-49.087473599999996,-12.887176999999987],[-49.0792038,-12.904009000000014],[-49.0217742,-12.906323699999996],[-48.9762335,-12.957893099999994],[-48.8703121999999,-12.803261800000005],[-48.8568728,-12.804357500000002],[-48.8428259,-12.842506799999995],[-48.820048799999896,-12.843423299999909],[-48.8142824,-12.86353629999999],[-48.7351341999999,-12.921073899999985],[-48.7297895999999,-12.98938340000001],[-48.7071635999999,-13.004426700000007],[-48.670709299999906,-12.994993899999903],[-48.6385121,-13.013617800000013],[-48.6270522,-13.051908499999994],[-48.600534700000004,-13.058853499999897],[-48.595673899999994,-13.106477699999987],[-48.5839357999999,-13.104656199999992],[-48.57591930000001,-13.124159799999997],[-48.59735280000001,-13.152103899999904],[-48.57753530000001,-13.173275299999903],[-48.5844342,-13.227054800000003],[-48.5999452,-13.238660599999886],[-48.5872118999999,-13.253940799999993],[-48.5998848999999,-13.293149599999902],[-48.5860898,-13.321600499999894],[-48.5535925,-13.302633399999884],[-48.5537520999999,-13.203545099999904],[-48.5296886,-13.191415199999907],[-48.5181032,-13.139521799999981],[-48.4946538,-13.136882500000015],[-48.479792700000004,-13.152672899999986],[-48.4771984,-13.139695300000005],[-48.469964699999906,-13.137309799999997],[-48.475545699999905,-13.234960099999993],[-48.4568498,-13.2480692999999],[-48.46009969999991,-13.2812731],[-48.44190889999991,-13.292342199999988],[-48.4300469999999,-13.271177599999898],[-48.3854807,-13.266278699999898],[-48.36211489999991,-13.242950499999898],[-48.3401125,-13.248257800000012],[-48.342262600000005,-13.228202599999982],[-48.3079536,-13.23722209999991],[-48.2880402,-13.2048101999999],[-48.2501420999999,-13.196939100000012],[-48.23162239999991,-13.169156399999986],[-48.1936039999999,-13.173034299999896],[-48.1872888999999,-13.153550600000008],[-48.1436591999999,-13.152472499999886],[-48.1659237,-13.18929980000001],[-48.1526888,-13.2179747],[-48.1689011999999,-13.2398787999999],[-48.1532144999999,-13.278311299999904],[-48.1648231,-13.306660299999988],[-48.0824617,-13.289546000000003],[-48.0791538999999,-13.242640899999996],[-48.0624559,-13.235721199999903],[-48.0522263,-13.256721800000001],[-48.0306768,-13.257206499999892],[-48.0252513,-13.279833600000007],[-47.983485,-13.279085000000004],[-47.966704299999904,-13.3150807],[-47.9363044,-13.289855200000002],[-47.8844276999999,-13.320721400000012],[-47.8202143999999,-13.312523400000009],[-47.679748399999895,-13.468174799999897],[-47.6222931999999,-13.369191999999888],[-47.65007349999999,-13.349182599999883],[-47.661469600000004,-13.302776700000006],[-47.639660999999904,-13.264292599999987],[-47.6675997,-13.210882699999992],[-47.6542291,-13.17709419999992],[-47.66899119999991,-13.166837299999912],[-47.64370419999991,-13.14955269999999],[-47.64975150000001,-13.13234990000001],[-47.63364499999991,-13.101179899999986],[-47.5637955999999,-13.119050999999997],[-47.5578012,-13.186850299999898],[-47.4783803999999,-13.184957599999999],[-47.48641380000001,-13.219733599999886],[-47.4345238,-13.228780099999897],[-47.4544222,-13.25052759999989],[-47.4261275,-13.289979899999892],[-47.37756669999991,-13.229086599999986],[-47.3238054,-13.258258600000001],[-47.29559449999991,-13.248570899999898],[-47.2821518,-13.265126800000006],[-47.2296138,-13.194738399999888],[-47.1837409999999,-13.187446799999979],[-47.1837871,-13.204718699999894],[-47.1539663999999,-13.210279500000008],[-47.13568949999999,-13.203752199999904],[-47.1321164999999,-13.17786410000001],[-47.0974636,-13.171290999999897],[-47.0879194999999,-13.181832299999908],[-47.0802935999999,-13.161875999999907],[-47.019451699999905,-13.145917699999911],[-47.0020989,-13.121684800000004],[-46.979015699999906,-13.131767200000008],[-46.891676800000006,-13.052385099999977],[-46.8544977999999,-13.067526700000007],[-46.8198975,-13.001686600000015],[-46.7506109999999,-12.96915499999991],[-46.4546498999999,-12.971152599999991],[-46.4459259,-12.935767799999988],[-46.4325688,-12.9306407999999],[-46.4179847999999,-12.822436700000019],[-46.40911809999991,-12.845592800000002],[-46.36576430000001,-12.863354000000008],[-46.36012339999999,-12.908565199999906],[-46.3769813,-12.96350199999991],[-46.364403900000006,-12.990742899999894],[-46.196097400000006,-12.957033499999993],[-46.177731799999904,-12.939377299999895],[-46.10904839999989,-12.92042239999991],[-46.1246636,-12.959820399999995],[-46.2755337999999,-13.02021329999999],[-46.3010985,-13.07431170000001],[-46.3357887999999,-13.097657899999891],[-46.2951808,-13.141874499999982],[-46.3167108,-13.183260899999905],[-46.3029804,-13.18640479999989],[-46.30434830000001,-13.205979500000009],[-46.3291318,-13.248486399999903],[-46.2999257,-13.257677300000001],[-46.31790199999989,-13.305227799999988],[-46.29248690000001,-13.316930100000006],[-46.1032193999999,-13.257510200000011],[-46.0682755,-13.295441799999901],[-46.135473100000006,-13.375524199999994],[-46.24952249999999,-13.43130889999999],[-46.224627499999905,-13.439567699999884],[-46.2089639,-13.465562799999887],[-46.23706369999999,-13.487150400000006],[-46.225227600000004,-13.503029300000007],[-46.247257100000006,-13.521688699999999],[-46.237043699999994,-13.554908799999986],[-46.2474525,-13.578660399999897],[-46.18725510000001,-13.57541930000002],[-46.1627453999999,-13.603642099999897],[-46.2376411,-13.652126399999885],[-46.2636328999999,-13.691392999999906],[-46.24067279999999,-13.694429199999913],[-46.2356033,-13.709850199999899],[-46.2628572,-13.734817299999978],[-46.2229368,-13.765402900000007],[-46.281495499999906,-13.795109499999995],[-46.2639037,-13.807395799999892],[-46.273631,-13.828779699999895],[-46.24976730000001,-13.82962569999999],[-46.2324747,-13.848607399999915],[-46.26698900000001,-13.917497799999984],[-46.25448729999991,-13.967463899999887],[-46.22006600000001,-13.97542279999989],[-46.2242605,-14.00360710000001],[-46.2081517,-14.016136199999892],[-46.2307248,-14.059523699999902],[-46.2243922,-14.105027600000007],[-46.184100300000004,-14.156948100000006],[-46.1181409,-14.159949299999887],[-46.1226647,-14.1906021],[-46.1006896,-14.19150869999991],[-46.1018829,-14.208318299999991],[-46.0610483,-14.195484599999896],[-46.0529364999999,-14.244790999999998],[-46.0264084999999,-14.260908299999894],[-45.9954281,-14.256157700000005],[-45.997562300000006,-14.27775579999998],[-45.962556499999906,-14.286036499999994],[-45.94221459999991,-14.343254999999909],[-45.9071552999999,-14.355189799999899],[-45.9326429,-14.409859299999898],[-45.97580640000001,-14.434247999999997],[-46.0101837,-14.425695699999899],[-46.0000734,-14.446622200000002],[-46.0190031,-14.472071200000014],[-45.99608499999991,-14.488405999999898],[-46.00013620000001,-14.522742299999898],[-45.9753082999999,-14.538929799999892],[-45.991277200000006,-14.55478299999989],[-45.99788840000001,-14.603577700000004],[-45.98439869999999,-14.621878700000007],[-45.989515,-14.6588449999999],[-46.0279691,-14.681007499999989],[-46.0055037,-14.688998],[-45.9995840999999,-14.70861389999991],[-45.999455,-14.782111499999917],[-46.0186719,-14.818549699999886],[-46.0411979,-14.82649459999989],[-46.02528689999999,-14.855756499999895],[-46.0623408,-14.907989799999891],[-46.0793361,-14.904843099999903],[-46.09821620000001,-14.93898249999998],[-46.1203001,-14.920058599999908],[-46.1457480999999,-14.9265151999999],[-46.1641413,-14.906490099999901],[-46.1755505,-14.949425200000002],[-46.224468800000004,-14.941731400000004],[-46.23370210000001,-14.921528199999997],[-46.2868647999999,-14.928145700000007],[-46.2946699999999,-14.908613100000002],[-46.3193358,-14.9004389999999],[-46.300472500000005,-14.858078699999998],[-46.32491720000001,-14.847787599999911],[-46.3221998999999,-14.814580299999909],[-46.4631396999999,-14.731174399999901],[-46.4690295,-14.708217699999997],[-46.5011137,-14.703025899999899],[-46.51028180000001,-14.738260599999906],[-46.5441921999999,-14.753012399999884],[-46.5662818,-14.788395700000006],[-46.5602562,-14.820655799999896],[-46.5338949,-14.82827059999991],[-46.521556,-14.851179499999894],[-46.5465359,-14.925444499999987],[-46.5172886,-14.972864599999996],[-46.53081070000001,-15.005278499999996],[-46.5036081,-15.05343329999989],[-46.575308400000004,-15.083631899999899],[-46.62805949999991,-15.089490499999991],[-46.7264771,-15.038415499999902],[-46.844342000000005,-15.009081700000014],[-46.9205918,-15.050858999999887],[-46.926037400000006,-15.073562400000002],[-46.8884431,-15.115644899999898],[-46.94086659999991,-15.230701599999998],[-46.9276553,-15.255095299999885],[-46.8914846,-15.235259599999898],[-46.889318300000006,-15.282246899999995],[-46.835675799999905,-15.32512769999989],[-46.8694803,-15.361474199999996],[-46.849478399999995,-15.373164000000006],[-46.91192950000001,-15.411545499999898],[-46.9293132999999,-15.439939700000005],[-46.9486879999999,-15.557844399999993],[-46.9177476,-15.590007799999992],[-46.8548835,-15.618300499999998],[-46.8557026999999,-15.683124500000009],[-46.813149,-15.787204299999908],[-46.82450790000001,-15.812326199999987],[-46.8055017999999,-15.8593948],[-46.8117212,-15.886091199999992],[-47.05293429999989,-15.936467999999905],[-47.0886444999999,-15.961129299999998],[-47.1349838,-15.9493843],[-47.13157919999999,-15.933979099999902],[-47.1427805,-15.926342499999999],[-47.171738100000006,-15.954129700000001],[-47.170645699999994,-15.973676699999904],[-47.20865830000001,-15.987336500000007],[-47.2172765999999,-16.014420299999905],[-47.2540802,-16.019623499999987],[-47.27739619999989,-16.006869699999996],[-47.31000619999999,-16.036273499999908],[-47.36905419999991,-16.003259500000002],[-47.3786171,-15.962301300000002],[-47.36120009999999,-15.92571859999999],[-47.3807006,-15.881246699999986],[-47.3673805999999,-15.828462199999901],[-47.313045100000004,-15.74209199999999],[-47.3339293999999,-15.62958289999989],[-47.315564299999906,-15.594918399999884],[-47.3765167,-15.576667599999986],[-47.41778670000001,-15.546258999999997],[-47.4184069,-15.501819899999905],[-48.200009,-15.502278299999894],[-48.1997297999999,-15.622913999999982],[-48.2341602,-15.641909099999989],[-48.2413309999999,-15.686706499999989],[-48.2405772,-15.706361499999995],[-48.208884100000006,-15.715361199999988],[-48.2096862999999,-15.754044000000011],[-48.28512149999991,-15.836774200000004],[-48.2763641999999,-15.931237599999994],[-48.2608587,-15.928034200000003],[-48.2501855,-15.94759620000001],[-48.2778112,-16.0495978],[-47.3085040999999,-16.049971399999887],[-47.311344600000005,-16.088132700000003],[-47.3329110999999,-16.086731600000004],[-47.3380614,-16.1283834999999],[-47.3527321999999,-16.132830299999988],[-47.33195669999999,-16.17173919999991],[-47.3363229,-16.201587599999993],[-47.3221197999999,-16.208775199999895],[-47.3271443,-16.2486413],[-47.35160840000001,-16.275413399999895],[-47.3654888,-16.329881100000005],[-47.426609500000005,-16.3932498999999],[-47.4291215,-16.442661200000007],[-47.454367499999904,-16.464611399999995],[-47.459524599999995,-16.504125899999995],[-47.4442298,-16.539302599999907],[-47.4054637,-16.5552484],[-47.413223899999906,-16.574171899999996],[-47.39691099999991,-16.571097100000003],[-47.3860948999999,-16.587545999999996],[-47.3772696,-16.5785652],[-47.3764327,-16.599679799999905],[-47.3431538999999,-16.591410400000004],[-47.336351,-16.615506599999897],[-47.3192964,-16.602018999999895],[-47.321255400000005,-16.616873499999897],[-47.2879703,-16.632632099999988],[-47.277591599999894,-16.6592074],[-47.2508620999999,-16.664807399999997],[-47.2524281,-16.703942599999905],[-47.2228835,-16.72407800000001],[-47.2364891999999,-16.755345399999996],[-47.2180016999999,-16.781387700000003],[-47.221184400000006,-16.807766199999904],[-47.21381730000001,-16.827574999999996],[-47.1945689,-16.824589199999906],[-47.2103303,-16.865281200000005],[-47.1942139,-16.882438799999893],[-47.1988421,-16.908063199999987],[-47.181876200000005,-16.9013299],[-47.1606497999999,-16.919733800000014],[-47.1743822999999,-16.93136719999999],[-47.1579553,-16.939852299999888],[-47.1590457999999,-16.963006800000002],[-47.1283093,-16.975935199999995],[-47.1515391999999,-16.997739300000003],[-47.13168219999991,-17.010071200000002],[-47.16524,-17.047546899999897],[-47.18361339999999,-17.036914800000012],[-47.180371,-17.06280800000001],[-47.195877900000006,-17.060381699999898],[-47.1918438,-17.069568399999994],[-47.20780920000001,-17.06733599999999],[-47.2076805999999,-17.08035509999999],[-47.2244206,-17.076304499999893],[-47.22973389999999,-17.089651199999896],[-47.2466778,-17.08203639999989],[-47.2659335,-17.113608499999895],[-47.2748591,-17.105835000000003],[-47.2827101,-17.1440995999999],[-47.29581879999991,-17.138622999999903],[-47.307375400000005,-17.15901279999999],[-47.3110417999999,-17.146318299999997],[-47.32767999999991,-17.148335899999896],[-47.3339048999999,-17.1652930999999],[-47.3519875,-17.1664994],[-47.340177299999894,-17.187387099999995],[-47.3618481,-17.1850817],[-47.3498948,-17.202328899999902],[-47.3626462999999,-17.22270850000001],[-47.3759808,-17.21715509999999],[-47.3842273,-17.247782899999894],[-47.4078155999999,-17.245956099999912],[-47.4344591999999,-17.276218500000002],[-47.4192040999999,-17.295447499999998],[-47.4228661999999,-17.323089299999896],[-47.4548775,-17.32973889999988],[-47.44156219999999,-17.348383999999992],[-47.487954800000004,-17.349506299999998],[-47.5125245999999,-17.32713649999989],[-47.514506700000005,-17.374952300000015],[-47.5398122999999,-17.388396699999905],[-47.5216245999999,-17.425862699999993],[-47.5414390999999,-17.454174099999896],[-47.5146389999999,-17.460998099999888],[-47.5056511999999,-17.50798519999999],[-47.4772836,-17.512784799999995],[-47.4547257,-17.541785999999906],[-47.4004487,-17.51181749999989],[-47.3254145,-17.523800599999998],[-47.2648038,-17.611389200000005],[-47.2807996999999,-17.647630700000004],[-47.2701041,-17.674471799999907],[-47.31370220000001,-17.698962999999903],[-47.3169505,-17.725243199999998],[-47.341698199999904,-17.743845399999895],[-47.3317946,-17.765548500000005],[-47.3543323,-17.78605479999991],[-47.35074730000001,-17.8139461],[-47.372615799999906,-17.829791899999996],[-47.3549781999999,-17.85985099999989],[-47.35669840500001,-17.896544699999886],[-47.33786519499991,-17.9124381999999],[-47.3409243949999,-17.936696700000002],[-47.3129613099999,-17.961887395],[-47.31971159499991,-17.99583799999989],[-47.296988989999896,-18.009109200000008],[-47.2838682949999,-18.0583928149999],[-47.357631790000006,-18.08523331],[-47.3558386999999,-18.105138394999898],[-47.40746920000001,-18.131848294999905],[-47.39587539,-18.140901995],[-47.428640290000004,-18.139917609999895],[-47.43021641,-18.16568719499999],[-47.4500802049999,-18.1588968099999],[-47.4845132,-18.193504999999984],[-47.513089,-18.195931299999895],[-47.5324376999999,-18.231325899999906],[-47.536863,-18.19496969999989],[-47.56827520000001,-18.203712899999996],[-47.5706446999999,-18.220895700000003],[-47.588230300000006,-18.226431799999887],[-47.58076139999999,-18.23553059999989],[-47.6066984999999,-18.244401999999987],[-47.6073287,-18.2639589999999],[-47.61716130000001,-18.248420699999894],[-47.6181821,-18.27029529999989],[-47.63877,-18.28767809999991],[-47.610582,-18.316480699999897],[-47.6461849,-18.340228700000008],[-47.657573600000006,-18.327803800000012],[-47.70009259999989,-18.378992199999985],[-47.7168546,-18.362088200000006],[-47.7405709,-18.3638397999999],[-47.733292499999905,-18.375898999999894],[-47.757124899999994,-18.396551499999912],[-47.747876100000006,-18.4116066999999],[-47.7790168,-18.424135099999905],[-47.810572,-18.40011539999989],[-47.8311821,-18.41405419999999],[-47.8319384,-18.4497830999999],[-47.85796390000001,-18.4390126],[-47.873652899999996,-18.459150299999994],[-47.8681824,-18.474398499999904],[-47.914274000000006,-18.46657779999999],[-47.954937,-18.5002802999999],[-47.9792121,-18.475963599999908],[-47.9809102999999,-18.442861200000003],[-48.0088297999999,-18.45292889999999],[-48.05747539999991,-18.412924199999992],[-48.07607560000001,-18.42965480000001],[-48.110787599999995,-18.428594],[-48.1465332999999,-18.40954449999999],[-48.16182620000001,-18.371885300000002],[-48.22147629999991,-18.361968499999893],[-48.227968499999996,-18.344974999999994],[-48.2704974,-18.329448300000006],[-48.3162723999999,-18.364375299999896],[-48.3105409999999,-18.386709499999895],[-48.44566090000001,-18.355301399999995],[-48.4812352,-18.380138700000007],[-48.484806499999905,-18.35363199999991],[-48.5156492,-18.366415899999904],[-48.5545425999999,-18.346949400000007],[-48.5614146999999,-18.323886500000004],[-48.5972725,-18.334811100000003],[-48.6338249,-18.3276483999999],[-48.6471696999999,-18.34389059999999],[-48.6977469999999,-18.3501663],[-48.75772340000001,-18.344761100000003],[-48.8163615999999,-18.379661199999894],[-48.83713470000001,-18.34148079999991],[-48.9331716,-18.305453999999898],[-48.9841954,-18.34141249999991],[-48.995996700000006,-18.3709403],[-49.0362737,-18.372220000000002],[-49.0770398999999,-18.416780399999897],[-49.1263129,-18.384314299999996],[-49.16146159999991,-18.41821479999991],[-49.210098800000004,-18.414781499999894],[-49.1977532999999,-18.45783719999999],[-49.2293182,-18.480378599999888],[-49.24997,-18.523505499999896],[-49.2856353,-18.536312000000002],[-49.2934845,-18.564678999999995],[-49.3274972999999,-18.562200299999994],[-49.3850575,-18.6460618999999],[-49.41411299999999,-18.638763599999905],[-49.4817255999999,-18.560547799999906],[-49.499833,-18.49102279999989],[-49.54290780000001,-18.49642229999989],[-49.54227430000001,-18.531020800000007],[-49.557098700000004,-18.54657599999999],[-49.651705999999905,-18.561116],[-49.6397145,-18.600139],[-49.682054400000006,-18.588847499999908],[-49.73282629999991,-18.6160229999999],[-49.7685296999999,-18.610986399999884],[-49.7848195999999,-18.642247699999896],[-49.8361535,-18.63668960000001],[-49.8800955999999,-18.60956029999989],[-49.93165149999991,-18.623993099999996],[-50.02253869999999,-18.599697899999995],[-50.0800431,-18.67224379999989],[-50.1642879999999,-18.664352499999893],[-50.31449,-18.700749799999997],[-50.3755955999999,-18.811498099999888],[-50.421015000000004,-18.8296038],[-50.4434358,-18.8941156],[-50.50029790000001,-18.929717499999995]]]}},{"type":"Feature","properties":{"SIGLA_UF":"RN","NM_UF":"Rio Grande do Norte","NM_REGIAO":"Nordeste"},"geometry":{"type":"MultiPolygon","coordinates":[[[[-37.273949300000005,-6.766790399999932],[-37.26392079999991,-6.732169999999936],[-37.29016730000001,-6.713043899999923],[-37.283716000000005,-6.693914799999938],[-37.4846995,-6.710037399999997],[-37.4661909,-6.659959499999971],[-37.4831283999999,-6.550410899999973],[-37.46813650000001,-6.533934599999942],[-37.41929220000001,-6.533171099999922],[-37.3968914,-6.5142073999999806],[-37.381243599999905,-6.4371093999999704],[-37.3971612,-6.405063099999936],[-37.366527899999895,-6.325582699999936],[-37.330424400000005,-6.3063275999999915],[-37.316975600000006,-6.278665499999913],[-37.2747264999999,-6.2814261000000045],[-37.2515273999999,-6.226458299999899],[-37.20158129999991,-6.205703999999953],[-37.1929438999999,-6.183079799999997],[-37.163453399999995,-6.166168299999995],[-37.1569229999999,-6.152488199999958],[-37.1750961,-6.1421830999999365],[-37.17393129999991,-6.048015899999958],[-37.2226871999999,-6.042148099999948],[-37.2318602,-6.027594899999924],[-37.253794799999994,-6.0265688999999565],[-37.27247740000001,-6.055702499999937],[-37.29800959999991,-6.049554499999914],[-37.3544342,-6.086485899999955],[-37.3823388,-6.085553799999971],[-37.39363189999991,-6.10938769999993],[-37.44569310000001,-6.112201399999969],[-37.45894739999991,-6.14500219999997],[-37.5363508,-6.152835999999984],[-37.539995,-6.165930299999943],[-37.5696205,-6.155438699999928],[-37.6467119,-6.189392299999975],[-37.7075242,-6.176855399999959],[-37.74237389999999,-6.188975399999922],[-37.7756165,-6.2313434999999675],[-37.7616446,-6.236288799999978],[-37.7766131999999,-6.245874899999933],[-37.7605164,-6.254090599999946],[-37.77142190000001,-6.27306509999993],[-37.75766250000001,-6.290772199999943],[-37.8121239,-6.292726799999962],[-37.82403010000001,-6.30603369999994],[-37.8147549999999,-6.315143199999949],[-37.842521000000005,-6.329991499999981],[-37.84153100000001,-6.363030699999955],[-37.8598274999999,-6.374877299999994],[-37.8882247,-6.364369499999945],[-37.8862495,-6.397000599999974],[-37.926051399999906,-6.4211377999999275],[-37.9454375,-6.422620099999945],[-37.9553956,-6.398208299999964],[-37.9790841999999,-6.42669319999996],[-38.01369569999999,-6.427427300000003],[-38.01294660000001,-6.468853499999987],[-38.04064449999999,-6.473043599999913],[-38.0497113,-6.441049999999969],[-38.1170574,-6.522668499999929],[-38.1355176,-6.51847609999991],[-38.1478822,-6.491487599999971],[-38.1874544999999,-6.499185599999974],[-38.23922889999991,-6.480297299999972],[-38.2887198,-6.5056172999999005],[-38.3307028999999,-6.458913299999917],[-38.373663,-6.4557809999999165],[-38.399319399999996,-6.409792499999993],[-38.4260411999999,-6.414123799999939],[-38.452063699999904,-6.392489299999962],[-38.4862340999999,-6.398751699999933],[-38.489754600000005,-6.3634481999999375],[-38.4583865,-6.330213600000009],[-38.5054211999999,-6.356509099999946],[-38.5326229999999,-6.341706199999981],[-38.5628571999999,-6.355551899999975],[-38.5815423,-6.3310460999999645],[-38.5660227,-6.302588699999931],[-38.579545700000004,-6.279626399999913],[-38.5283479999999,-6.239176199999985],[-38.527203899999996,-6.193377999999941],[-38.5013253,-6.190947099999962],[-38.47548529999991,-6.157040299999971],[-38.462085199999905,-6.112320999999948],[-38.4407712,-6.096874299999948],[-38.44731660000001,-6.085277699999956],[-38.38297709999989,-6.05233459999997],[-38.36621259999999,-6.088298399999941],[-38.34678300000001,-6.067277299999942],[-38.30377529999999,-6.086522699999955],[-38.259183799999995,-6.053779999999976],[-38.24450230000001,-5.9994562999999514],[-38.1647922999999,-5.946531999999926],[-38.1640604999999,-5.92746279999996],[-38.12493729999989,-5.887612099999945],[-38.114361,-5.822255399999962],[-38.0468842,-5.732941999999952],[-38.0882362999999,-5.730037699999977],[-38.0819854,-5.670122699999954],[-38.0342697,-5.637152799999932],[-37.990037199999996,-5.555797899999954],[-37.94805649999999,-5.534644899999967],[-37.9326343,-5.503107699999948],[-37.9015772999999,-5.499792399999922],[-37.86048160000001,-5.406685699999956],[-37.85765739999991,-5.356723699999963],[-37.7831098999999,-5.294815499999961],[-37.7900289,-5.210940299999949],[-37.76495640000001,-5.139619500000002],[-37.7250893999999,-5.0706242999999676],[-37.6776204,-5.0540857000000035],[-37.6403381,-4.926404399999985],[-37.252624599999905,-4.831381399999975],[-37.1531414,-4.948106199999941],[-37.1052559,-4.9222522999999745],[-37.0372553999999,-4.949871199999967],[-36.960339099999906,-4.918477899999952],[-36.9188313,-4.946519299999949],[-36.878147,-4.950699099999963],[-36.797046,-5.038770599999937],[-36.6886622,-5.088300999999921],[-36.6133960999999,-5.094333599999972],[-36.61040929999999,-5.078442099999937],[-36.54403849999991,-5.0888939999999545],[-36.5344406,-5.071159499999933],[-36.5031805,-5.061798699999965],[-36.331153300000004,-5.087112399999973],[-36.30876090000001,-5.102401699999971],[-36.2902357999999,-5.0876876999999485],[-36.1605417,-5.096545299999954],[-36.0394363,-5.051396399999928],[-35.95050520000001,-5.0438269999999665],[-35.87916210000001,-5.068008299999981],[-35.785240799999904,-5.075010999999956],[-35.6389768,-5.11953179999994],[-35.617353099999896,-5.113853699999951],[-35.489527900000006,-5.157047999999956],[-35.45894730000001,-5.197032299999935],[-35.416448300000006,-5.221250199999908],[-35.370707200000005,-5.284585599999958],[-35.3510967999999,-5.362468699999983],[-35.3102413999999,-5.390107599999948],[-35.2880024,-5.4605601999999855],[-35.2598138,-5.481252499999907],[-35.2592225,-5.510848099999978],[-35.2476647999999,-5.5154875999999655],[-35.2484019999999,-5.546107399999959],[-35.21449879999991,-5.630025299999958],[-35.21618729999991,-5.676380599999976],[-35.1922013999999,-5.70059409999994],[-35.203531600000005,-5.747281799999966],[-35.17924240000001,-5.798971399999982],[-35.1788124,-5.866364199999944],[-35.15381740000001,-5.883122099999987],[-35.148896900000004,-5.9581551999999895],[-35.1286137,-5.967497599999959],[-35.1062297999999,-6.006917199999971],[-35.09496380000001,-6.182447499999984],[-35.0712892999999,-6.221708999999966],[-35.0359791,-6.23539809999996],[-35.0272021,-6.350990599999942],[-35.01514649999999,-6.369400999999905],[-34.990772400000004,-6.371873099999972],[-34.970704500000004,-6.437976499999952],[-34.9739906999999,-6.450276099999936],[-34.96923709999991,-6.470551899999971],[-34.9684579,-6.487199899999951],[-34.9709243999999,-6.489500099999923],[-35.05773210000001,-6.527791199999975],[-35.098083700000004,-6.497757499999967],[-35.1454434999999,-6.552709699999966],[-35.1702989,-6.558392599999935],[-35.2030563,-6.5478544999999535],[-35.2228805999999,-6.5161343999999675],[-35.23234839999999,-6.531776599999953],[-35.2745652,-6.543877799999975],[-35.33077289999991,-6.544341399999932],[-35.400749100000006,-6.49160319999992],[-35.5252965,-6.476097799999914],[-35.561668100000006,-6.492644799999957],[-35.600188100000004,-6.460610599999939],[-35.6601643,-6.445278699999951],[-35.76335610000001,-6.482191999999931],[-35.9776472999999,-6.488905799999967],[-36.0053483999999,-6.4810532999999415],[-36.013284899999995,-6.455040899999982],[-36.077720600000006,-6.405090599999953],[-36.1101889999999,-6.429180699999951],[-36.249769099999995,-6.437359499999939],[-36.2511628999999,-6.404423499999937],[-36.2959695,-6.393231899999942],[-36.2794325,-6.310300799999943],[-36.3075913,-6.2814978999999695],[-36.357576699999996,-6.30998729999991],[-36.3945613999999,-6.29397479999992],[-36.430306,-6.362254999999942],[-36.49984860000001,-6.358164899999979],[-36.5309715999999,-6.452071599999961],[-36.5258468,-6.501161299999974],[-36.4826305,-6.5195379999999545],[-36.47562179999991,-6.544933999999941],[-36.44439030000001,-6.558319599999958],[-36.43627919999991,-6.62822449999994],[-36.460518,-6.6343935999999575],[-36.50796,-6.595450799999978],[-36.5245427,-6.599653299999929],[-36.5588804,-6.7091074999999725],[-36.502560800000005,-6.757624699999954],[-36.50549169999991,-6.8088240999999705],[-36.5443463999999,-6.842958699999936],[-36.5697951999999,-6.848008299999954],[-36.5679397,-6.874796599999991],[-36.60979420000001,-6.936837099999924],[-36.68721809999991,-6.925962699999935],[-36.713996800000004,-6.98149189999999],[-36.7441125999999,-6.967773699999964],[-36.766499,-6.934345399999919],[-36.7305176,-6.835439999999951],[-36.7694650999999,-6.838748099999969],[-36.7727287,-6.787065199999979],[-36.8350296,-6.7310708999999695],[-36.90342839999991,-6.753614799999966],[-36.9571354999999,-6.790478199999938],[-36.977621799999994,-6.721855199999944],[-36.9998335,-6.70771289999992],[-37.0594232,-6.749424999999961],[-37.1289358,-6.7659769999999915],[-37.19265729999999,-6.8261400999999635],[-37.2551439,-6.811061499999925],[-37.2573267999999,-6.780395899999983],[-37.273949300000005,-6.766790399999932]]],[[[-37.0457527999999,-4.8166795999999295],[-37.04412460000001,-4.8185413999999325],[-37.04501259999989,-4.818813799999904],[-37.0457527999999,-4.8166795999999295]]]]}},{"type":"Feature","properties":{"SIGLA_UF":"MA","NM_UF":"Maranhão","NM_REGIAO":"Nordeste"},"geometry":{"type":"MultiPolygon","coordinates":[[[[-45.8698555999999,-10.074879300000015],[-45.8982109,-10.149753500000003],[-45.9552947999999,-10.218442799999918],[-45.94626529999991,-10.258549899999911],[-45.9739471,-10.24836989999992],[-46.0063243,-10.259628299999994],[-46.03124749999989,-10.176110799999886],[-46.099726000000004,-10.212900499999892],[-46.16330339999999,-10.213632599999903],[-46.2108689999999,-10.169734999999918],[-46.2730031,-10.181615399999899],[-46.3130818,-10.1728237999999],[-46.327525299999905,-10.183694400000002],[-46.3678894999999,-10.168814100000004],[-46.38396909999991,-10.120142399999988],[-46.420695,-10.080879200000002],[-46.445200400000004,-10.077387299999915],[-46.4565292999999,-10.049923700000003],[-46.4570849999999,-10.018017399999998],[-46.4775839,-9.98830139999995],[-46.46572369999999,-9.937057399999942],[-46.4786114999999,-9.923868699999975],[-46.47289929999991,-9.877440299999936],[-46.4916451,-9.87007009999995],[-46.48033349999999,-9.855255299999943],[-46.4960599,-9.846006399999975],[-46.509448500000005,-9.801366699999962],[-46.5715924,-9.808037199999948],[-46.5750864999999,-9.758575399999916],[-46.6322287,-9.748876899999974],[-46.647419899999896,-9.73035039999997],[-46.6533373999999,-9.693442099999977],[-46.6130575,-9.665808199999958],[-46.5923880999999,-9.587200499999954],[-46.5367555,-9.557109299999977],[-46.5756895,-9.517548899999975],[-46.5609759,-9.484032999999958],[-46.5926608999999,-9.483459499999999],[-46.640005099999904,-9.45772109999996],[-46.6479244,-9.427144999999932],[-46.6327833999999,-9.41158829999996],[-46.6659756999999,-9.391918599999936],[-46.7233118999999,-9.39636459999999],[-46.7460283,-9.414393999999984],[-46.76567750000001,-9.406330899999958],[-46.758674299999896,-9.381217499999938],[-46.81106270000001,-9.306748899999944],[-46.8451424,-9.299823999999946],[-46.8189454,-9.260057299999954],[-46.822783699999896,-9.199044699999927],[-46.850705199999894,-9.19183919999995],[-46.85242029999989,-9.154449399999995],[-46.8916743999999,-9.140492499999935],[-46.88992180000001,-9.124364699999948],[-46.90673470000001,-9.135488399999911],[-46.9318026999999,-9.128065699999992],[-46.93153819999999,-9.085888099999968],[-46.9121494,-9.082724299999946],[-46.921624800000004,-9.06681289999995],[-47.0073414999999,-9.08219339999996],[-47.0102059,-9.070299599999949],[-47.07055159999991,-9.06195419999995],[-47.0434834,-9.026548999999944],[-47.0674774999999,-9.01038629999993],[-47.044033,-9.006866599999974],[-47.0357003999999,-8.978943099999963],[-47.0215615,-8.98864059999994],[-47.0182796,-8.952935799999981],[-46.9702887,-8.914491699999912],[-46.99292189999991,-8.878889399999931],[-46.9148956,-8.853058199999964],[-46.9042307,-8.778559899999939],[-46.931281399999904,-8.726752399999938],[-46.8869493,-8.686489799999956],[-46.895695799999906,-8.659740799999945],[-46.916394099999906,-8.64840679999997],[-46.89772789999989,-8.601016499999945],[-46.9162802,-8.59478379999995],[-46.8463408,-8.534937599999967],[-46.851087299999996,-8.47615729999996],[-46.8323308,-8.46495459999994],[-46.8234833,-8.474496199999997],[-46.800509500000004,-8.454093399999993],[-46.80683499999999,-8.398970699999964],[-46.787016900000005,-8.399099299999923],[-46.7824337,-8.368083699999953],[-46.728098900000006,-8.38638489999993],[-46.711476100000006,-8.354658099999925],[-46.6804273,-8.336762899999963],[-46.6338866,-8.318354599999937],[-46.6117204999999,-8.327710999999978],[-46.54688800000001,-8.318979799999966],[-46.51678799999999,-8.288137899999995],[-46.5091024,-8.235597399999952],[-46.4872397999999,-8.200858099999962],[-46.5138952,-8.164657999999966],[-46.465593199999894,-8.071928799999974],[-46.4892212999999,-7.987504699999947],[-46.6091661,-7.892959199999941],[-46.75620239999989,-7.9229347999999655],[-46.78276700000001,-7.951640299999931],[-46.830271,-7.964221999999954],[-46.851612599999996,-7.957812099999943],[-46.8667017,-7.9695055999999385],[-46.8728326999999,-7.955268999999943],[-46.8960415999999,-7.986063099999961],[-46.91704070000001,-7.9814884999999505],[-46.9207633,-7.995536199999947],[-46.9536901,-8.006051699999928],[-46.96351029999991,-8.040214599999935],[-46.9893791,-8.047612699999945],[-46.9974336,-8.066583199999972],[-47.0455856,-8.053090699999922],[-47.067536000000004,-7.998052199999966],[-47.107472,-7.990323899999979],[-47.10363720000001,-7.954042699999953],[-47.1175224,-7.952230899999943],[-47.1082903,-7.93688699999997],[-47.1221561999999,-7.9218302999999715],[-47.1429970999999,-7.924769699999953],[-47.1432040999999,-7.89517859999995],[-47.1765483999999,-7.871627499999944],[-47.1757258,-7.855997499999956],[-47.2455059,-7.815957099999923],[-47.23575299999991,-7.804299699999938],[-47.2481276999999,-7.800402899999915],[-47.2465928999999,-7.758174399999957],[-47.2671806,-7.760668899999953],[-47.2606909,-7.742905699999949],[-47.273993699999906,-7.7457100999999415],[-47.275024099999904,-7.730398899999965],[-47.314295199999904,-7.730313999999964],[-47.3062679,-7.7134378999999695],[-47.31696609999991,-7.701267399999947],[-47.3033566,-7.702656099999973],[-47.3029898999999,-7.690246399999978],[-47.3316710999999,-7.685440099999932],[-47.3387494,-7.666904099999934],[-47.3149328,-7.660037899999953],[-47.3581252,-7.616024199999945],[-47.3741376,-7.624022799999962],[-47.353785,-7.648131199999998],[-47.3822787999999,-7.6545980999999585],[-47.3830179999999,-7.600389399999933],[-47.40515680000001,-7.587196399999943],[-47.3990893,-7.569127699999973],[-47.439974999999905,-7.555999799999929],[-47.4251085999999,-7.528559099999953],[-47.4610916,-7.518363399999951],[-47.4751227,-7.533898599999905],[-47.501525,-7.4397949000000025],[-47.5284918999999,-7.433539699999921],[-47.5628338999999,-7.4506334999999915],[-47.59156970000001,-7.440068299999968],[-47.5629288,-7.406210999999939],[-47.4834958,-7.365120599999962],[-47.4782023999999,-7.336753699999962],[-47.4997863999999,-7.293858299999935],[-47.5401768,-7.2657934999999965],[-47.5919031,-7.263995299999971],[-47.62701109999989,-7.300823699999954],[-47.64771210000001,-7.304122899999898],[-47.6835718,-7.245867299999951],[-47.73507,-7.218899799999989],[-47.749825799999904,-7.195261699999925],[-47.7451291,-7.162504799999949],[-47.7106552,-7.137652799999943],[-47.66037490000001,-7.151368099999977],[-47.644455999999906,-7.143611599999938],[-47.5299515,-6.980105399999972],[-47.5052032,-6.893686499999941],[-47.52964589999989,-6.831389099999982],[-47.4941186999999,-6.7548331999999665],[-47.49864409999999,-6.671231599999921],[-47.4632316999999,-6.60707579999995],[-47.4564976999999,-6.538274499999967],[-47.416652600000006,-6.485678399999904],[-47.4342056999999,-6.431188599999913],[-47.4086248999999,-6.328066899999974],[-47.3772357999999,-6.266768299999963],[-47.430234,-6.130968999999966],[-47.4280419999999,-6.03922449999992],[-47.4479842,-5.992983899999946],[-47.429507900000004,-5.932095999999947],[-47.4310634,-5.869210599999992],[-47.493374499999994,-5.730530699999962],[-47.4737044999999,-5.661979699999948],[-47.483261399999904,-5.56489889999995],[-47.5001205,-5.525604799999948],[-47.555369400000004,-5.46573529999996],[-47.6186197,-5.459726199999964],[-47.7409264999999,-5.381448199999942],[-47.827543499999905,-5.386586599999948],[-47.8437594,-5.376208699999969],[-47.867624099999894,-5.342815899999925],[-47.87292360000001,-5.272358099999939],[-47.928104100000006,-5.241235499999936],[-48.0040589,-5.234620199999952],[-48.079265,-5.275064499999914],[-48.178544200000005,-5.260776099999895],[-48.3209044,-5.2013876999999145],[-48.36390979999991,-5.168380499999957],[-48.533013099999906,-5.198717899999987],[-48.561073500000006,-5.2301991999999755],[-48.5685726,-5.282932799999961],[-48.6061316999999,-5.336500799999978],[-48.67943840000001,-5.305820099999919],[-48.712127,-5.35301359999992],[-48.7551506999999,-5.349165399999966],[-48.43315150000001,-5.098065499999931],[-48.4346237999999,-5.076672999999931],[-48.419046299999906,-5.085710900000011],[-48.4003782999999,-5.074156199999963],[-47.7925691,-4.586410799999968],[-47.6799573,-4.6086173999999405],[-47.6119419,-4.55735789999993],[-47.5027881,-4.403706599999988],[-47.4763146,-4.3564393999999025],[-47.4747341999999,-4.315043499999953],[-47.3717680999999,-4.245585799999932],[-47.3790018,-4.220536900000003],[-47.3658287,-4.180639999999936],[-47.3402351,-4.17704579999999],[-47.350643600000005,-4.115271399999912],[-47.3194243,-4.047774499999973],[-47.3050623999999,-4.058830299999989],[-47.2389286,-3.9986307999999515],[-47.2044741,-3.9883153999999323],[-47.2017392,-3.9735688999999983],[-47.1902562,-3.9837046999999584],[-47.1837325,-3.9476450999999004],[-47.16925589999989,-3.9434391999999687],[-47.1731460999999,-3.9238233999999057],[-47.1484960999999,-3.9144897999999158],[-47.1487106,-3.896904699999916],[-47.13243809999991,-3.8995732000000056],[-47.1325406999999,-3.8786539999999095],[-47.10662479999999,-3.88094279999997],[-47.10185899999989,-3.86134819999991],[-47.0852050999999,-3.856639999999932],[-47.08668349999989,-3.824902699999963],[-47.0557157,-3.7735355999999656],[-47.0652734,-3.7593639999999366],[-47.0462808,-3.7064509999999107],[-47.0545251999999,-3.6850053999999917],[-47.037018700000004,-3.6679660999999726],[-47.0570476999999,-3.6545793999999256],[-47.0400751,-3.644106799999991],[-47.04862389999991,-3.6196292999999655],[-47.0273549999999,-3.5992746999999845],[-47.04140050000001,-3.590727599999982],[-47.0272373,-3.580932999999976],[-47.0388460999999,-3.56210329999989],[-47.0184659,-3.5655394999999777],[-47.0037685999999,-3.5342039999999586],[-46.9756993999999,-3.529768400000016],[-46.9688798,-3.514402799999959],[-46.9823173999999,-3.494942699999975],[-46.9597912,-3.4950889999999664],[-46.96907530000001,-3.473677399999879],[-46.9484548,-3.47679899999994],[-46.956321800000005,-3.461288799999995],[-46.9420536,-3.4465098999999713],[-46.956321800000005,-3.4258776999999814],[-46.9399036,-3.4208537999999957],[-46.9442524999999,-3.377197599999946],[-46.90574789999991,-3.367514999999941],[-46.8898670999999,-3.3353687999999826],[-46.8744751,-3.3459054999999127],[-46.8677807,-3.326929699999988],[-46.8586432,-3.3429786000000004],[-46.8492125,-3.3183928999999073],[-46.813884,-3.310051199999986],[-46.8265886,-3.2979042999999844],[-46.8108056,-3.2900014999999936],[-46.8200897,-3.2740491999999284],[-46.802059,-3.265999799999974],[-46.8061635,-3.2440465999999457],[-46.7859094999999,-3.2472420999999607],[-46.7785311,-3.2168483999999515],[-46.7552719,-3.216214099999922],[-46.77154360000001,-3.2040661999999736],[-46.75839920000001,-3.1947476999999522],[-46.7730582999999,-3.178598799999979],[-46.7515582999999,-3.188844399999936],[-46.7495549,-3.1659137000000337],[-46.7199434,-3.153472399999986],[-46.72937410000001,-3.1281989999999134],[-46.744473000000006,-3.137371699999938],[-46.7481377999999,-3.12185619999996],[-46.718868400000005,-3.1092191999999104],[-46.7077275,-3.1270767999999145],[-46.7067501999999,-3.1006317999999276],[-46.6765035999999,-3.0941423999999587],[-46.677334200000004,-3.034272299999993],[-46.658814899999996,-3.0108503000000213],[-46.67415809999991,-3.000212699999937],[-46.6499216999999,-2.996016099999996],[-46.6629682999999,-2.974691599999942],[-46.6474296,-2.9698118000000093],[-46.673034200000004,-2.945070900000006],[-46.6539284999999,-2.9310653999999707],[-46.6805553999999,-2.8827177999999245],[-46.639416,-2.8835577999999646],[-46.6400022999999,-2.850908899999924],[-46.6109772999999,-2.8552523999999666],[-46.6148375,-2.8293863999999767],[-46.5756976,-2.841538599999978],[-46.5957806,-2.8263117999998877],[-46.6025238,-2.7892198999999698],[-46.6252943,-2.80654589999996],[-46.6348227999999,-2.7964431000000043],[-46.6359955,-2.7553968999999014],[-46.651876199999904,-2.757202799999924],[-46.6539774,-2.729040699999956],[-46.674891099999996,-2.731871600000003],[-46.67137289999991,-2.7061981999999505],[-46.65065459999991,-2.6804754999999703],[-46.6343340999999,-2.68545409999992],[-46.6186,-2.6653929999999844],[-46.6222648,-2.6449410999999556],[-46.6060909,-2.639474099999935],[-46.59260449999991,-2.6654905999999188],[-46.5788737999999,-2.6315177999999015],[-46.5068486,-2.6168739999998993],[-46.5094384,-2.5906124999999838],[-46.487205399999894,-2.5750407999999947],[-46.500887899999995,-2.555900400000007],[-46.49121219999991,-2.537550699999945],[-46.4735724,-2.546581599999972],[-46.419333599999995,-2.5324250999999376],[-46.43658250000001,-2.5152416999999434],[-46.442153,-2.419411099999979],[-46.409414299999995,-2.3713711999998983],[-46.4318916,-2.3644872999999516],[-46.4562746,-2.386749999999968],[-46.4673667,-2.3763509999999557],[-46.43164730000001,-2.33480309999996],[-46.4324291,-2.2971110999999365],[-46.4159132,-2.2691343999999],[-46.4319404999999,-2.2370556999999662],[-46.41063589999991,-2.228755200000052],[-46.382246,-2.2490181999999015],[-46.2832969,-2.154390099999906],[-46.3008879,-2.1417920999999582],[-46.27210710000001,-2.1175724000000105],[-46.2753321,-2.0575098999999186],[-46.260428700000006,-2.0460830999999846],[-46.2227058999999,-1.9102251999999662],[-46.2448411,-1.8819485999999674],[-46.2110274,-1.8310592999998918],[-46.23032859999999,-1.8031232999999753],[-46.2536365999999,-1.7958462000000188],[-46.297736199999996,-1.7941367999999762],[-46.312151,-1.8056873000000258],[-46.32370719999991,-1.766444399999896],[-46.3084618,-1.7308880999999667],[-46.2475775,-1.7209244999998994],[-46.2211910999999,-1.7312788999999575],[-46.2035023999999,-1.7052950000000187],[-46.1740864,-1.7005084999999793],[-46.15678869999991,-1.6802877000000005],[-46.164216,-1.6265599999999556],[-46.1469182,-1.6104413999998715],[-46.15493180000001,-1.593736499999905],[-46.13362720000001,-1.578692200000068],[-46.14408409999991,-1.5178301999999322],[-46.1763342,-1.4749424999999843],[-46.1397841,-1.4438752000000354],[-46.15415,-1.4225772999998225],[-46.1037226,-1.3372858999998398],[-46.12893630000001,-1.3342571999999226],[-46.1291318,-1.3124697999999835],[-46.1473091,-1.309441000000022],[-46.1592317999999,-1.2877510999999804],[-46.1400773,-1.2476925999998936],[-46.1492636,-1.226002099999912],[-46.07708239999991,-1.1962430999999827],[-46.0563551,-1.1315821999999691],[-46.03850849999999,-1.1729994000000532],[-46.0460616,-1.1211408000000063],[-45.9854304,-1.0497948999999256],[-45.9646989999999,-1.0560538],[-45.9844517999999,-1.065975500000076],[-45.96782610000001,-1.087221400000113],[-45.9837421999999,-1.1108108000000434],[-45.9616581,-1.1116886000000086],[-45.9577631,-1.1951371999998368],[-45.9472527,-1.2023779999999051],[-45.8625547999999,-1.0494975000000597],[-45.8449399,-1.0692728999998222],[-45.84900350000001,-1.0993065000000413],[-45.864947899999905,-1.1083212000001024],[-45.8647027,-1.130653899999876],[-45.8995892,-1.149782999999909],[-45.9120748999999,-1.1663413000000613],[-45.90595330000001,-1.1718612999997782],[-45.8746768,-1.1498998999999812],[-45.8838661,-1.1784008999997868],[-45.8684205,-1.1718283000000278],[-45.8747084,-1.1927658999999995],[-45.8622625,-1.1811871999999786],[-45.8627744999999,-1.2126635999998028],[-45.8263332,-1.203630700000111],[-45.82900849999991,-1.1766264999997942],[-45.8021239,-1.161273100000024],[-45.7996426999999,-1.1799168999998664],[-45.7681669999999,-1.1989823999999354],[-45.7209286,-1.1100085999999756],[-45.69090809999991,-1.1486672999998129],[-45.7382133999999,-1.2201297999998135],[-45.7164534,-1.2602333999998014],[-45.6898993,-1.2736013999999254],[-45.64806250000001,-1.2369721999998404],[-45.629887700000005,-1.1236289999998077],[-45.613566399999996,-1.1629368999999672],[-45.6434710999999,-1.2229780999998898],[-45.6367872,-1.2811917999997944],[-45.5937076,-1.2667203999999161],[-45.59210610000001,-1.3024371999999291],[-45.5489370999999,-1.2763829999998908],[-45.5449925,-1.301377800000059],[-45.5145257999999,-1.307077599999882],[-45.5267855,-1.3587695999998335],[-45.512442,-1.3780867999998545],[-45.5027105999999,-1.3751432999999096],[-45.4759213999999,-1.3248382000000538],[-45.4460528,-1.3118022999999526],[-45.4606029999999,-1.3064236000000617],[-45.455931799999995,-1.2965225000000418],[-45.4112294,-1.300438599999847],[-45.4216764,-1.3530530999999606],[-45.474976,-1.3720071999998305],[-45.4840207,-1.4778126999999306],[-45.463828,-1.477114799999894],[-45.4245258,-1.4191716000000132],[-45.41656030000001,-1.4233936999999317],[-45.4062398999999,-1.4214648000000552],[-45.37038290000001,-1.3955305999998504],[-45.376418300000005,-1.3667397999999669],[-45.35756279999999,-1.3460142],[-45.3406884999999,-1.3520168999998765],[-45.366013,-1.3277622000000218],[-45.36038179999999,-1.3173753000000983],[-45.338467900000005,-1.3148366000000247],[-45.3058071,-1.3354159999999187],[-45.3137528999999,-1.3729607999999445],[-45.3003970999999,-1.4376350999999938],[-45.388205,-1.472016999999891],[-45.3367861,-1.4772240000000152],[-45.3084476999999,-1.4968107999999152],[-45.3195514999999,-1.5572434000000668],[-45.3434690999999,-1.5867940999999541],[-45.334755,-1.5943148000000538],[-45.2609196,-1.5960815000000699],[-45.19802370000001,-1.4884249999998846],[-45.1751207999999,-1.4953615000000318],[-45.1525746,-1.4703651000000684],[-45.1427251,-1.4832406999998826],[-45.13249009999999,-1.4847850999999639],[-45.103193,-1.473129199999944],[-45.0967094,-1.4554646000000346],[-45.0488938,-1.4903512999999016],[-45.0064892,-1.4861295999999855],[-44.989778199999904,-1.5110445999998692],[-45.0071778999999,-1.531759099999839],[-44.97870989999999,-1.524586799999939],[-44.95469389999991,-1.5608242999999187],[-44.9481929999999,-1.5384051000000984],[-44.9731123999999,-1.5025235999999558],[-44.969196100000005,-1.4778833000000853],[-44.9371235,-1.4898734999998882],[-44.886835500000004,-1.4420888999998698],[-44.8863524,-1.4201299000000491],[-44.86044820000001,-1.4112960000000547],[-44.830546999999996,-1.4346279999999836],[-44.8439059,-1.4888610999998524],[-44.8851088,-1.477908700000065],[-44.8728836,-1.4890643000000179],[-44.8948548,-1.5111730999999982],[-44.9000356,-1.535283099999902],[-44.918265600000005,-1.5390393999999166],[-44.9057994,-1.604665699999939],[-44.8717493999999,-1.6013343999999656],[-44.8546926,-1.6180284999999595],[-44.8357046,-1.5729408999998653],[-44.80268689999999,-1.5894385999998657],[-44.7788164999999,-1.57844719999987],[-44.76934249999991,-1.5611399000000454],[-44.763494799999904,-1.5947363999998752],[-44.7075445999999,-1.5516798000000467],[-44.7088926,-1.5806151999998417],[-44.6823256,-1.565957099999875],[-44.643292599999896,-1.6050232999998684],[-44.63644600000001,-1.6181048999999426],[-44.6618309999999,-1.6626388000000478],[-44.675001800000004,-1.6413742999998835],[-44.746777199999904,-1.6507327000000296],[-44.799796,-1.70429310000004],[-44.76273849999999,-1.7045900999998833],[-44.7378323,-1.722017999999988],[-44.7164723,-1.71332569999991],[-44.7009158,-1.7262436000000445],[-44.757223399999894,-1.7893558000000531],[-44.7203201,-1.7798516999999108],[-44.7148933999999,-1.7903170999998228],[-44.7031838,-1.7684632999999534],[-44.6460499,-1.7651404999998632],[-44.6525225,-1.7154005999998903],[-44.60106590000001,-1.7397074999998703],[-44.6177044999999,-1.7608214000000109],[-44.5733624,-1.7751954000000574],[-44.59066529999999,-1.7821545999999409],[-44.5640392,-1.8035813999998964],[-44.5646047,-1.8353256000000226],[-44.53327979999991,-1.8227541999999735],[-44.55350609999991,-1.885033999999923],[-44.5145671999999,-1.8857295999999777],[-44.4891805,-1.9570587999999982],[-44.5113406999999,-1.9581408999999985],[-44.48125370000001,-1.9868996999999813],[-44.5155667,-2.0127264999999883],[-44.5638024,-2.0154841999999635],[-44.5759942999999,-2.024143499999998],[-44.5324984,-2.036258200000024],[-44.5016634,-2.0235969999998917],[-44.485294999999994,-2.042741099999992],[-44.5524568,-2.0890173999999773],[-44.566719000000006,-2.125626299999938],[-44.588308000000005,-2.134639299999992],[-44.5798042,-2.1444858999999634],[-44.5949970999999,-2.1816146999998884],[-44.63412370000001,-2.2285411999999383],[-44.683672900000005,-2.256142699999984],[-44.68208039999999,-2.272115400000012],[-44.650752499999996,-2.29521779999989],[-44.627592999999905,-2.290897299999895],[-44.616098799999996,-2.2579700999999006],[-44.5429627999999,-2.195558299999929],[-44.530135899999905,-2.159864099999857],[-44.4637777,-2.1442978999999487],[-44.3984631,-2.214385799999937],[-44.3911636,-2.2757345999999403],[-44.3770483,-2.2814933999998726],[-44.3578082999999,-2.3395715000000177],[-44.3795387,-2.355487600000019],[-44.372358500000004,-2.380737800000005],[-44.38797629999989,-2.4088868000000114],[-44.4068506,-2.4183538000000406],[-44.4079991,-2.409021400000038],[-44.4778894999999,-2.4112011000000186],[-44.4984473,-2.425880599999989],[-44.458165,-2.4340940999998746],[-44.4429413999999,-2.4575158999999207],[-44.4759971999999,-2.4850475999999717],[-44.4902258,-2.5217284999999725],[-44.512187099999906,-2.535187199999898],[-44.5345819,-2.527682999999952],[-44.58475450000001,-2.657153500000001],[-44.6265548,-2.7020939999998963],[-44.6238064,-2.7389322000000114],[-44.6516071,-2.8074561000000253],[-44.6332237,-2.8574358999998655],[-44.6808045,-2.928908099999976],[-44.67635630000001,-2.9932136999999672],[-44.6582157,-3.0153772999999484],[-44.59715379999991,-3.040047800000013],[-44.5324988,-3.0440497999999185],[-44.4488552999999,-2.9809576999999474],[-44.4086341,-2.9011867999999152],[-44.40916880000001,-2.792483200000006],[-44.38627,-2.748658899999989],[-44.38042920000001,-2.6681779999998962],[-44.3540919,-2.6031971999998826],[-44.3777398999999,-2.5657604000000007],[-44.3579430999999,-2.5542691999999203],[-44.3489264,-2.5269419999999405],[-44.309330900000006,-2.538934699999954],[-44.3203242,-2.5028506999999167],[-44.304568999999994,-2.487505999999908],[-44.17440679999999,-2.458377700000036],[-44.0946029,-2.4066044999999203],[-44.0308375,-2.407015299999946],[-44.0238280999999,-2.448725199999969],[-44.0526525,-2.468807699999966],[-44.0238605,-2.5082928999999066],[-44.036063500000004,-2.556544099999866],[-44.092811499999996,-2.5747440000000243],[-44.105693200000005,-2.6292447999999253],[-44.137586799999994,-2.6816360000000152],[-44.2495716999999,-2.730321800000018],[-44.26603850000001,-2.7579819999999735],[-44.241434599999906,-2.7805081999999137],[-44.0949128999999,-2.75324999999992],[-44.0225751999999,-2.6526068999999883],[-43.956543699999905,-2.621531999999883],[-43.9312194999999,-2.56162229999998],[-43.89368,-2.5564612999999103],[-43.8763226,-2.5183052999998834],[-43.8501502,-2.5100369999999224],[-43.8314935,-2.4401568999999417],[-43.8381130999999,-2.4166562000000265],[-43.800464500000004,-2.3902511000000044],[-43.79159969999989,-2.394083000000024],[-43.8084173,-2.4383974999999936],[-43.75996250000001,-2.417387999999992],[-43.7268003,-2.3864684000000205],[-43.739594000000004,-2.350349799999972],[-43.7203589,-2.2913900999999153],[-43.6272104999999,-2.251233699999939],[-43.60408610000001,-2.257691800000005],[-43.5935612,-2.2872310999999015],[-43.62358809999991,-2.3031105999999637],[-43.6452068999999,-2.402716400000032],[-43.687587099999995,-2.3976531999999544],[-43.7104619999999,-2.4271638999999903],[-43.7321413999999,-2.4255236000000298],[-43.77592450000001,-2.4727000999999666],[-43.7678236,-2.4939080999999965],[-43.7169567999999,-2.4758836000000333],[-43.7096594999999,-2.4873876999999545],[-43.6954534,-2.484348699999913],[-43.7031501,-2.509030199999997],[-43.692511,-2.5205432999999715],[-43.651599,-2.4818219999999127],[-43.6219656,-2.510199299999912],[-43.5797942999999,-2.4586427999999687],[-43.571758799999905,-2.4762945999999326],[-43.5988442,-2.4993542000000315],[-43.58055130000001,-2.5070511999999368],[-43.528455300000005,-2.418720599999899],[-43.5160764,-2.4245193999999537],[-43.5207543999999,-2.456717299999984],[-43.5086777999999,-2.476115099999935],[-43.46147929999999,-2.486343999999992],[-43.452095299999904,-2.442600799999916],[-43.4842106,-2.378168700000003],[-43.460969000000006,-2.350623800000001],[-43.4054204999999,-2.3355002999999086],[-43.2919271,-2.3431052999999236],[-42.9633507999999,-2.47527859999997],[-42.8252914999999,-2.5447231999999853],[-42.7227119,-2.5562388999998884],[-42.58735539999999,-2.669004299999979],[-42.5042443999999,-2.6781207999999253],[-42.4938602999999,-2.704928799999941],[-42.36869759999999,-2.7140436000000183],[-42.3386063999999,-2.7491507999999913],[-42.2635557999999,-2.7579037999999776],[-42.25263050000001,-2.738089199999858],[-42.2627295,-2.7278612999999607],[-42.25691499999991,-2.6757379999999915],[-42.2294878,-2.6964947000000046],[-42.070152400000005,-2.687152099999871],[-42.03135050000001,-2.739620699999868],[-42.0165117,-2.737577799999981],[-42.014016,-2.712643599999925],[-41.8072475,-2.730040299999915],[-41.8475185999999,-2.7755785999999874],[-41.8451309,-2.813935499999996],[-41.86603790000001,-2.869966399999973],[-41.7960691,-2.957504699999916],[-41.8228453,-3.017941699999909],[-41.92335510000001,-3.1100973999999977],[-41.9355611999999,-3.183553799999955],[-41.9543411999999,-3.176820199999943],[-42.01277579999991,-3.248071399999957],[-42.1266257999999,-3.2696998999999853],[-42.12509039999999,-3.28864489999999],[-42.09715390000001,-3.293869999999971],[-42.09938319999999,-3.315313800000001],[-42.1254344,-3.3130857999999854],[-42.1219862999999,-3.3414419999999305],[-42.14568209999991,-3.3544151999999308],[-42.1506692999999,-3.386611899999909],[-42.1910308,-3.395343199999968],[-42.2017319,-3.4313406999999185],[-42.23241029999999,-3.428420199999995],[-42.29526559999991,-3.4540513999999534],[-42.3314229,-3.433525899999986],[-42.355848200000004,-3.450655799999902],[-42.3874661,-3.447515099999998],[-42.4037347,-3.475823499999971],[-42.4255176999999,-3.4536764999999177],[-42.4612564999999,-3.484602899999931],[-42.48732559999999,-3.4771098999999928],[-42.4846914999999,-3.447282999999993],[-42.503319000000005,-3.4506070999999254],[-42.565152000000005,-3.5673870999999515],[-42.6117700999999,-3.5871406999999977],[-42.6188251,-3.6206566999999286],[-42.6750751,-3.6726538999998946],[-42.68328419999991,-3.700058499999923],[-42.6686251,-3.7374093000000177],[-42.68403599999989,-3.765221399999932],[-42.67145920000001,-3.791628599999985],[-42.729878799999895,-3.9163050000000057],[-42.7813049,-3.9545581999999486],[-42.795086599999905,-3.9932825999999055],[-42.82215500000001,-3.9995995999999465],[-42.869748300000005,-4.104101599999943],[-42.9015271,-4.118948699999984],[-42.8884909,-4.153543399999945],[-42.9358417,-4.159122599999919],[-42.986435,-4.220480499999914],[-42.9628825999999,-4.376112299999945],[-42.88000970000001,-4.415867799999918],[-42.877274400000005,-4.46166959999994],[-42.85039829999991,-4.484460600000021],[-42.8750876,-4.536517099999963],[-42.8729733,-4.581687499999913],[-42.91616889999991,-4.651433399999975],[-42.9523775,-4.679815399999947],[-42.9206644,-4.738216499999976],[-42.9503573,-4.775214099999955],[-42.938646199999894,-4.809212699999956],[-42.89740520000001,-4.842614399999926],[-42.88563920000001,-4.9046047999999525],[-42.853916500000004,-4.937259799999953],[-42.8632006,-4.968123700000008],[-42.79899360000001,-5.189678099999999],[-42.8294845999999,-5.239264199999951],[-42.8116492999999,-5.289673499999945],[-42.8253096,-5.3463630999999525],[-42.8810144999999,-5.390054099999945],[-42.9095318,-5.394486099999927],[-42.930681400000005,-5.439174099999948],[-42.965424,-5.4491948999999265],[-43.0332174,-5.592074099999957],[-43.0819956,-5.599512900000001],[-43.09800929999991,-5.6247720999999675],[-43.0804487999999,-5.644074799999966],[-43.0885602,-5.671596999999964],[-43.07580680000001,-5.731110400000001],[-43.101167099999905,-5.758628299999958],[-43.09652500000001,-5.8297993999999935],[-43.0749271999999,-5.867714699999959],[-43.09950039999999,-5.904611599999961],[-43.08421129999991,-5.957340099999943],[-43.0475635,-5.997336399999932],[-43.07458519999991,-6.05742239999992],[-43.04512950000001,-6.106544699999956],[-42.98638609999989,-6.122967499999963],[-42.9699110999999,-6.17732509999993],[-42.8615392,-6.239121599999997],[-42.8465222,-6.281383699999955],[-42.8597801,-6.32994769999992],[-42.829484599999894,-6.334221399999955],[-42.8779309,-6.418493199999922],[-42.8657951,-6.483880999999961],[-42.88543359999991,-6.500870899999936],[-42.87214829999991,-6.513455499999965],[-42.919931399999896,-6.671008099999935],[-43.0110622999999,-6.760009399999954],[-43.0835026999999,-6.749290499999961],[-43.1475876,-6.783688499999909],[-43.1782741,-6.76733649999993],[-43.24482649999991,-6.766948299999955],[-43.2797641,-6.795964399999975],[-43.349199499999905,-6.798584499999932],[-43.364200700000005,-6.819205099999983],[-43.3875262,-6.817191999999977],[-43.3903025,-6.833898599999926],[-43.41912889999999,-6.84401049999999],[-43.4811804999999,-6.835409899999972],[-43.50310150000001,-6.802299799999955],[-43.5416337,-6.789136899999976],[-43.5616591,-6.7481208999999405],[-43.5843755999999,-6.757484299999908],[-43.6428744,-6.716551099999945],[-43.7149901,-6.698733299999993],[-43.7748432,-6.7149365999999295],[-43.7950637,-6.702071799999952],[-43.87991800000001,-6.757782399999909],[-43.9137942999999,-6.752661499999937],[-43.9323716,-6.77199569999994],[-43.9612097,-6.741898399999992],[-44.03339329999991,-6.760404099999945],[-44.0574592999999,-6.77444189999991],[-44.0696971,-6.821377499999947],[-44.08887420000001,-6.8033011999999555],[-44.1162755999999,-6.805785899999936],[-44.1006495,-6.851142099999965],[-44.1090111999999,-6.857612099999913],[-44.1251238999999,-6.835585199999984],[-44.1391727,-6.864107199999973],[-44.17134600000001,-6.884977199999969],[-44.17503889999989,-6.925169799999959],[-44.1986022999999,-6.92976239999998],[-44.208171899999996,-6.969945199999929],[-44.2359544999999,-6.9987122999999745],[-44.2622947,-7.001302099999947],[-44.2797853,-7.045269699999954],[-44.27411709999999,-7.0702437999999646],[-44.3051847999999,-7.117812199999963],[-44.33246749999999,-7.108612599999978],[-44.38606390000001,-7.120915399999965],[-44.505242599999995,-7.186755799999969],[-44.5251494,-7.2219992999999345],[-44.5641952999999,-7.22770799999995],[-44.615870199999996,-7.308666199999931],[-44.6627305,-7.33134809999995],[-44.688641,-7.394908799999935],[-44.7299293,-7.390770299999932],[-44.7419808,-7.361703899999937],[-44.78034559999999,-7.378517499999951],[-44.8164962,-7.360893799999912],[-44.869705100000004,-7.423057199999944],[-44.9004353,-7.425410599999973],[-44.92481630000001,-7.470529399999965],[-44.9870147999999,-7.481137899999958],[-45.049232800000006,-7.513209799999976],[-45.0843087,-7.5021568999999335],[-45.1386745999999,-7.522422299999963],[-45.1555279999999,-7.512914499999972],[-45.2184887999999,-7.568544799999927],[-45.23232629999999,-7.549071399999959],[-45.261707400000006,-7.571184299999952],[-45.3346804,-7.57765949999999],[-45.37218180000001,-7.618383799999944],[-45.3954669,-7.61451849999997],[-45.399204999999895,-7.641058899999971],[-45.43751,-7.6780511999999606],[-45.4596005999999,-7.672803499999904],[-45.4488145999999,-7.685356299999986],[-45.470081900000004,-7.6898975999999255],[-45.4681029,-7.712874299999968],[-45.4872086,-7.728659499999938],[-45.4821267999999,-7.749673199999972],[-45.49643030000001,-7.747767099999991],[-45.4844477999999,-7.76281829999995],[-45.48951110000001,-7.786256899999959],[-45.5013769999999,-7.7864849999999475],[-45.52505980000001,-7.856431199999984],[-45.540754099999994,-7.864056199999929],[-45.5204209999999,-7.885609399999979],[-45.54326950000001,-7.897269299999966],[-45.5237299,-7.9107688999999235],[-45.54447700000001,-7.9200799999999205],[-45.55647110000001,-7.953691899999973],[-45.54754159999991,-7.967996399999924],[-45.56810979999991,-7.9941220999999825],[-45.5510972,-8.01451879999997],[-45.577655400000005,-8.028331299999916],[-45.5630388,-8.045643599999963],[-45.5863042999999,-8.096402999999952],[-45.57636269999989,-8.11474449999996],[-45.5837278,-8.15693619999995],[-45.6130573999999,-8.186514200000001],[-45.6097819999999,-8.205418099999989],[-45.6636263999999,-8.250530799999986],[-45.69057960000001,-8.35581119999996],[-45.7063626,-8.38762099999997],[-45.724675499999904,-8.394823999999952],[-45.7449161,-8.449154299999982],[-45.7386777999999,-8.500655599999979],[-45.75383729999991,-8.542063299999944],[-45.7707796,-8.573297099999925],[-45.7945867999999,-8.583711499999948],[-45.7661906,-8.609545599999924],[-45.7978012999999,-8.612998099999967],[-45.8159909999999,-8.632752599999957],[-45.8124796,-8.65646759999995],[-45.8404068999999,-8.715528999999956],[-45.8642273,-8.715522999999939],[-45.8637039,-8.72996469999993],[-45.8898847,-8.73926219999992],[-45.8918982,-8.762757399999938],[-45.9087074,-8.758893899999984],[-45.9377072999999,-8.781243699999955],[-45.960722200000006,-8.817894199999971],[-45.94615619999999,-8.841650199999929],[-45.9723991,-8.862837699999943],[-45.967338,-8.876361399999949],[-45.995089300000004,-8.926991599999955],[-45.9437789999999,-9.015114899999954],[-45.92321989999991,-9.089992399999955],[-45.9287414999999,-9.137587999999921],[-45.89768860000001,-9.185297799999958],[-45.8964319,-9.2803044],[-45.9079204999999,-9.297004999999945],[-45.8942891,-9.34156649999995],[-45.8246917,-9.374577799999962],[-45.7834353,-9.479477099999949],[-45.8209267,-9.51704669999999],[-45.8419325,-9.56288989999995],[-45.8367433,-9.602126599999943],[-45.8203869,-9.617912799999926],[-45.8385678,-9.696317699999936],[-45.8214206,-9.773127099999948],[-45.8662777,-9.870718999999964],[-45.842286199999904,-9.941557899999953],[-45.880196100000006,-10.05859399999998],[-45.8698555999999,-10.074879300000015]]],[[[-45.1431433,-1.4754705999999955],[-45.1409413,-1.4739016999998824],[-45.14198880000001,-1.4779823999999935],[-45.1431433,-1.4754705999999955]]],[[[-45.0983854,-1.4459606000000174],[-45.0965423,-1.4504675999998853],[-45.0989319,-1.4452775999999083],[-45.0983854,-1.4459606000000174]]],[[[-45.11059190000001,-1.421901100000062],[-45.1056566,-1.4676734999999779],[-45.129214700000006,-1.4717210999999175],[-45.11059190000001,-1.421901100000062]]],[[[-45.0788692,-1.4278538999999384],[-45.0694536999999,-1.4478480000000389],[-45.074927900000006,-1.459631999999884],[-45.0846208,-1.4364795999998567],[-45.0788692,-1.4278538999999384]]],[[[-45.08915640000001,-1.444511299999834],[-45.0968167999999,-1.4350058999999342],[-45.0878537999999,-1.4224200999998733],[-45.08602039999991,-1.4262483999998876],[-45.08915640000001,-1.444511299999834]]],[[[-45.419446400000005,-1.413372899999899],[-45.4044751,-1.4010847999999243],[-45.4138661,-1.4207706000000195],[-45.419446400000005,-1.413372899999899]]],[[[-45.07123150000001,-1.3752620000000717],[-45.09447920000001,-1.4111716000000412],[-45.1010522,-1.433028999999996],[-45.102889499999904,-1.4216631999998652],[-45.08186280000001,-1.3772834000000487],[-45.07123150000001,-1.3752620000000717]]],[[[-45.0973949,-1.3852574999998897],[-45.1057491,-1.4105507999999316],[-45.1111872,-1.4128296999998529],[-45.12680470000001,-1.3854401999998422],[-45.1149066,-1.3630994999999706],[-45.0973949,-1.3852574999998897]]],[[[-45.496335599999995,-1.3462075000000295],[-45.497387100000005,-1.3596172999998692],[-45.4994119,-1.361767999999929],[-45.496335599999995,-1.3462075000000295]]],[[[-45.4870053999999,-1.3396966999999342],[-45.4906951,-1.3477014000000065],[-45.4918726999999,-1.3483684999998395],[-45.4870053999999,-1.3396966999999342]]],[[[-45.5764808,-1.2719564999999335],[-45.57000260000001,-1.2613479999998036],[-45.5730445,-1.2737509999999452],[-45.5764808,-1.2719564999999335]]],[[[-45.65154609999999,-1.2302525999998504],[-45.6493126999999,-1.2335652000000314],[-45.6521729,-1.2345773000000322],[-45.65154609999999,-1.2302525999998504]]],[[[-45.68801510000001,-1.1836537000000877],[-45.66729500000001,-1.2301914000000989],[-45.6707436999999,-1.2519610000000905],[-45.692355,-1.2656247999999537],[-45.71087969999999,-1.2279569000000141],[-45.68801510000001,-1.1836537000000877]]],[[[-45.568251800000006,-1.1915905999998886],[-45.539347299999996,-1.2052159000000615],[-45.5332127999999,-1.2258252999999486],[-45.5959344999999,-1.241799300000039],[-45.568251800000006,-1.1915905999998886]]],[[[-45.7741162,-1.1923254999997774],[-45.7680015999999,-1.1946552000000354],[-45.7696761999999,-1.1964380999999469],[-45.7741162,-1.1923254999997774]]],[[[-45.9561391999999,-1.1870406999999863],[-45.9534889,-1.1872218999998392],[-45.9558906,-1.1917282999998446],[-45.9561391999999,-1.1870406999999863]]],[[[-45.8987456,-1.1593646999998528],[-45.8949845,-1.1520223000000374],[-45.89240119999991,-1.1504810999998956],[-45.8987456,-1.1593646999998528]]],[[[-45.604383,-1.1593340000000774],[-45.610643799999906,-1.1538076999999296],[-45.606506599999896,-1.150156100000035],[-45.604383,-1.1593340000000774]]],[[[-45.805988799999994,-1.1290076000001061],[-45.80498729999991,-1.145103300000081],[-45.8259456,-1.151705000000046],[-45.827281,-1.1280431999998766],[-45.805988799999994,-1.1290076000001061]]],[[[-46.0142789,-1.0720246999998901],[-46.01017419999991,-1.0758243999999573],[-46.0169198,-1.078277399999983],[-46.0142789,-1.0720246999998901]]],[[[-44.65964969999991,-2.9623778999999795],[-44.6615664,-2.980344099999923],[-44.66168199999999,-2.956895999999994],[-44.65964969999991,-2.9623778999999795]]],[[[-44.6210768,-2.926333299999905],[-44.624657000000006,-2.9396012000000016],[-44.6292213,-2.943333399999911],[-44.6210768,-2.926333299999905]]],[[[-44.640169899999904,-2.922497099999903],[-44.6596079,-2.944586599999974],[-44.663586900000006,-2.944825599999987],[-44.66432180000001,-2.9283220999999116],[-44.640169899999904,-2.922497099999903]]],[[[-44.6057311,-2.9276465999999366],[-44.5805731,-2.861067199999959],[-44.5861828,-2.8146510999999736],[-44.5317360999999,-2.749456899999974],[-44.48154809999989,-2.7265963999999445],[-44.4790204,-2.9578602999999513],[-44.582424399999994,-3.0319192999999345],[-44.641552600000004,-2.9726827999999887],[-44.6057311,-2.9276465999999366]]],[[[-44.5878180999999,-2.873934699999921],[-44.59096879999999,-2.872983399999943],[-44.5880079,-2.8666742000000323],[-44.5878180999999,-2.873934699999921]]],[[[-44.4116979,-2.796751299999911],[-44.413585600000005,-2.7970905999998683],[-44.4125989,-2.795664799999996],[-44.4116979,-2.796751299999911]]],[[[-44.4281690999999,-2.420325499999894],[-44.4199874999999,-2.4165948999999345],[-44.4238066999999,-2.428449299999934],[-44.4281690999999,-2.420325499999894]]],[[[-44.4835156,-2.0778320999999553],[-44.469685000000005,-2.0679643999999677],[-44.465555099999996,-2.070836900000045],[-44.4678911,-2.0771176999999734],[-44.4835156,-2.0778320999999553]]],[[[-44.53768719999991,-2.023080999999866],[-44.5401174,-2.020064900000036],[-44.535419499999904,-2.021744999999934],[-44.53768719999991,-2.023080999999866]]],[[[-44.73847260000001,-1.6790912999998808],[-44.7437959,-1.698868799999899],[-44.7579494999999,-1.6893384999999816],[-44.73847260000001,-1.6790912999998808]]],[[[-44.7453498,-1.6792670999998764],[-44.75033809999999,-1.6802492999998666],[-44.7453669999999,-1.677790699999912],[-44.7453498,-1.6792670999998764]]],[[[-44.72826789999989,-1.6725222999998666],[-44.7415829,-1.669115799999991],[-44.7420152999999,-1.6656872000000371],[-44.7279377999999,-1.6591009999999558],[-44.72826789999989,-1.6725222999998666]]],[[[-44.7811249,-1.5764703999998708],[-44.7812119,-1.573835299999986],[-44.7801569,-1.5740117999999084],[-44.7811249,-1.5764703999998708]]],[[[-44.8265956,-1.5590296999999287],[-44.8336770999999,-1.5654594999999842],[-44.8391111,-1.557485999999911],[-44.8265956,-1.5590296999999287]]],[[[-44.7516141999999,-1.5350000999999183],[-44.73191429999999,-1.5490975999999674],[-44.7626036,-1.5800230999999045],[-44.761676800000004,-1.55296579999984],[-44.7516141999999,-1.5350000999999183]]],[[[-44.8949804,-1.5300256999998583],[-44.8983704999999,-1.5305987999998907],[-44.89630149999989,-1.5279560999998847],[-44.8949804,-1.5300256999998583]]],[[[-44.8365906,-1.542791599999969],[-44.813403599999994,-1.5056792999999589],[-44.775571,-1.4817639999999979],[-44.79976490000001,-1.5252537000000632],[-44.798161999999905,-1.551504899999884],[-44.8178682,-1.5605757999998326],[-44.8365906,-1.542791599999969]]],[[[-44.775860300000005,-1.478503599999948],[-44.7935358,-1.4704388000000637],[-44.755506000000004,-1.4631965999998546],[-44.7423289,-1.492699400000038],[-44.7506781,-1.5172858000000156],[-44.7946893,-1.5237135999999631],[-44.772185,-1.485859699999965],[-44.775860300000005,-1.478503599999948]]],[[[-44.863803,-1.4917712999999837],[-44.87157719999989,-1.4923067999999995],[-44.8719925,-1.4912955000000672],[-44.863803,-1.4917712999999837]]],[[[-44.8710427999999,-1.4877103000000644],[-44.8694196,-1.4881163000000472],[-44.87138229999991,-1.4890629999999323],[-44.8710427999999,-1.4877103000000644]]],[[[-45.0461275,-1.3989537999999788],[-45.0500542,-1.3696072000000274],[-45.047725,-1.3661901000000316],[-45.0394274999999,-1.3881699000000356],[-45.0461275,-1.3989537999999788]]],[[[-44.97850110000001,-1.3168259999998566],[-45.0017248,-1.2920349999999292],[-44.9865660999999,-1.2661464999998127],[-44.92900410000001,-1.2667718999999162],[-44.8781392,-1.2854745999997834],[-44.8669234,-1.3287447000000214],[-44.89254720000001,-1.3495250000000794],[-44.8944815,-1.3376811000000581],[-44.9164408,-1.344372899999987],[-44.9472393,-1.3789431000000831],[-45.0053356,-1.4008203999998878],[-45.0214093,-1.3840191000000428],[-45.0140703,-1.3494540999999303],[-45.0338619999999,-1.338029300000057],[-45.03084210000001,-1.321200999999903],[-44.987287299999906,-1.3226585999998408],[-44.97850110000001,-1.3168259999998566]]],[[[-44.094548200000006,-2.750469499999929],[-44.0963538,-2.7507008999999982],[-44.0946645,-2.7495175000000223],[-44.094548200000006,-2.750469499999929]]],[[[-44.0923698999999,-2.7476346999999928],[-44.0938245999999,-2.7470662000000035],[-44.0925056,-2.746686199999894],[-44.0923698999999,-2.7476346999999928]]],[[[-44.3739586999999,-2.5773348999999275],[-44.3733491,-2.5793602999999323],[-44.3749923,-2.577679099999995],[-44.3739586999999,-2.5773348999999275]]],[[[-44.3657052,-2.5425498999999734],[-44.365346799999905,-2.5451767999999553],[-44.3664745,-2.543186200000053],[-44.3657052,-2.5425498999999734]]],[[[-44.3651307,-2.5393170999999337],[-44.3665174,-2.5390766999999212],[-44.3658202,-2.5385739999999095],[-44.3651307,-2.5393170999999337]]],[[[-44.3644957,-2.519003199999967],[-44.3702208999999,-2.5283213999999465],[-44.3725878,-2.521625899999936],[-44.3644957,-2.519003199999967]]],[[[-44.3595319999999,-2.5236507999998934],[-44.359844199999905,-2.5228764000000363],[-44.359349,-2.523231299999891],[-44.3595319999999,-2.5236507999998934]]],[[[-43.6809737,-2.506794299999902],[-43.678918,-2.5064888999999826],[-43.6808204,-2.508467699999887],[-43.6809737,-2.506794299999902]]],[[[-43.71089629999991,-2.4834554999999674],[-43.7101992,-2.484923500000015],[-43.71089249999989,-2.4851836000000223],[-43.71089629999991,-2.4834554999999674]]],[[[-43.47351139999991,-2.4737763999999753],[-43.4696038,-2.4704633999999435],[-43.4648008,-2.4848810999999893],[-43.47351139999991,-2.4737763999999753]]],[[[-43.853743400000006,-2.469330599999948],[-43.8529369999999,-2.4722208999999307],[-43.8538105,-2.4731961999999297],[-43.853743400000006,-2.469330599999948]]],[[[-43.8519388999999,-2.4663823999998815],[-43.8508691,-2.4635872999999373],[-43.8517001,-2.4682036999998824],[-43.8519388999999,-2.4663823999998815]]],[[[-43.8556986,-2.4480524000000083],[-43.8552852,-2.4498893999998885],[-43.856742600000004,-2.4497449999998873],[-43.8556986,-2.4480524000000083]]],[[[-43.8702752999999,-2.445500799999905],[-43.8527624,-2.420443199999934],[-43.85017459999991,-2.436274299999989],[-43.8702752999999,-2.445500799999905]]],[[[-43.788924800000004,-2.4151280999999236],[-43.78856390000001,-2.415852699999998],[-43.7894707999999,-2.4157883999999763],[-43.788924800000004,-2.4151280999999236]]],[[[-43.7884069,-2.4147225999999202],[-43.78696070000001,-2.377444599999851],[-43.7542296999999,-2.377051100000033],[-43.7884069,-2.4147225999999202]]],[[[-43.5474219,-2.359848999999906],[-43.541655499999905,-2.3789850000000174],[-43.5618866999999,-2.4238153999999965],[-43.601332399999905,-2.4128641999999014],[-43.6066604,-2.371610499999923],[-43.5474219,-2.359848999999906]]],[[[-43.5268369,-2.3707380999999703],[-43.5069986999999,-2.4054242999999818],[-43.5365214999999,-2.4064043999999774],[-43.5268369,-2.3707380999999703]]]]}},{"type":"Feature","properties":{"SIGLA_UF":"DF","NM_UF":"Distrito Federal","NM_REGIAO":"Centro-oeste"},"geometry":{"type":"Polygon","coordinates":[[[-47.3085040999999,-16.049971399999887],[-48.2778112,-16.0495978],[-48.2501855,-15.94759620000001],[-48.2608587,-15.928034200000003],[-48.2763641999999,-15.931237599999994],[-48.28512149999991,-15.836774200000004],[-48.2096862999999,-15.754044000000011],[-48.208884100000006,-15.715361199999988],[-48.2405772,-15.706361499999995],[-48.2413309999999,-15.686706499999989],[-48.2341602,-15.641909099999989],[-48.1997297999999,-15.622913999999982],[-48.200009,-15.502278299999894],[-47.4184069,-15.501819899999905],[-47.41778670000001,-15.546258999999997],[-47.3765167,-15.576667599999986],[-47.3180116,-15.589142199999998],[-47.3339293999999,-15.62958289999989],[-47.313045100000004,-15.74209199999999],[-47.3674162,-15.828573499999901],[-47.3807006,-15.881246699999986],[-47.3612065999999,-15.925819100000004],[-47.379168299999904,-15.973845700000004],[-47.369272499999994,-16.0030808999999],[-47.3391407,-16.0123343999999],[-47.3085040999999,-16.049971399999887]]]}},{"type":"Feature","properties":{"SIGLA_UF":"PI","NM_UF":"Piauí","NM_REGIAO":"Nordeste"},"geometry":{"type":"Polygon","coordinates":[[[-44.85966260000001,-10.883179299999911],[-44.9312179,-10.92875630000002],[-44.9768344,-10.889343099999998],[-45.0165971,-10.884599099999914],[-45.0732356999999,-10.840422599999993],[-45.1052963,-10.846819999999996],[-45.2051294999999,-10.832927399999994],[-45.2192231999999,-10.817376099999883],[-45.24805189999999,-10.821967399999897],[-45.2684659999999,-10.776229800000008],[-45.3223735999999,-10.760265099999991],[-45.358219,-10.732207500000007],[-45.385216,-10.651632599999992],[-45.432426,-10.630555199999888],[-45.44712989999991,-10.55878910000001],[-45.438059499999994,-10.527252599999889],[-45.4472562999999,-10.50742300000002],[-45.395994300000005,-10.44502519999998],[-45.4244965999999,-10.426490199999888],[-45.43032249999991,-10.359462999999902],[-45.5143606,-10.28983659999988],[-45.5261867,-10.236927599999877],[-45.5625204,-10.210851400000006],[-45.5674564,-10.139522499999899],[-45.5932273999999,-10.110296999999914],[-45.69017590000001,-10.15540039999999],[-45.72663920000001,-10.156854800000003],[-45.73385199999999,-10.228595799999907],[-45.79374330000001,-10.267672400000004],[-45.87076019999989,-10.250028799999896],[-45.896728499999895,-10.264290199999897],[-45.91563180000001,-10.312664499999888],[-45.8871713999999,-10.340461900000017],[-45.9109369,-10.371088599999995],[-45.9711149,-10.358939299999994],[-45.9998711,-10.296679899999997],[-46.0282068,-10.277103299999988],[-46.0124233,-10.250696100000004],[-46.0040514999999,-10.261658500000003],[-45.9739471,-10.24836989999992],[-45.94626529999991,-10.258549899999911],[-45.9560734999999,-10.221077500000016],[-45.94561900000001,-10.196442499999884],[-45.90002129999989,-10.152768599999888],[-45.8773444999999,-10.106586499999887],[-45.8699362999999,-10.069292],[-45.880196100000006,-10.05859399999998],[-45.842286199999904,-9.941557899999953],[-45.8662777,-9.870718999999964],[-45.8214206,-9.773127099999948],[-45.8385678,-9.696317699999936],[-45.8203869,-9.617912799999926],[-45.8367433,-9.602126599999943],[-45.8419325,-9.56288989999995],[-45.8209267,-9.51704669999999],[-45.7834353,-9.479477099999949],[-45.8246917,-9.374577799999962],[-45.8942891,-9.34156649999995],[-45.9079204999999,-9.297004999999945],[-45.8964319,-9.2803044],[-45.89768860000001,-9.185297799999958],[-45.9287414999999,-9.137587999999921],[-45.92321989999991,-9.089992399999955],[-45.9437789999999,-9.015114899999954],[-45.995089300000004,-8.926991599999955],[-45.967338,-8.876361399999949],[-45.9723991,-8.862837699999943],[-45.94615619999999,-8.841650199999929],[-45.960722200000006,-8.817894199999971],[-45.9377072999999,-8.781243699999955],[-45.9087074,-8.758893899999984],[-45.8918982,-8.762757399999938],[-45.8898847,-8.73926219999992],[-45.8637039,-8.72996469999993],[-45.8642273,-8.715522999999939],[-45.8404068999999,-8.715528999999956],[-45.8124796,-8.65646759999995],[-45.8159909999999,-8.632752599999957],[-45.7978012999999,-8.612998099999967],[-45.7661906,-8.609545599999924],[-45.7951141999999,-8.58647419999996],[-45.7624513,-8.562820699999977],[-45.739257499999994,-8.502496099999982],[-45.7453558,-8.45268259999995],[-45.73318879999991,-8.412950899999945],[-45.69057960000001,-8.35581119999996],[-45.6636263999999,-8.250530799999986],[-45.6097819999999,-8.205418099999989],[-45.6130573999999,-8.186514200000001],[-45.5837278,-8.15693619999995],[-45.57636269999989,-8.11474449999996],[-45.5863042999999,-8.096402999999952],[-45.5630388,-8.045643599999963],[-45.577655400000005,-8.028331299999916],[-45.5510972,-8.01451879999997],[-45.56810979999991,-7.9941220999999825],[-45.54754159999991,-7.967996399999924],[-45.55647110000001,-7.953691899999973],[-45.54447700000001,-7.9200799999999205],[-45.5237299,-7.9107688999999235],[-45.54326950000001,-7.897269299999966],[-45.5204209999999,-7.885609399999979],[-45.540754099999994,-7.864056199999929],[-45.52505980000001,-7.856431199999984],[-45.5013769999999,-7.7864849999999475],[-45.48951110000001,-7.786256899999959],[-45.4844477999999,-7.76281829999995],[-45.4966638,-7.749067999999996],[-45.4821267999999,-7.749673199999972],[-45.48286000000001,-7.716535099999922],[-45.4683545,-7.713412699999945],[-45.4694928,-7.689274699999937],[-45.4492903999999,-7.686289999999917],[-45.4576805,-7.67080379999991],[-45.43751,-7.6780511999999606],[-45.399204999999895,-7.641058899999971],[-45.3954669,-7.61451849999997],[-45.37218180000001,-7.618383799999944],[-45.3346804,-7.57765949999999],[-45.261707400000006,-7.571184299999952],[-45.23232629999999,-7.549071399999959],[-45.2184887999999,-7.568544799999927],[-45.1555279999999,-7.512914499999972],[-45.1386745999999,-7.522422299999963],[-45.0843087,-7.5021568999999335],[-45.049232800000006,-7.513209799999976],[-44.9870147999999,-7.481137899999958],[-44.92481630000001,-7.470529399999965],[-44.9004353,-7.425410599999973],[-44.869705100000004,-7.423057199999944],[-44.8164962,-7.360893799999912],[-44.78034559999999,-7.378517499999951],[-44.7419808,-7.361703899999937],[-44.7299293,-7.390770299999932],[-44.688641,-7.394908799999935],[-44.6627305,-7.33134809999995],[-44.615870199999996,-7.308666199999931],[-44.5641952999999,-7.22770799999995],[-44.5251494,-7.2219992999999345],[-44.505242599999995,-7.186755799999969],[-44.38606390000001,-7.120915399999965],[-44.33246749999999,-7.108612599999978],[-44.3051847999999,-7.117812199999963],[-44.27411709999999,-7.0702437999999646],[-44.2797853,-7.045269699999954],[-44.2622947,-7.001302099999947],[-44.2359544999999,-6.9987122999999745],[-44.208171899999996,-6.969945199999929],[-44.1986022999999,-6.92976239999998],[-44.17503889999989,-6.925169799999959],[-44.17134600000001,-6.884977199999969],[-44.1391727,-6.864107199999973],[-44.1251238999999,-6.835585199999984],[-44.10440099999991,-6.856547000000001],[-44.11400900000001,-6.803460399999952],[-44.08887420000001,-6.8033011999999555],[-44.07698740000001,-6.821125999999938],[-44.0617288,-6.813374899999946],[-44.0533707,-6.768308799999934],[-43.9612097,-6.741898399999992],[-43.9323716,-6.77199569999994],[-43.9137942999999,-6.752661499999937],[-43.87991800000001,-6.757782399999909],[-43.7950637,-6.702071799999952],[-43.7748432,-6.7149365999999295],[-43.7149901,-6.698733299999993],[-43.6428744,-6.716551099999945],[-43.5843755999999,-6.757484299999908],[-43.5616591,-6.7481208999999405],[-43.5416337,-6.789136899999976],[-43.50310150000001,-6.802299799999955],[-43.4811804999999,-6.835409899999972],[-43.41912889999999,-6.84401049999999],[-43.3903025,-6.833898599999926],[-43.3875262,-6.817191999999977],[-43.364200700000005,-6.819205099999983],[-43.349199499999905,-6.798584499999932],[-43.2797641,-6.795964399999975],[-43.24482649999991,-6.766948299999955],[-43.1782741,-6.76733649999993],[-43.1475876,-6.783688499999909],[-43.0835026999999,-6.749290499999961],[-43.0110622999999,-6.760009399999954],[-42.919931399999896,-6.671008099999935],[-42.87214829999991,-6.513455499999965],[-42.88543359999991,-6.500870899999936],[-42.8657951,-6.483880999999961],[-42.8779309,-6.418493199999922],[-42.829484599999894,-6.334221399999955],[-42.8597801,-6.32994769999992],[-42.8465222,-6.281383699999955],[-42.8615392,-6.239121599999997],[-42.9699110999999,-6.17732509999993],[-42.98638609999989,-6.122967499999963],[-43.04512950000001,-6.106544699999956],[-43.07458519999991,-6.05742239999992],[-43.0475635,-5.997336399999932],[-43.08421129999991,-5.957340099999943],[-43.09950039999999,-5.904611599999961],[-43.0749271999999,-5.867714699999959],[-43.09652500000001,-5.8297993999999935],[-43.101167099999905,-5.758628299999958],[-43.07580680000001,-5.731110400000001],[-43.0885602,-5.671596999999964],[-43.0804487999999,-5.644074799999966],[-43.09800929999991,-5.6247720999999675],[-43.0819956,-5.599512900000001],[-43.0332174,-5.592074099999957],[-42.965424,-5.4491948999999265],[-42.930681400000005,-5.439174099999948],[-42.9095318,-5.394486099999927],[-42.8810144999999,-5.390054099999945],[-42.8253096,-5.3463630999999525],[-42.8116492999999,-5.289673499999945],[-42.8294845999999,-5.239264199999951],[-42.79899360000001,-5.189678099999999],[-42.8632006,-4.968123700000008],[-42.853916500000004,-4.937259799999953],[-42.88563920000001,-4.9046047999999525],[-42.89740520000001,-4.842614399999926],[-42.938646199999894,-4.809212699999956],[-42.9503573,-4.775214099999955],[-42.9206644,-4.738216499999976],[-42.9523775,-4.679815399999947],[-42.91616889999991,-4.651433399999975],[-42.8729733,-4.581687499999913],[-42.8750876,-4.536517099999963],[-42.85039829999991,-4.484460600000021],[-42.877274400000005,-4.46166959999994],[-42.88000970000001,-4.415867799999918],[-42.9628825999999,-4.376112299999945],[-42.9850140999999,-4.216569799999919],[-42.932587100000006,-4.156932399999978],[-42.8884909,-4.153543399999945],[-42.9015271,-4.118948699999984],[-42.869748300000005,-4.104101599999943],[-42.82215500000001,-3.9995995999999465],[-42.795086599999905,-3.9932825999999055],[-42.7813049,-3.9545581999999486],[-42.729878799999895,-3.9163050000000057],[-42.67145920000001,-3.791628599999985],[-42.68403599999989,-3.765221399999932],[-42.6686251,-3.7374093000000177],[-42.68328419999991,-3.700058499999923],[-42.6750751,-3.6726538999998946],[-42.6188251,-3.6206566999999286],[-42.6117700999999,-3.5871406999999977],[-42.565152000000005,-3.5673870999999515],[-42.503319000000005,-3.4506070999999254],[-42.4846914999999,-3.447282999999993],[-42.48732559999999,-3.4771098999999928],[-42.4612564999999,-3.484602899999931],[-42.4255176999999,-3.4536764999999177],[-42.4037347,-3.475823499999971],[-42.3874661,-3.447515099999998],[-42.355848200000004,-3.450655799999902],[-42.3314229,-3.433525899999986],[-42.29526559999991,-3.4540513999999534],[-42.23241029999999,-3.428420199999995],[-42.2017319,-3.4313406999999185],[-42.1910308,-3.395343199999968],[-42.1506692999999,-3.386611899999909],[-42.14568209999991,-3.3544151999999308],[-42.1219862999999,-3.3414419999999305],[-42.1254344,-3.3130857999999854],[-42.09938319999999,-3.315313800000001],[-42.0974295999999,-3.293455999999945],[-42.1296579,-3.2823668999999205],[-42.1236476,-3.266804799999901],[-42.01277579999991,-3.248071399999957],[-41.9543412,-3.176820199999994],[-41.9355612,-3.1835537999999883],[-41.92335510000001,-3.1100973999999977],[-41.8228453,-3.017941699999909],[-41.7963094,-2.959564199999899],[-41.86603790000001,-2.869966399999973],[-41.8410686,-2.7680623999999843],[-41.793057299999894,-2.750607499999977],[-41.7514279,-2.8006401999999277],[-41.72886410000001,-2.80320419999992],[-41.5926653,-2.9046999999999694],[-41.557653,-2.89737019999989],[-41.51245299999991,-2.911748899999979],[-41.4783613,-2.8960199999999965],[-41.39787859999999,-2.904091999999983],[-41.3403496,-2.9274391999999683],[-41.3226812999999,-2.9213195999999493],[-41.32010760000001,-2.9570998999999314],[-41.2707827,-2.9712458999999787],[-41.2481313,-3.0258914999999553],[-41.2613492999999,-3.0500597999999757],[-41.2557657,-3.087583799999897],[-41.2850581,-3.101507299999959],[-41.3188243,-3.144818499999893],[-41.3224850999999,-3.1797927999999764],[-41.42351799999991,-3.3680064999999373],[-41.3990861999999,-3.363586999999946],[-41.3869905999999,-3.4092983999999267],[-41.3240493,-3.385924099999965],[-41.319739,-3.484086900000008],[-41.30303,-3.492182599999944],[-41.3241740999999,-3.5033687999999668],[-41.336869299999904,-3.5538935999999333],[-41.3646613999999,-3.557998599999966],[-41.3713131,-3.5726271999999457],[-41.34490410000001,-3.588738899999981],[-41.33131550000001,-3.6246842999999087],[-41.3417478,-3.6807725999999206],[-41.23828050000001,-3.7157685999999197],[-41.2585189,-3.732775499999922],[-41.2541229,-3.7750413999999584],[-41.300814100000004,-3.8262988999999132],[-41.2768563,-3.8256211000000167],[-41.220239499999906,-3.9415054999999444],[-41.2492399999999,-3.9898696999998915],[-41.23882889999991,-4.015404999999912],[-41.256725499999995,-4.034844899999968],[-41.185523700000005,-4.017218999999901],[-41.17181469999999,-4.032477599999924],[-41.11428240000001,-4.040564699999925],[-41.14313989999991,-4.12423369999989],[-41.1183295,-4.165224099999956],[-41.0908856,-4.1703317999999285],[-41.1359047999999,-4.233511299999981],[-41.12017130000001,-4.330566699999949],[-41.16001140000001,-4.381497300000009],[-41.190776,-4.515528999999974],[-41.2215341,-4.5674729999999455],[-41.2422642,-4.569928399999959],[-41.221215099999895,-4.578936199999951],[-41.229330699999906,-4.620094999999934],[-41.173852600000004,-4.666942899999936],[-41.2503381,-4.75662739999997],[-41.2080154,-4.776768400000005],[-41.2418183999999,-4.822141699999936],[-41.2495738,-4.869690199999939],[-41.2281032,-4.890987799999975],[-41.22136660000001,-4.938229799999939],[-41.2037910999999,-4.94974929999993],[-41.1890091,-4.940619399999929],[-41.150922,-4.9921104999999235],[-41.1375224,-4.984967599999946],[-41.12018990000001,-5.021077899999953],[-41.13201919999991,-5.04857129999995],[-41.0970052,-5.053148499999972],[-41.0813031,-5.090072899999948],[-41.0538026999999,-5.103193799999938],[-41.0340009999999,-5.091064199999916],[-40.9824624,-5.153522699999969],[-40.9646309,-5.150083499999915],[-40.9256073999999,-5.176853399999952],[-40.922028,-5.226451099999982],[-40.9422302,-5.240474599999996],[-40.9117130999999,-5.26665349999993],[-40.92690759999991,-5.296966699999948],[-40.91212490000001,-5.314204099999918],[-40.936103199999906,-5.365967499999988],[-40.9115494,-5.407376599999941],[-40.9438034,-5.423586299999971],[-40.9161925,-5.4638214999999075],[-40.9364545999999,-5.526387999999964],[-40.9010522999999,-5.615909200000006],[-40.9112329,-5.6565587999999645],[-40.938769299999905,-5.673340599999935],[-40.9135413,-5.726746299999979],[-40.8975192999999,-5.9012973999999785],[-40.880216,-5.917667199999939],[-40.8736344,-5.966758099999957],[-40.9075475,-6.04466159999994],[-40.8728457999999,-6.056627599999945],[-40.845738499999996,-6.134994999999957],[-40.8522242,-6.224220499999967],[-40.7828633,-6.313374499999947],[-40.7796001,-6.346616299999963],[-40.80515469999991,-6.393131599999961],[-40.79212230000001,-6.512861099999934],[-40.745852,-6.565546799999959],[-40.7220025999999,-6.617682799999947],[-40.7314656,-6.656967999999972],[-40.710182800000005,-6.676129499999943],[-40.6491379999999,-6.678831099999947],[-40.6022070999999,-6.716011799999944],[-40.4769262999999,-6.732831699999956],[-40.4321666,-6.812977599999942],[-40.388790300000004,-6.796998699999948],[-40.370509799999994,-6.80307039999999],[-40.43017900000001,-6.867816199999961],[-40.4298702,-6.993343099999953],[-40.406249499999895,-7.005326599999896],[-40.43868459999991,-7.016459399999953],[-40.42771770000001,-7.033881099999971],[-40.4897392999999,-7.118690099999979],[-40.513561099999905,-7.23970329999996],[-40.5116313,-7.299430599999925],[-40.5415082,-7.332269099999948],[-40.5484637,-7.392691499999953],[-40.7012013999999,-7.456356299999931],[-40.71514100000001,-7.4814146999999664],[-40.695247799999905,-7.536807100000004],[-40.6367349999999,-7.608517199999954],[-40.62198970000001,-7.651359899999913],[-40.633758300000004,-7.696861799999983],[-40.6718643,-7.735605799999946],[-40.6735695,-7.761671899999929],[-40.6451665,-7.786798999999956],[-40.5590935,-7.814845999999942],[-40.538124,-7.8569372999999905],[-40.5442221,-7.964597099999951],[-40.6031232,-8.09533039999999],[-40.5896984,-8.138808299999937],[-40.601317900000005,-8.150170499999941],[-40.6339512,-8.139448799999958],[-40.6435660999999,-8.15753679999994],[-40.6664782,-8.161589399999986],[-40.7072558,-8.22349359999995],[-40.782481999999995,-8.253303999999941],[-40.7798797999999,-8.301932699999954],[-40.7927877,-8.320031299999938],[-40.8195092,-8.32190889999994],[-40.820098300000005,-8.363493499999944],[-40.8502121,-8.380528299999979],[-40.8699811,-8.358538699999935],[-40.893472300000006,-8.357310099999939],[-40.9015355,-8.421626999999932],[-40.925149,-8.446326099999961],[-40.9785449999999,-8.398650699999981],[-40.9999531999999,-8.400299599999936],[-41.007379799999995,-8.420929099999961],[-41.04371780000001,-8.43665669999996],[-41.0510985999999,-8.480473799999968],[-41.078927,-8.472503199999954],[-41.095584,-8.51853299999993],[-41.12673290000001,-8.541955899999937],[-41.14837679999991,-8.533029299999932],[-41.1687459,-8.583090599999908],[-41.2122884,-8.601820299999927],[-41.213542899999894,-8.64415549999995],[-41.287434,-8.660839099999988],[-41.3369168,-8.708357099999919],[-41.38125149999999,-8.707272399999983],[-41.4242667,-8.802555399999964],[-41.4346841,-8.799095999999933],[-41.5027347,-8.864065999999983],[-41.507437200000005,-8.892440899999926],[-41.5448531,-8.937954299999912],[-41.54452100000001,-8.96054909999999],[-41.565266799999996,-8.97032019999995],[-41.5700565999999,-8.955029499999942],[-41.6057946999999,-8.957403899999948],[-41.6289978,-8.984889999999941],[-41.669403900000006,-8.990079099999946],[-41.680453699999894,-9.012282299999999],[-41.7236030999999,-9.013540199999955],[-41.7351841,-9.09469979999994],[-41.80007030000001,-9.148026599999989],[-41.8379657999999,-9.242271999999954],[-41.87052059999999,-9.237431399999911],[-41.913856,-9.277076799999966],[-41.9722662,-9.248638099999916],[-41.9999053,-9.265972199999965],[-42.02467759999999,-9.249759699999982],[-42.13452610000001,-9.28721259999997],[-42.2384638999999,-9.285765199999945],[-42.268912699999895,-9.31044679999995],[-42.31694219999999,-9.317111799999951],[-42.35704900000001,-9.352564499999973],[-42.3595245999999,-9.377613199999917],[-42.4229865999999,-9.413692999999975],[-42.44058420499991,-9.456171184999953],[-42.4890688999999,-9.462037189999917],[-42.4930917999999,-9.494900399999953],[-42.58863190499991,-9.497350784999986],[-42.621720599999904,-9.541337499999948],[-42.67991740000001,-9.549149099999957],[-42.7198812,-9.53068839999998],[-42.716895300000004,-9.556278699999961],[-42.7577491,-9.589280299999936],[-42.7651681999999,-9.616749999999955],[-42.79979209999989,-9.622503099999978],[-42.8205528,-9.619230399999939],[-42.8371387,-9.550371899999968],[-42.873301299999994,-9.563867999999957],[-42.90401630000001,-9.52675419999996],[-42.9462488,-9.518413099999982],[-42.9621394,-9.469823599999923],[-42.957115299999906,-9.432412499999945],[-42.9734195999999,-9.40713449999991],[-43.0569432,-9.419135399999968],[-43.0607284,-9.395447999999934],[-43.079832199999906,-9.39910899999995],[-43.1196191999999,-9.371897999999945],[-43.1331640999999,-9.387282699999941],[-43.1586263999999,-9.377036499999978],[-43.191699,-9.420431299999954],[-43.21429010000001,-9.399648299999958],[-43.2787691999999,-9.424574699999917],[-43.3296134,-9.371816699999938],[-43.36132159999989,-9.364411899999949],[-43.4227493999999,-9.277611099999941],[-43.45178219999999,-9.26226289999992],[-43.4854582,-9.265286099999976],[-43.5311311,-9.304191799999977],[-43.5728237,-9.316245399999982],[-43.68575899999999,-9.41779379999998],[-43.769728799999896,-9.442051199999982],[-43.8504806,-9.549696299999951],[-43.8337741999999,-9.61999879999996],[-43.8419522,-9.63742759999997],[-43.797260299999905,-9.696497299999962],[-43.7849217999999,-9.762384999999945],[-43.693461,-9.805257699999975],[-43.653245,-9.839055299999933],[-43.67744849999999,-9.886527799999945],[-43.7090353,-9.913219499999979],[-43.6904539999999,-9.929499199999972],[-43.7029527,-9.966112499999925],[-43.66634390000001,-9.989540199999942],[-43.6621314,-10.009544199999901],[-43.6902815,-10.044635099999892],[-43.692914899999906,-10.077395399999897],[-43.766034499999904,-10.080057099999983],[-43.7790886,-10.180468399999894],[-43.8372651,-10.250068199999896],[-43.8382918999999,-10.304625999999901],[-43.9147933,-10.384154899999904],[-43.9162292999999,-10.426718700000011],[-43.972775,-10.432645500000007],[-44.0024467,-10.407548199999994],[-44.0235403999999,-10.408200399999902],[-44.03586670000001,-10.435425599999984],[-44.0258436999999,-10.475470699999978],[-44.0510103999999,-10.506238599999998],[-44.0721136999999,-10.579927699999883],[-44.1106215999999,-10.597195999999881],[-44.1491779,-10.643210800000013],[-44.2086475,-10.615324199999998],[-44.2640198,-10.624669999999993],[-44.3060988999999,-10.565535799999987],[-44.3368429,-10.54853579999999],[-44.398073699999905,-10.605878099999893],[-44.456311099999894,-10.608099700000004],[-44.5005052,-10.649701899999995],[-44.584904400000006,-10.629350900000006],[-44.6184759999999,-10.67106710000001],[-44.66662170000001,-10.682342199999896],[-44.6676846999999,-10.760056599999906],[-44.7460867999999,-10.777580299999995],[-44.75892569999999,-10.804846100000004],[-44.78806189999991,-10.808521599999889],[-44.8083291999999,-10.8661494999999],[-44.8442989,-10.9000328],[-44.85966260000001,-10.883179299999911]]]}},{"type":"Feature","properties":{"SIGLA_UF":"MS","NM_UF":"Mato Grosso do Sul","NM_REGIAO":"Centro-oeste"},"geometry":{"type":"Polygon","coordinates":[[[-54.99858929999991,-23.957589299999906],[-55.0623315,-23.9932886],[-55.1071716,-23.961947000000013],[-55.1380728999999,-23.986956999999993],[-55.1984203,-23.98669359999999],[-55.2290402,-24.013966599999907],[-55.3041757999999,-23.9650265999999],[-55.317721600000006,-23.9628938],[-55.3412155,-23.994574199999896],[-55.387599200000004,-23.96750069999999],[-55.402863099999905,-23.9741614],[-55.4463353,-23.916931499999986],[-55.4355666,-23.8723807],[-55.4538884999999,-23.81927039999989],[-55.43017960000001,-23.79014119999989],[-55.4472421,-23.760209599999893],[-55.4362573999999,-23.716760300000008],[-55.463467200000004,-23.7119673999999],[-55.4840103999999,-23.640266299999993],[-55.511093,-23.623249199999993],[-55.5398683999999,-23.625185999999903],[-55.526526999999994,-23.5673510999999],[-55.5621151999999,-23.476212700000005],[-55.544993700000006,-23.477277699999892],[-55.5446944,-23.449331699999995],[-55.5044806999999,-23.3784697999999],[-55.55591249999999,-23.316323100000005],[-55.553080300000005,-23.279532099999983],[-55.52265779999989,-23.25971299999999],[-55.54619639999999,-23.220196999999896],[-55.5232812,-23.197786999999902],[-55.543099399999996,-23.180787899999892],[-55.541885400000005,-23.156132399999898],[-55.5733963,-23.14334329999999],[-55.596781799999995,-23.152597699999905],[-55.5997335,-23.104159999999986],[-55.6173592,-23.0817246],[-55.6113185,-23.047664999999892],[-55.6393892999999,-23.0259091999999],[-55.621927399999905,-22.984494299999902],[-55.64758390000001,-22.949865399999997],[-55.6658547,-22.85246210000001],[-55.6523258,-22.79229479999999],[-55.6180333999999,-22.76753329999999],[-55.6144219,-22.655095299999992],[-55.631428899999904,-22.620573599999904],[-55.72364670000001,-22.551782300000003],[-55.7528429,-22.47475039999989],[-55.73391530000001,-22.441531699999896],[-55.74672159999991,-22.384058500000005],[-55.7910927,-22.388420699999994],[-55.8532630999999,-22.2803029999999],[-55.929120100000006,-22.278543600000003],[-55.9495481,-22.2931298],[-55.9836127999999,-22.2786775],[-56.0101566,-22.294630599999895],[-56.0607911,-22.2755506],[-56.09268070000001,-22.28564249999989],[-56.1178576999999,-22.270336299999894],[-56.1657326,-22.288307299999886],[-56.1932849999999,-22.271009700000004],[-56.2090750999999,-22.278206699999902],[-56.237459199999904,-22.236622499999996],[-56.31659960000001,-22.2183924999999],[-56.36475479999999,-22.169590599999896],[-56.3936558,-22.0744386],[-56.50658930000001,-22.09549079999991],[-56.5251807,-22.1208475999999],[-56.5192585,-22.140976599999895],[-56.5570521,-22.16909139999998],[-56.55631720000001,-22.196384099999896],[-56.59973759999999,-22.211350200000002],[-56.6268999,-22.2464113999999],[-56.64188599999991,-22.2439092],[-56.6368411,-22.263448299999894],[-56.6789775,-22.246465599999997],[-56.6824243999999,-22.2215012],[-56.7032788,-22.21705439999989],[-56.69403220000001,-22.228627599999996],[-56.7203919999999,-22.26488879999989],[-56.7468817,-22.23566690000001],[-56.7766559,-22.260488800000005],[-56.7936369,-22.242559899999904],[-56.8026856,-22.2835044999999],[-56.8423859,-22.301587799999904],[-56.8798581999999,-22.277703699999996],[-56.883484100000004,-22.247416999999896],[-56.905539599999905,-22.266627299999993],[-56.9268158,-22.249886099999987],[-56.9472109,-22.2561110999999],[-56.95909729999989,-22.237983999999994],[-56.9874526,-22.242637799999994],[-56.99671249999991,-22.2225174],[-57.04442399999991,-22.242706400000007],[-57.0594885,-22.229387499999998],[-57.0590147999999,-22.2418005],[-57.0828076999999,-22.251188299999995],[-57.1118132,-22.241585999999902],[-57.1098772,-22.2256106],[-57.1839201,-22.2363685999999],[-57.2014275999999,-22.2108645],[-57.2377612,-22.251280099999995],[-57.2925475,-22.2187423999999],[-57.3201582999999,-22.2456046999999],[-57.33499879999991,-22.229185099999885],[-57.374726100000004,-22.231758399999897],[-57.37786629999991,-22.21293319999999],[-57.40770819999991,-22.197686099999896],[-57.4892612,-22.191412799999995],[-57.5227070999999,-22.168474699999905],[-57.5435886,-22.181703099999897],[-57.5807662999999,-22.175337],[-57.58448009999999,-22.1407416],[-57.612854299999995,-22.123876299999896],[-57.612594800000004,-22.0945613],[-57.6523905999999,-22.107096899999892],[-57.706925500000004,-22.0910507],[-57.716930700000006,-22.11379059999999],[-57.73759770000001,-22.102670299999907],[-57.73900450000001,-22.134769699999904],[-57.77927349999991,-22.125174500000004],[-57.80103479999999,-22.1508666],[-57.82902970000001,-22.12019059999991],[-57.866125800000006,-22.136043700000002],[-57.9297197,-22.120271900000002],[-57.9216818,-22.10843369999999],[-57.9419989,-22.0829156999999],[-57.9950722,-22.08870869999991],[-57.984307999999906,-22.063688100000007],[-58.00838359999991,-22.0341458999999],[-57.964736800000004,-22.0010872],[-57.93699530000001,-21.9279205999999],[-57.947985,-21.9003903],[-57.9141346,-21.885090999999896],[-57.9716359999999,-21.848380300000006],[-57.93110929999991,-21.8245889999999],[-57.9084931,-21.773968599999897],[-57.947424500000004,-21.7459547],[-57.8832335,-21.689067399999892],[-57.933448600000006,-21.65160919999989],[-57.9422158,-21.62089960000001],[-57.914026,-21.590476699999996],[-57.96161620000001,-21.562443499999997],[-57.9676827,-21.521477899999994],[-57.93231310000001,-21.48025419999989],[-57.8967428,-21.3835478999999],[-57.8536956999999,-21.332109899999992],[-57.85473580000001,-21.31687179999989],[-57.8949626,-21.3071725],[-57.921686,-21.28005189999989],[-57.8530213999999,-21.227131600000007],[-57.8649890999999,-21.136336099999898],[-57.8458909,-21.09692819999999],[-57.868195500000006,-21.041875400000002],[-57.817529500000006,-20.9805825],[-57.81876909999989,-20.94525959999991],[-57.82871859999991,-20.93387889999999],[-57.8636023999999,-20.9488494999999],[-57.88653109999999,-20.908646500000007],[-57.9281132,-20.90018409999991],[-57.85789640000001,-20.850928000000003],[-57.854733,-20.8357377999999],[-57.8932904,-20.7907824],[-57.96176530000001,-20.792624299999908],[-57.9341542999999,-20.745954499999996],[-57.8680031,-20.7494101],[-57.870173,-20.725470599999902],[-57.923118900000006,-20.664533800000005],[-57.958246700000004,-20.704898199999896],[-57.9878879999999,-20.699551599999896],[-57.97038599999999,-20.6441917999999],[-58.01263790000001,-20.612611500000003],[-57.9971829,-20.572371400000005],[-58.020175499999894,-20.509762999999996],[-57.99813820000001,-20.436973700000003],[-58.0218427999999,-20.40192469999989],[-58.0671894,-20.39112639999999],[-58.084017699999904,-20.372166299999908],[-58.103050499999895,-20.321168800000006],[-58.0966498,-20.25392499999999],[-58.1195235,-20.249581599999896],[-58.1445502999999,-20.2717774],[-58.159397000000006,-20.263848400000004],[-58.1635676,-20.2273263],[-58.1218461999999,-20.194392600000004],[-58.16864139999999,-20.165782599999904],[-58.1167546,-20.146652899999907],[-58.0922212,-20.108314599999996],[-58.048065199999904,-20.1054156],[-58.03213039999999,-20.063133099999998],[-57.9789814,-20.055461499999996],[-57.95811619999989,-20.023049500000003],[-57.933849099999996,-20.020367399999888],[-57.9036163,-20.043263799999995],[-57.8590991,-19.97174689999999],[-58.13138299999999,-19.7593613],[-57.78329200000001,-19.03506869999999],[-57.710446299999894,-19.0346623999999],[-57.6921874,-19.010271199999995],[-57.719240899999896,-18.978135399999896],[-57.71971130000001,-18.899464099999907],[-57.7666894,-18.899467699999896],[-57.55828419999991,-18.2406698999999],[-57.4538196,-18.230753699999998],[-57.574130000000004,-18.131602200000007],[-57.6003827,-18.042673599999905],[-57.72143109999999,-17.828987500000007],[-57.68399129999991,-17.828991899999895],[-57.6840139,-17.8090493],[-57.7193078,-17.773083399999994],[-57.71129949999991,-17.728661499999905],[-57.775887899999994,-17.658017500000007],[-57.772557199999895,-17.613596299999895],[-57.784547800000006,-17.609546899999902],[-57.7746081999999,-17.59937939999999],[-57.78744900000001,-17.594339499999887],[-57.77669430000001,-17.5867489999999],[-57.7911829,-17.587318699999994],[-57.7810856,-17.577905100000002],[-57.80037739999991,-17.559524800000005],[-57.753574199999896,-17.567161999999893],[-57.73097030000001,-17.529848299999998],[-57.71213899999999,-17.543133799999993],[-57.69689040000001,-17.620642799999914],[-57.66883769999999,-17.6719065],[-57.68461310000001,-17.716481499999887],[-57.66355420000001,-17.729853799999905],[-57.64030389999989,-17.717359299999895],[-57.60095050000001,-17.775290699999992],[-57.61258320000001,-17.779411200000002],[-57.60588380000001,-17.802339399999898],[-57.5763315,-17.800528399999997],[-57.51911100000001,-17.8616577],[-57.4775858,-17.859053300000006],[-57.477668999999906,-17.878882099999913],[-57.4538878,-17.902752699999994],[-57.4467253,-17.874504100000003],[-57.3985211,-17.83936679999989],[-57.3856863999999,-17.844272900000007],[-57.3764978,-17.825763600000016],[-57.3534564,-17.83785839999999],[-57.3080841,-17.810807300000004],[-57.28333039999999,-17.822694],[-57.283772899999995,-17.812912799999904],[-57.2326331,-17.81238410000001],[-57.25202369999991,-17.793455999999885],[-57.1467441,-17.76750509999991],[-57.1156078,-17.781086299999995],[-57.07391210000001,-17.7354635],[-57.0449146,-17.7303213],[-57.0333769,-17.6947412],[-56.98821910000001,-17.659289999999885],[-56.95910789999991,-17.612838899999904],[-56.9814110999999,-17.611015500000004],[-56.98235569999999,-17.580232999999993],[-56.9095763,-17.532546399999905],[-56.87596749999991,-17.532972199999993],[-56.8619646,-17.483906900000004],[-56.8254125,-17.458891700000002],[-56.8409099,-17.442008600000005],[-56.8197009,-17.431691800000003],[-56.84201799999989,-17.418189299999906],[-56.829742800000005,-17.3913257999999],[-56.787862100000005,-17.389544900000008],[-56.7867492999999,-17.37050489999999],[-56.7628761999999,-17.36063920000001],[-56.7688745,-17.34085869999999],[-56.7338541999999,-17.309860199999907],[-56.69298919999991,-17.317483],[-56.6959100999999,-17.326938799999912],[-56.6831814,-17.3165663999999],[-56.663575,-17.338829699999998],[-56.656711300000005,-17.3214414999999],[-56.6454628,-17.339347700000012],[-56.6474378999999,-17.31698709999989],[-56.6304387,-17.334201],[-56.625018299999994,-17.322085499999996],[-56.59589229999991,-17.33254439999999],[-56.57656990000001,-17.3310549],[-56.5711628,-17.3153017],[-56.5271804,-17.3211575999999],[-56.501768799999994,-17.28632539999999],[-56.46396239999999,-17.315667599999895],[-56.4523737,-17.310175599999983],[-56.44233100000001,-17.3312821],[-56.35667949999999,-17.267049900000004],[-56.33587359999999,-17.289948499999998],[-56.313541,-17.2694291],[-56.2978497999999,-17.2765881],[-56.28170610000001,-17.263434199999903],[-56.2854023,-17.247418499999988],[-56.25654810000001,-17.2437917999999],[-56.2513448,-17.2190231],[-56.2087655999999,-17.2272692],[-56.213015,-17.2106143],[-56.189149500000006,-17.21036830000001],[-56.18543199999989,-17.18923260000001],[-56.13987000000001,-17.1911918],[-56.11395470000001,-17.166630599999998],[-56.0616803999999,-17.170710900000003],[-56.05098420000001,-17.186948200000003],[-56.044119300000006,-17.171395099999895],[-56.0055101999999,-17.20419679999999],[-56.0209846,-17.21364239999999],[-56.00862759999999,-17.214190399999907],[-56.0107854,-17.2390432999999],[-55.9887363999999,-17.2415164999999],[-55.9869583,-17.258480299999988],[-55.9808136999999,-17.246699999999997],[-55.9519243999999,-17.250198399999892],[-55.9413140999999,-17.277883899999885],[-55.926340499999995,-17.257859899999996],[-55.88653790000001,-17.263899099999904],[-55.9019263,-17.273400799999887],[-55.88656219999999,-17.284764699999993],[-55.8748110999999,-17.2686348999999],[-55.84192019999989,-17.301232299999988],[-55.8274547999999,-17.288372200000005],[-55.8280394,-17.306603999999897],[-55.8044035,-17.299426299999904],[-55.7876444999999,-17.328645799999904],[-55.7612066,-17.32353199999989],[-55.7215605,-17.3494956],[-55.709097500000006,-17.3376157],[-55.70134680000001,-17.3541294999999],[-55.6932285999999,-17.33989019999999],[-55.66810509999989,-17.350687100000002],[-55.6565672999999,-17.3382621],[-55.6445902,-17.359221499999904],[-55.6400300999999,-17.339717899999993],[-55.6263398,-17.364029699999907],[-55.5856090999999,-17.3736172],[-55.5870628,-17.4217067],[-55.575339,-17.4187999],[-55.5748727,-17.434665999999897],[-55.52408930000001,-17.481176499999897],[-55.4726421,-17.481356399999996],[-55.4437374,-17.511776100000002],[-55.382335,-17.525475899999908],[-55.3771133,-17.515042599999994],[-55.3506728,-17.548558399999905],[-55.2944231,-17.541725999999912],[-55.2895617999999,-17.5603126999999],[-55.2692011999999,-17.556774699999913],[-55.2214997,-17.617099299999897],[-55.1838951999999,-17.619805399999994],[-55.1706139999999,-17.64083399999989],[-55.1272559999999,-17.65272229999991],[-55.1087577,-17.628660399999905],[-55.0638152999999,-17.64245989999988],[-55.0107532,-17.6293403],[-54.9918340999999,-17.63839919999999],[-54.9742755,-17.617047399999908],[-54.9434244,-17.609028399999893],[-54.8608637999999,-17.623853499999903],[-54.7587809,-17.565696399999986],[-54.7469129999999,-17.5199421999999],[-54.718804505,-17.51836468999991],[-54.699722890000004,-17.49738058999999],[-54.6846928099999,-17.507172689999898],[-54.654996610000005,-17.490159689999906],[-54.61733621,-17.490423899999904],[-54.5816627949999,-17.468006994999897],[-54.554188414999906,-17.488668414999896],[-54.53633201,-17.477585210000004],[-54.4813091949999,-17.487664794999905],[-54.46691488999989,-17.529074214999998],[-54.4214724,-17.5364954999999],[-54.382941005,-17.571532999999903],[-54.374416799999906,-17.6085775],[-54.3866897999999,-17.6353635],[-54.3355849,-17.661723099999996],[-54.2745495999999,-17.654048200000005],[-54.1788328,-17.602851100000002],[-54.08469250000001,-17.619034800000005],[-54.051632995,-17.562770109999988],[-54.05807712,-17.5131292999999],[-54.0376378,-17.48644881],[-53.9522467099999,-17.459337409999893],[-53.8784388,-17.3751986199999],[-53.83132331000001,-17.3550203799999],[-53.820072710000005,-17.294615720000003],[-53.78571332,-17.28751511000001],[-53.7590783799999,-17.24314247],[-53.70514499,-17.22815380000001],[-53.68007491,-17.2535696799999],[-53.70460750000001,-17.663509502999894],[-53.8002415999999,-17.6707893],[-53.85590909999999,-17.702717199999906],[-53.95443710000001,-17.868616299999896],[-53.9489149,-17.923423800000005],[-53.89855060000001,-17.90880240000001],[-53.8600552999999,-17.921159299999896],[-53.77421720000001,-18.000770099999993],[-53.7338219,-17.995334899999897],[-53.692187700000005,-18.013676499999995],[-53.661245400000006,-17.977512299999898],[-53.6161304,-17.976188699999994],[-53.5895447,-18.012611599999996],[-53.5572372999999,-18.00565499999989],[-53.5564907999999,-18.01643089999991],[-53.4860712,-18.0404002999999],[-53.4678502,-18.034893100000016],[-53.4390172999999,-17.983926599999993],[-53.3807712,-18.008757199999906],[-53.2991741,-17.995482099999904],[-53.2415444,-18.004709799999898],[-53.1767934,-18.04158069999989],[-53.072277500000006,-18.0339753],[-53.0786287999999,-18.05302950000001],[-53.1236517,-18.0588283],[-53.1432399999999,-18.081836699999897],[-53.09965570000001,-18.31361909999999],[-53.06993579999989,-18.342879799999896],[-53.0278517,-18.351596000000008],[-52.984096300000004,-18.307326399999994],[-52.9352301,-18.296554299999997],[-52.8732067,-18.314833500000006],[-52.80528710000001,-18.313454099999905],[-52.759319600000005,-18.348070899999993],[-52.7619015999999,-18.371310599999983],[-52.7985126,-18.414861299999895],[-52.8732937,-18.42679159999989],[-52.8809573,-18.46549270000001],[-52.9623513999999,-18.54081969999989],[-52.9398710999999,-18.61326259999988],[-52.9143222,-18.6198196],[-52.9167596,-18.640294599999898],[-52.74601499999991,-18.6924069],[-52.6839438,-18.677612199999896],[-52.632411999999896,-18.695589799999908],[-52.5924406,-18.689020499999998],[-52.5464904,-18.656596999999984],[-52.454128000000004,-18.688404599999984],[-52.40969390000001,-18.75486439999999],[-52.3334929,-18.8293341999999],[-52.3051407,-18.840439800000006],[-52.2632303,-18.828224399999986],[-52.183087400000005,-18.84763529999999],[-52.1530346,-18.891675599999903],[-52.1108063999999,-18.898701799999994],[-52.1057926999999,-18.9259297999999],[-52.0799944,-18.950849199999904],[-52.0436391,-18.95068779999999],[-52.0175877999999,-18.964273100000003],[-52.0155516999999,-18.98263729999999],[-52.000281099999896,-18.967439699999893],[-51.9771368,-18.981724699999994],[-51.96878650000001,-18.96706130000001],[-51.9509942999999,-18.9811377],[-51.9400077,-18.968472000000006],[-51.8967809,-18.99470199999999],[-51.8576816,-19.05053129999989],[-51.8421696,-19.042421200000003],[-51.84327599999991,-19.056449499999903],[-51.8168818,-19.054720799999895],[-51.7910823999999,-19.079831199999898],[-51.74445380000001,-19.086048299999995],[-51.7418615,-19.100569999999905],[-51.711651100000005,-19.103038899999888],[-51.6576504999999,-19.137741699999903],[-51.638386000000004,-19.1263665],[-51.6084347,-19.14099970000001],[-51.5767724,-19.126189899999904],[-51.5017374999999,-19.147019999999888],[-51.4976478999999,-19.161401100000006],[-51.47407319999999,-19.1537129],[-51.45851459999991,-19.167777599999994],[-51.4205107999999,-19.16606499999991],[-51.39832059999999,-19.194777400000007],[-51.3701184,-19.19958709999999],[-51.3691345999999,-19.221412899999997],[-51.3070969,-19.218081499999986],[-51.306805399999995,-19.239127499999896],[-51.251297300000004,-19.273700000000005],[-51.2035283,-19.260546200000004],[-51.1802087,-19.2829186],[-51.0885330999999,-19.307732200000014],[-51.045537399999894,-19.3433676],[-51.02050519999991,-19.38228229999989],[-51.025752100000005,-19.398715399999997],[-51.0053473999999,-19.40082870000001],[-51.001448700000005,-19.415330699999995],[-50.9886228,-19.407933999999994],[-50.9853022,-19.4313827999999],[-50.9359084,-19.460643999999895],[-50.9623784999999,-19.4818956999999],[-50.962946200000005,-19.5005788],[-50.930881299999996,-19.5422439],[-50.9243946,-19.580884599999898],[-50.93757899999999,-19.592270599999893],[-50.961802199999994,-19.581739799999994],[-50.9875546,-19.5895075999999],[-51.045944399999904,-19.729050899999898],[-51.0279017,-19.7565754],[-51.0400764,-19.78225430000001],[-50.999471299999996,-19.906375499999992],[-51.0211489,-19.964028299999907],[-51.0048070999999,-19.999217099999996],[-51.0178883999999,-20.04839249999999],[-51.0004749999999,-20.085384400000002],[-51.0589327,-20.235160699999902],[-51.1369683,-20.29746219999989],[-51.2956844999999,-20.328482099999988],[-51.3427053999999,-20.354660099999894],[-51.4092795999999,-20.4595705999999],[-51.46378270000001,-20.5014527],[-51.500222300000004,-20.568216299999985],[-51.5941481999999,-20.6438477],[-51.6348991999999,-20.754848399999997],[-51.6223984,-20.776871999999997],[-51.62970150000001,-20.861452899999993],[-51.6134777,-20.890078399999894],[-51.6235872999999,-20.944432899999992],[-51.6657334,-20.97052039999991],[-51.72223039999991,-20.976767999999904],[-51.768482299999995,-21.036522099999996],[-51.78967089999999,-21.102119499999997],[-51.82359,-21.12683980000001],[-51.8758619,-21.1361474],[-51.87957370000001,-21.199430699999898],[-51.84851450000001,-21.266638400000005],[-51.8652610999999,-21.348942500000003],[-51.9075357,-21.386455799999997],[-51.92868179999989,-21.455816099999904],[-51.96790328499999,-21.501762094999897],[-52.0003675949999,-21.516626494999986],[-52.062041705000006,-21.503268504999895],[-52.0777894,-21.515222494999893],[-52.10340189,-21.564557209999997],[-52.05209230500001,-21.63659419],[-52.0558253999999,-21.677158799999997],[-52.1028651999999,-21.745291199999894],[-52.1612618,-21.770773699999886],[-52.1905614,-21.846144699999996],[-52.30148469999989,-21.942168599999903],[-52.3454348,-22.061975399999906],[-52.4081882999999,-22.1416351999999],[-52.4877142999999,-22.217206],[-52.69513409999999,-22.314610599999995],[-52.7983308999999,-22.378273400000005],[-52.8578426999999,-22.441482699999895],[-52.9882459,-22.486878299999894],[-53.0143611999999,-22.520665799999996],[-53.0580024,-22.536929999999895],[-53.1078623,-22.595511499999905],[-53.1051871999999,-22.621929599999902],[-53.19352760000001,-22.725346799999993],[-53.3595079,-22.779556499999995],[-53.37753219999999,-22.8032340999999],[-53.541883199999994,-22.8861916],[-53.5707710999999,-22.928491299999994],[-53.602589,-22.9461216999999],[-53.63458719999989,-23.00074770000001],[-53.6365886999999,-23.125030799999905],[-53.7413238,-23.335638399999894],[-53.77548790000001,-23.375131399999894],[-53.9320549999999,-23.445948799999904],[-53.9636852,-23.443999],[-53.98659669999999,-23.464793600000004],[-54.0526388,-23.7250675999999],[-54.0804586,-23.7808970999999],[-54.08045800000001,-23.891253199999895],[-54.101764999999894,-23.951963499999994],[-54.1326548,-23.984192299999997],[-54.28933059999999,-24.068371299999995],[-54.32418799999989,-24.003822199999902],[-54.351957,-24.0076726],[-54.38378879999989,-23.986786199999997],[-54.4401395,-23.904276099999898],[-54.4873166,-23.903680500000004],[-54.4930047,-23.885155100000006],[-54.53890150000001,-23.86909780000001],[-54.56858079999989,-23.874467],[-54.5643949,-23.854213499999997],[-54.58416789999999,-23.837027899999995],[-54.6097366,-23.851376399999904],[-54.6165884,-23.8350204999999],[-54.6467747999999,-23.833763099999896],[-54.66947209999999,-23.812504799999893],[-54.705183399999996,-23.86460629999989],[-54.7452924999999,-23.868708399999893],[-54.75910950000001,-23.856741099999994],[-54.8143204,-23.89042769999999],[-54.8363204999999,-23.88391640000001],[-54.8499082,-23.908224399999888],[-54.8851157,-23.89699899999991],[-54.9268771,-23.924814],[-54.9270797,-23.961828799999992],[-54.99858929999991,-23.957589299999906]]]}},{"type":"Feature","properties":{"SIGLA_UF":"MT","NM_UF":"Mato Grosso","NM_REGIAO":"Centro-oeste"},"geometry":{"type":"Polygon","coordinates":[[[-53.2332514999999,-17.713484499999893],[-53.1973449,-17.729242999999908],[-53.1599078,-17.7734637],[-53.1316128,-17.835526300000005],[-53.126567699999995,-17.915421099999907],[-53.0875603,-17.943523700000004],[-53.06474939999999,-17.984536600000002],[-53.072277500000006,-18.0339753],[-53.1767934,-18.04158069999989],[-53.2415444,-18.004709799999898],[-53.2991741,-17.995482099999904],[-53.3807712,-18.008757199999906],[-53.4390172999999,-17.983926599999993],[-53.4678502,-18.034893100000016],[-53.4860712,-18.0404002999999],[-53.5564907999999,-18.01643089999991],[-53.5572372999999,-18.00565499999989],[-53.5895447,-18.012611599999996],[-53.6161304,-17.976188699999994],[-53.661245400000006,-17.977512299999898],[-53.692187700000005,-18.013676499999995],[-53.7338219,-17.995334899999897],[-53.77421720000001,-18.000770099999993],[-53.8600552999999,-17.921159299999896],[-53.89855060000001,-17.90880240000001],[-53.9489149,-17.923423800000005],[-53.95443710000001,-17.868616299999896],[-53.85590909999999,-17.702717199999906],[-53.8002415999999,-17.6707893],[-53.70460750000001,-17.663509502999894],[-53.68007491,-17.2535696799999],[-53.70514499,-17.22815380000001],[-53.7590783799999,-17.24314247],[-53.78571332,-17.28751511000001],[-53.820072710000005,-17.294615720000003],[-53.83132331000001,-17.3550203799999],[-53.8784388,-17.3751986199999],[-53.9522467099999,-17.459337409999893],[-54.0376378,-17.48644881],[-54.05807712,-17.5131292999999],[-54.051632995,-17.562770109999988],[-54.08469250000001,-17.619034800000005],[-54.1788328,-17.602851100000002],[-54.2745495999999,-17.654048200000005],[-54.3355849,-17.661723099999996],[-54.3866897999999,-17.6353635],[-54.374416799999906,-17.6085775],[-54.382941005,-17.571532999999903],[-54.4214724,-17.5364954999999],[-54.46691488999989,-17.529074214999998],[-54.4813091949999,-17.487664794999905],[-54.53633201,-17.477585210000004],[-54.554188414999906,-17.488668414999896],[-54.5816627949999,-17.468006994999897],[-54.61733621,-17.490423899999904],[-54.654996610000005,-17.490159689999906],[-54.6846928099999,-17.507172689999898],[-54.699722890000004,-17.49738058999999],[-54.718804505,-17.51836468999991],[-54.7469129999999,-17.5199421999999],[-54.7587809,-17.565696399999986],[-54.8608637999999,-17.623853499999903],[-54.9434244,-17.609028399999893],[-54.9742755,-17.617047399999908],[-54.9918340999999,-17.63839919999999],[-55.0107532,-17.6293403],[-55.0638152999999,-17.64245989999988],[-55.1087577,-17.628660399999905],[-55.1272559999999,-17.65272229999991],[-55.1706139999999,-17.64083399999989],[-55.1838951999999,-17.619805399999994],[-55.2214997,-17.617099299999897],[-55.2692011999999,-17.556774699999913],[-55.2895617999999,-17.5603126999999],[-55.2944231,-17.541725999999912],[-55.3506728,-17.548558399999905],[-55.3771133,-17.515042599999994],[-55.382335,-17.525475899999908],[-55.4437374,-17.511776100000002],[-55.4726421,-17.481356399999996],[-55.52408930000001,-17.481176499999897],[-55.5748727,-17.434665999999897],[-55.575339,-17.4187999],[-55.5870628,-17.4217067],[-55.5856090999999,-17.3736172],[-55.6263398,-17.364029699999907],[-55.6400300999999,-17.339717899999993],[-55.6445902,-17.359221499999904],[-55.6565672999999,-17.3382621],[-55.66810509999989,-17.350687100000002],[-55.6932285999999,-17.33989019999999],[-55.70134680000001,-17.3541294999999],[-55.709097500000006,-17.3376157],[-55.7215605,-17.3494956],[-55.7612066,-17.32353199999989],[-55.7876444999999,-17.328645799999904],[-55.8044035,-17.299426299999904],[-55.8280394,-17.306603999999897],[-55.8274547999999,-17.288372200000005],[-55.84192019999989,-17.301232299999988],[-55.8748110999999,-17.2686348999999],[-55.88656219999999,-17.284764699999993],[-55.9019263,-17.273400799999887],[-55.88653790000001,-17.263899099999904],[-55.926340499999995,-17.257859899999996],[-55.9413140999999,-17.277883899999885],[-55.9519243999999,-17.250198399999892],[-55.9808136999999,-17.246699999999997],[-55.9869583,-17.258480299999988],[-55.9887363999999,-17.2415164999999],[-56.0107854,-17.2390432999999],[-56.00862759999999,-17.214190399999907],[-56.0209846,-17.21364239999999],[-56.0055101999999,-17.20419679999999],[-56.044119300000006,-17.171395099999895],[-56.05098420000001,-17.186948200000003],[-56.0616803999999,-17.170710900000003],[-56.1123441,-17.166348599999907],[-56.13987000000001,-17.1911918],[-56.18543199999989,-17.18923260000001],[-56.189149500000006,-17.21036830000001],[-56.213015,-17.2106143],[-56.2087655999999,-17.2272692],[-56.2513448,-17.2190231],[-56.25654810000001,-17.2437917999999],[-56.2854023,-17.247418499999988],[-56.28170610000001,-17.263434199999903],[-56.2978497999999,-17.2765881],[-56.313541,-17.2694291],[-56.33587359999999,-17.289948499999998],[-56.35667949999999,-17.267049900000004],[-56.44233100000001,-17.3312821],[-56.4523737,-17.310175599999983],[-56.46396239999999,-17.315667599999895],[-56.501768799999994,-17.28632539999999],[-56.5271804,-17.3211575999999],[-56.5711628,-17.3153017],[-56.57656990000001,-17.3310549],[-56.59589229999991,-17.33254439999999],[-56.625018299999994,-17.322085499999996],[-56.6304387,-17.334201],[-56.6474378999999,-17.31698709999989],[-56.6454628,-17.339347700000012],[-56.656711300000005,-17.3214414999999],[-56.663575,-17.338829699999998],[-56.6831814,-17.3165663999999],[-56.6959100999999,-17.326938799999912],[-56.69298919999991,-17.317483],[-56.7338541999999,-17.309860199999907],[-56.7688745,-17.34085869999999],[-56.7628761999999,-17.36063920000001],[-56.7867492999999,-17.37050489999999],[-56.787862100000005,-17.389544900000008],[-56.829742800000005,-17.3913257999999],[-56.84201799999989,-17.418189299999906],[-56.8197009,-17.431691800000003],[-56.8409099,-17.442008600000005],[-56.8254125,-17.458891700000002],[-56.8619646,-17.483906900000004],[-56.87596749999991,-17.532972199999993],[-56.9095763,-17.532546399999905],[-56.98235569999999,-17.580232999999993],[-56.9814110999999,-17.611015500000004],[-56.95910789999991,-17.612838899999904],[-56.98821910000001,-17.659289999999885],[-57.0333769,-17.6947412],[-57.0449146,-17.7303213],[-57.07391210000001,-17.7354635],[-57.1156078,-17.781086299999995],[-57.1467441,-17.76750509999991],[-57.25202369999991,-17.793455999999885],[-57.2326331,-17.81238410000001],[-57.283772899999995,-17.812912799999904],[-57.28333039999999,-17.822694],[-57.3080841,-17.810807300000004],[-57.3534564,-17.83785839999999],[-57.3764978,-17.825763600000016],[-57.3856863999999,-17.844272900000007],[-57.3985211,-17.83936679999989],[-57.4467253,-17.874504100000003],[-57.4538878,-17.902752699999994],[-57.477668999999906,-17.878882099999913],[-57.4775858,-17.859053300000006],[-57.51911100000001,-17.8616577],[-57.5763315,-17.800528399999997],[-57.60588380000001,-17.802339399999898],[-57.61258320000001,-17.779411200000002],[-57.60095050000001,-17.775290699999992],[-57.64030389999989,-17.717359299999895],[-57.66355420000001,-17.729853799999905],[-57.68461310000001,-17.716481499999887],[-57.66883769999999,-17.6719065],[-57.72503149999991,-17.531012400000016],[-57.7522946999999,-17.564463100000015],[-57.88344210000001,-17.449541999999987],[-57.992973600000006,-17.5150583],[-58.0433869,-17.492668399999996],[-58.0601442,-17.450720999999895],[-58.0892817,-17.46113599999999],[-58.118390599999906,-17.450374600000004],[-58.1228699,-17.4146830999999],[-58.1454783999999,-17.41366819999999],[-58.1515816,-17.3846505999999],[-58.190480900000004,-17.3898101999999],[-58.20220210000001,-17.357033599999998],[-58.2645176999999,-17.3450889],[-58.278321499999905,-17.299775599999997],[-58.3000924,-17.298557899999906],[-58.2941926999999,-17.285303699999886],[-58.366072300000006,-17.213722099999895],[-58.36570569999999,-17.199020399999885],[-58.39894179999991,-17.183984100000014],[-58.3940492,-17.015022999999893],[-58.41696350000001,-16.981781699999907],[-58.444735900000005,-16.983810999999896],[-58.46314280000001,-16.96199889999999],[-58.458751400000004,-16.93824260000001],[-58.47681299999991,-16.936665399999992],[-58.476756300000005,-16.9131593],[-58.4605127,-16.901382699999907],[-58.45821779999991,-16.826595800000003],[-58.4786357,-16.8141863999999],[-58.4595022,-16.78638329999999],[-58.4716637,-16.708165899999905],[-58.43618259999991,-16.59294720000001],[-58.3694639999999,-16.543983299999994],[-58.3342233,-16.490307899999898],[-58.3565194999999,-16.427264000000015],[-58.34437150000001,-16.39039749999991],[-58.3073123,-16.3707466],[-58.3040225,-16.309148999999895],[-58.3221654,-16.266352599999905],[-58.3659125,-16.273716500000003],[-58.38865860000001,-16.261394199999888],[-58.39433039999991,-16.296097099999898],[-58.43064869999991,-16.32267849999991],[-59.4728461,-16.279428100000008],[-60.174060999999895,-16.266918500000006],[-60.2395493,-15.474550099999902],[-60.5757043,-15.097522499999997],[-60.24496129999989,-15.097484100000006],[-60.273275199999894,-14.621044599999907],[-60.3230925,-14.610469899999915],[-60.33958340000001,-14.510369500000008],[-60.40769900000001,-14.413744199999902],[-60.3954474,-14.365044899999887],[-60.4110252,-14.368753],[-60.405863599999996,-14.356175300000006],[-60.4246464,-14.352448500000007],[-60.454106399999894,-14.3133177],[-60.4671314,-14.265149399999888],[-60.449746100000006,-14.240757899999917],[-60.4658828999999,-14.234049699999984],[-60.4730754999999,-14.191266700000016],[-60.49305089999999,-14.188210699999999],[-60.4752369999999,-14.159868799999991],[-60.48055699999999,-14.095805999999987],[-60.4408718,-14.078350799999999],[-60.4054024,-14.030635699999904],[-60.40457789999991,-13.998115099999907],[-60.3816289,-13.987627400000012],[-60.41554229999999,-13.980372699999991],[-60.4276045,-13.962596099999896],[-60.41006399999999,-13.949875500000012],[-60.41884670000001,-13.937192099999917],[-60.450896699999994,-13.936446799999905],[-60.451045799999996,-13.884048699999914],[-60.475977699999994,-13.88628469999999],[-60.4574185,-13.853302999999903],[-60.4927481,-13.855986299999907],[-60.4690459999999,-13.833234499999888],[-60.490232499999905,-13.822669099999898],[-60.4668099,-13.819538699999994],[-60.47899639999999,-13.805507499999981],[-60.4672906,-13.795730499999907],[-60.52851019999999,-13.791846599999884],[-60.5229843,-13.768905800000002],[-60.5481781999999,-13.770325999999987],[-60.55015349999999,-13.781678999999906],[-60.57476100000001,-13.747435299999916],[-60.6044315,-13.74795829999989],[-60.6235162,-13.719535100000014],[-60.6563169,-13.738342299999893],[-60.6900421,-13.699387399999992],[-60.69715510000001,-13.7149645],[-60.717011,-13.685112499999908],[-60.6970147,-13.666498599999994],[-60.6860379,-13.625227399999998],[-60.6411777,-13.596539299999998],[-60.63219919999991,-13.571703699999897],[-60.5776508,-13.565227699999978],[-60.51094859999989,-13.503596599999982],[-60.432005800000006,-13.488435400000013],[-60.38403279999991,-13.449229199999893],[-60.36497130000001,-13.299942699999997],[-60.325639499999994,-13.253262999999892],[-60.3038367999999,-13.178369799999903],[-60.2685051999999,-13.144971099999996],[-60.280621700000005,-13.135615499999995],[-60.28299159999991,-13.080552299999981],[-60.2152922,-13.026980699999998],[-60.1892776,-12.971142999999914],[-60.1171653,-12.959555599999911],[-60.08128260000001,-12.889304900000004],[-60.08281759999989,-12.852636000000007],[-60.0587058999999,-12.786210999999978],[-60.075058299999995,-12.733232699999997],[-60.05573029999991,-12.703617600000003],[-60.064964,-12.670820199999994],[-60.045798299999895,-12.661508599999893],[-60.04537849999999,-12.641710599999977],[-60.00332050000001,-12.59233720000001],[-59.9815738999999,-12.592138499999995],[-59.972731699999905,-12.609940100000012],[-59.9294389,-12.579617200000001],[-59.8960537,-12.536444600000024],[-59.8981783999999,-12.501642899999998],[-59.8441599999999,-12.467172900000007],[-59.8425487,-12.4248489999999],[-59.81925590000001,-12.378748199999997],[-59.7743574,-12.340955899999907],[-59.892331,-12.245453899999989],[-59.9108107,-12.186456599999897],[-59.89980380000001,-12.117222700000005],[-59.97935840000001,-12.029549799999895],[-59.96658310000001,-12.007162499999907],[-59.9795812999999,-11.991286799999994],[-59.97135810000001,-11.969945599999999],[-59.9869914,-11.960089799999915],[-59.985798900000006,-11.912080300000008],[-60.0120795,-11.893040499999893],[-60.06052270000001,-11.895001199999992],[-60.1087755999999,-11.839579199999918],[-60.09583039999999,-11.799789099999893],[-60.10849840000001,-11.793118600000007],[-60.10108840000001,-11.780621099999996],[-60.1216618,-11.712103799999996],[-60.1141383999999,-11.587493100000001],[-60.094443,-11.585880799999893],[-60.0907809,-11.554880500000012],[-60.057469499999996,-11.542096000000013],[-60.0267241,-11.505675300000007],[-60.0312383,-11.493173199999905],[-59.9854076999999,-11.469340899999994],[-59.9762413,-11.439222499999994],[-59.9259092,-11.415480900000007],[-59.917193100000006,-11.338434599999985],[-59.92777559999999,-11.310434600000022],[-59.95946789999991,-11.29473389999991],[-59.98202760000001,-11.233500399999997],[-59.98112960000001,-11.20376189999999],[-59.96402570000001,-11.189115100000006],[-59.997771099999994,-11.151359699999896],[-59.979944399999994,-11.139802899999882],[-59.9839014999999,-11.1162765],[-60.015748,-11.116284099999998],[-60.02624370000001,-11.130732999999996],[-60.0374423,-11.117354799999916],[-60.0667134999999,-11.125509099999887],[-60.084248800000005,-11.096844599999905],[-60.0961937,-11.110787699999902],[-60.159274599999904,-11.09565409999991],[-60.2033577,-11.113456400000018],[-60.2388524,-11.094943099999986],[-60.27099870000001,-11.098692399999905],[-60.28235840000001,-11.064017200000007],[-60.3012492,-11.057153199999993],[-60.334548700000006,-11.082888899999892],[-60.348437600000004,-11.074043000000014],[-60.3479707,-11.109036300000005],[-60.39155410000001,-11.093792599999984],[-60.414386299999904,-11.0674705],[-60.41411089999999,-11.043485099999884],[-60.44659660000001,-11.04215340000002],[-60.437941200000004,-11.016685100000002],[-60.4600500999999,-10.989856200000006],[-61.550257900000005,-10.986094699999999],[-61.53008729999989,-10.979019499999898],[-61.5195209,-10.949698399999885],[-61.514305500000006,-10.907387299999888],[-61.5268038,-10.884581099999902],[-61.503421800000005,-10.808445199999909],[-61.510896499999895,-10.793680699999998],[-61.4977921,-10.782119599999913],[-61.488914300000005,-10.79907649999999],[-61.4738335,-10.797512700000015],[-61.48840030000001,-10.736476700000019],[-61.4723936999999,-10.714972999999905],[-61.4993934999999,-10.6986176],[-61.481710899999904,-10.6691425],[-61.489594000000004,-10.629803299999898],[-61.46632179999991,-10.541211299999908],[-61.47906979999989,-10.529872000000003],[-61.4808156999999,-10.487748300000018],[-61.4617928,-10.419904599999885],[-61.4970544,-10.389581700000017],[-61.5161644999999,-10.334436299999911],[-61.552797899999995,-10.308232299999906],[-61.5440872,-10.300994499999886],[-61.577925999999906,-10.23531239999988],[-61.572971100000004,-10.207438999999995],[-61.5517184999999,-10.197776299999898],[-61.56064380000001,-10.173386100000016],[-61.6018749,-10.154379300000015],[-61.5787101999999,-10.07924439999991],[-61.584374899999894,-10.059609300000021],[-61.5558735,-10.038951400000006],[-61.53120210000001,-9.989850299999937],[-61.5282951,-9.968589199999926],[-61.53942729999991,-9.964098499999968],[-61.508419499999896,-9.88880089999996],[-61.5162794,-9.827921999999965],[-61.5321147,-9.819758499999974],[-61.5249133999999,-9.79573029999996],[-61.547356,-9.78754149999995],[-61.5315012999999,-9.739911900000005],[-61.57463729999991,-9.71779329999994],[-61.53242929999989,-9.711776499999937],[-61.5052719999999,-9.69138189999997],[-61.5068828,-9.66195589999996],[-61.476807400000006,-9.628722999999974],[-61.5030326,-9.615344999999929],[-61.495198300000006,-9.578758199999998],[-61.5103713999999,-9.565091099999961],[-61.5134424999999,-9.528531399999958],[-61.5271246,-9.533265999999967],[-61.5495653999999,-9.515217099999976],[-61.5258125999999,-9.501797099999973],[-61.578642900000006,-9.471611999999965],[-61.5506088,-9.417748099999926],[-61.561495900000004,-9.400552299999967],[-61.55270410000001,-9.387421899999921],[-61.6122475,-9.355934099999967],[-61.625928099999996,-9.36301169999998],[-61.6119925,-9.280701599999917],[-61.62630310000001,-9.284084199999965],[-61.63334589999991,-9.270584299999953],[-61.6283433999999,-9.257096999999929],[-61.599616899999894,-9.25603509999996],[-61.5769802,-9.237525299999977],[-61.5262069999999,-9.24584739999994],[-61.5196316,-9.195197699999943],[-61.5553819,-9.131496899999972],[-61.555755,-9.09240259999994],[-61.51106190000001,-8.97619309999995],[-61.468504999999894,-8.917367899999919],[-61.511504499999894,-8.86364059999995],[-61.52358799999999,-8.818596599999989],[-61.58313480000001,-8.79868909999995],[-58.415878000000006,-8.792842799999942],[-58.32622439999991,-8.720032399999976],[-58.3510264,-8.701584199999974],[-58.41195580000001,-8.72060889999996],[-58.4373006,-8.703352499999957],[-58.389518300000006,-8.59479249999992],[-58.410468900000005,-8.57039189999995],[-58.417807200000006,-8.48951959999994],[-58.354577499999905,-8.392754099999925],[-58.3502774999999,-8.345667699999959],[-58.31489309999991,-8.32306009999993],[-58.3280834999999,-8.285829199999963],[-58.31294530000001,-8.209104899999966],[-58.322464200000006,-8.170039399999933],[-58.2871694,-8.128544699999964],[-58.2883921,-8.079572299999924],[-58.3217286,-8.024981699999971],[-58.33150259999999,-7.968762799999974],[-58.3732449,-7.907199899999996],[-58.3847416999999,-7.843989099999953],[-58.371689800000006,-7.8212105999999455],[-58.2940558,-7.771540499999956],[-58.2805456999999,-7.706457199999914],[-58.20217059999991,-7.620854299999954],[-58.2227233,-7.524037799999993],[-58.213060000000006,-7.4585346999999995],[-58.1352467999999,-7.349028399999931],[-58.0613615999999,-7.3951911999999345],[-58.03510510000001,-7.454139299999929],[-57.972581999999896,-7.534588099999964],[-57.939558299999995,-7.653134799999994],[-57.89674899999991,-7.677884499999959],[-57.8738367999999,-7.801193599999993],[-57.83502349999999,-7.881408299999986],[-57.82883300000001,-7.972895899999968],[-57.77652859999991,-8.052175299999917],[-57.7284399,-8.094215799999954],[-57.715138200000005,-8.157947599999934],[-57.66724750000001,-8.17646789999997],[-57.6432123,-8.212175299999956],[-57.6790852999999,-8.315325799999918],[-57.668608499999905,-8.374552699999988],[-57.686944000000004,-8.416253599999967],[-57.6514190999999,-8.471039499999975],[-57.6590545,-8.500386599999972],[-57.634133,-8.518905299999956],[-57.64864180000001,-8.576374999999931],[-57.6222457,-8.59118839999995],[-57.62474410000001,-8.63884129999994],[-57.59683499999989,-8.691665399999978],[-57.5929389,-8.756476999999942],[-57.530385,-8.748174099999952],[-57.4635312,-8.784741799999964],[-57.4275794,-8.78323919999996],[-57.41404920000001,-8.81250739999998],[-57.419912599999996,-8.85303929999998],[-57.3843828999999,-8.879557399999959],[-57.31788829999989,-8.885712299999987],[-57.2995862,-8.913996799999953],[-57.24018979999989,-8.906491799999968],[-57.1950042999999,-8.927513699999952],[-57.13827419999999,-8.994612099999944],[-57.09460519999989,-9.017111399999973],[-57.03924159999999,-9.098289999999961],[-57.0604425,-9.13713039999995],[-57.05716710000001,-9.185927899999982],[-56.9955492999999,-9.233842599999935],[-56.9522491,-9.223083599999956],[-56.8201088,-9.246340399999967],[-56.779166099999905,-9.31719759999995],[-56.7611087,-9.404999399999967],[-56.6718827,-9.367396899999981],[-50.2248084999999,-9.841157299999958],[-50.2642802999999,-9.908497499999948],[-50.3026455,-10.035411299999991],[-50.3546724999999,-10.077169099999896],[-50.3921478,-10.134031199999997],[-50.3987546,-10.164100399999912],[-50.38156450000001,-10.218912900000012],[-50.4230666,-10.327441699999978],[-50.4182853,-10.356281399999885],[-50.4737254,-10.404905499999899],[-50.4826204999999,-10.490038599999885],[-50.5161464,-10.50390939999991],[-50.53495980000001,-10.601750899999994],[-50.56317190000001,-10.611321500000006],[-50.60289779999991,-10.658233999999892],[-50.5705877,-10.752504099999982],[-50.6220066,-10.839417799999989],[-50.59940460000001,-10.884463900000018],[-50.632945600000006,-10.935942999999996],[-50.60945739999989,-11.067445699999999],[-50.66103950000001,-11.134717199999994],[-50.6594054,-11.254862300000017],[-50.67132659999999,-11.286741399999896],[-50.6968135,-11.304657800000003],[-50.7392596,-11.435384999999908],[-50.7389352,-11.544511600000002],[-50.7159867,-11.578953299999993],[-50.6574739,-11.592806400000008],[-50.6637021,-11.677527300000008],[-50.7220419999999,-11.7396989],[-50.6863044999999,-11.858995399999985],[-50.6392882,-11.88456649999988],[-50.6678955,-11.927767399999878],[-50.65683390000001,-11.966849399999887],[-50.68365260000001,-11.99558599999989],[-50.6865978,-12.045133299999987],[-50.6672776,-12.081168799999888],[-50.6868717999999,-12.202153899999889],[-50.67867729999989,-12.21884959999991],[-50.6437098,-12.222964999999885],[-50.6499540999999,-12.249125599999983],[-50.62931509999999,-12.27700620000001],[-50.6489154999999,-12.2990895999999],[-50.6445669,-12.3459089999999],[-50.6268724999999,-12.384031999999904],[-50.6326753,-12.417103900000019],[-50.618255000000005,-12.428992200000001],[-50.6235737,-12.45528379999999],[-50.6530390999999,-12.460073899999907],[-50.6460197,-12.482110900000006],[-50.68647850000001,-12.569204199999891],[-50.667982299999906,-12.596009299999901],[-50.701914799999905,-12.596634899999994],[-50.7013458,-12.643459900000005],[-50.6469294,-12.651121400000008],[-50.65476579999999,-12.67917940000001],[-50.6229618,-12.734638499999988],[-50.6359942,-12.771860499999903],[-50.61176590000001,-12.775896799999908],[-50.622732,-12.81973619999999],[-50.5819162,-12.799379299999906],[-50.60054339999991,-12.824427300000009],[-50.5669545,-12.843423399999889],[-50.51876480000001,-12.837022100000008],[-50.49858559999999,-12.877265099999905],[-50.5263757,-12.933930499999995],[-50.5255043999999,-12.976021199999892],[-50.5905238,-13.000426400000013],[-50.5690213999999,-13.042495700000007],[-50.610044300000006,-13.060369200000004],[-50.5916255,-13.107950399999908],[-50.6059357999999,-13.187510199999997],[-50.5841755,-13.21769629999992],[-50.608595699999995,-13.317595399999991],[-50.6653236999999,-13.375565799999908],[-50.663945600000005,-13.434956499999904],[-50.7589998,-13.52031529999989],[-50.7684326999999,-13.595520099999897],[-50.80622579999991,-13.693814599999913],[-50.873900600000006,-13.734475099999909],[-50.853563,-13.760976799999995],[-50.85908549999991,-13.828704799999988],[-50.8406443,-13.863788699999908],[-50.8402336,-13.923681900000002],[-50.86633290000001,-13.979647999999893],[-50.8471508,-13.9997948],[-50.85606260000001,-14.020967200000003],[-50.831731700000006,-14.086052100000012],[-50.8518089,-14.117625700000003],[-50.8865271999999,-14.132128299999998],[-50.9037008,-14.110223500000002],[-50.9179685999999,-14.116091699999986],[-50.91372259999999,-14.168509699999998],[-50.97817330000001,-14.29724359999991],[-50.96611720000001,-14.327116799999912],[-50.9882004999999,-14.359968200000003],[-50.9978306,-14.415674699999984],[-50.962720600000004,-14.523907299999998],[-50.9962494,-14.574610899999987],[-50.9928355,-14.612457900000003],[-51.0266586,-14.659358100000002],[-51.029233000000005,-14.707408399999995],[-51.058244900000005,-14.7516699999999],[-51.0448213,-14.792838599999987],[-51.0896375,-14.840180500000013],[-51.0860499,-14.919033099999995],[-51.14845410000001,-14.946154299999893],[-51.15705,-14.985610999999903],[-51.2676087,-15.044412999999993],[-51.295041999999995,-15.030248599999911],[-51.30428710000001,-14.98448379999999],[-51.3290309,-14.969617299999987],[-51.3682419,-15.009573099999994],[-51.4269631999999,-15.007665899999903],[-51.4620029,-15.047979699999887],[-51.5308555999999,-15.061676],[-51.5953418,-15.155184499999997],[-51.651158,-15.177254799999993],[-51.67196260000001,-15.247809199999894],[-51.64565509999991,-15.26499530000001],[-51.6882960999999,-15.311625200000005],[-51.6695309999999,-15.3744209999999],[-51.69722260000001,-15.4091862],[-51.691283199999994,-15.430895300000008],[-51.7094595,-15.459491800000002],[-51.6994028,-15.487912699999995],[-51.7360502999999,-15.50989609999991],[-51.7255764,-15.544128999999911],[-51.7393436,-15.559276800000005],[-51.755613399999994,-15.557415399999991],[-51.760886,-15.530063699999983],[-51.7772681,-15.5349849999999],[-51.7571321,-15.633446499999899],[-51.8037937999999,-15.723705799999893],[-51.8345194999999,-15.743831599999993],[-51.8826701,-15.828485299999993],[-51.9484548999999,-15.8100984],[-51.9548857,-15.83865139999989],[-51.9813040999999,-15.842504200000015],[-52.0145457,-15.887019099999984],[-52.1096388999999,-15.882652999999907],[-52.1313820999999,-15.895498499999993],[-52.19266540000001,-15.880841999999987],[-52.2533433,-15.892561900000006],[-52.2568952999999,-15.930884699999986],[-52.290339499999995,-15.96554719999989],[-52.329937899999905,-16.072175799999993],[-52.4985674,-16.142139199999995],[-52.5160749999999,-16.13390589999989],[-52.5491658999999,-16.164995499999996],[-52.545272,-16.222610400000008],[-52.5696204,-16.228606199999888],[-52.546615599999896,-16.260879299999907],[-52.56248079999991,-16.2651514999999],[-52.5776822999999,-16.249636999999996],[-52.5891948,-16.269496999999895],[-52.62469269999999,-16.286804300000007],[-52.6579667,-16.280075399999905],[-52.682556599999906,-16.301742299999894],[-52.692787,-16.367152400000005],[-52.6775936999999,-16.38099650000001],[-52.6883137,-16.39710350000001],[-52.6751262999999,-16.4122103],[-52.6420467999999,-16.41381619999989],[-52.63867780000001,-16.43755870000001],[-52.6169735999999,-16.449601799999993],[-52.62075620000001,-16.465333099999995],[-52.60474490000001,-16.463454300000002],[-52.6087188,-16.494437499999904],[-52.6373397,-16.502856399999885],[-52.6266385,-16.5349386999999],[-52.6506284,-16.561927799999992],[-52.6679574999999,-16.551069200000004],[-52.6595692,-16.5702424999999],[-52.6729273,-16.56962639999991],[-52.671220100000006,-16.583716999999993],[-52.7040671,-16.57117240000001],[-52.7052161999999,-16.5992671],[-52.740084700000004,-16.589957299999988],[-52.7308042,-16.598213899999998],[-52.7410464,-16.610691599999903],[-52.7149919,-16.638791800000007],[-52.724186,-16.646977199999995],[-52.7461918,-16.630698899999988],[-52.7401494,-16.657017299999897],[-52.771291399999896,-16.669425799999907],[-52.755119,-16.672283299999904],[-52.75977340000001,-16.704012299999903],[-52.7856585,-16.714446999999982],[-52.7866648999999,-16.74272809999999],[-52.808193199999906,-16.742277599999987],[-52.8316748999999,-16.772110699999903],[-52.8844177,-16.776407299999995],[-52.923265399999906,-16.818218299999995],[-52.933062999999905,-16.8031414],[-52.944802599999896,-16.812978299999898],[-52.9269887999999,-16.84071709999989],[-52.95289539999991,-16.840949699999992],[-52.94502460000001,-16.8551914],[-52.9572209999999,-16.850469599999897],[-52.9634773999999,-16.867090800000003],[-53.0144172,-16.8615799],[-53.01916659999989,-16.900223200000003],[-53.0394550999999,-16.9126931],[-53.03503289999999,-16.942473099999994],[-53.05642049999991,-16.963856699999987],[-53.0517518999999,-17.004049599999988],[-53.0638003999999,-17.016260400000007],[-53.0537598,-17.019104099999904],[-53.071421,-17.049605199999988],[-53.0604069999999,-17.0470850999999],[-53.0554180999999,-17.070597999999993],[-53.1183103,-17.1132203999999],[-53.1275166999999,-17.154575799999996],[-53.156666200000004,-17.170684499999894],[-53.16516060000001,-17.22094470000001],[-53.2186298,-17.2980866999999],[-53.2065224,-17.3616104999999],[-53.195685899999894,-17.3608315999999],[-53.205822100000006,-17.402282300000007],[-53.2290331,-17.426785299999892],[-53.2238490999999,-17.4609948],[-53.2449862999999,-17.526046999999902],[-53.23573100000001,-17.587291299999908],[-53.2483427999999,-17.642317200000004],[-53.2332514999999,-17.713484499999893]]]}},{"type":"Feature","properties":{"SIGLA_UF":"AL","NM_UF":"Alagoas","NM_REGIAO":"Nordeste"},"geometry":{"type":"MultiPolygon","coordinates":[[[[-35.7604072999999,-9.694963799999927],[-35.7579135999999,-9.692749099999963],[-35.75838559999991,-9.693641899999914],[-35.7604072999999,-9.694963799999927]]],[[[-36.3892865,-10.499877599999909],[-36.4630961999999,-10.408479599999986],[-36.50845100000001,-10.431895900000013],[-36.560219100000005,-10.4187070999999],[-36.57182559999999,-10.316147199999895],[-36.622639199999995,-10.255251700000018],[-36.70161769999991,-10.2704042999999],[-36.75183630000001,-10.226525299999901],[-36.78856110000001,-10.228094100000016],[-36.8297542999999,-10.208440699999906],[-36.86994539999989,-10.147125399999881],[-36.91218380000001,-10.138237899999988],[-36.9456954999999,-10.087362799999896],[-36.9682084999999,-9.986915799999975],[-36.9963711999999,-9.972374599999966],[-37.0330877,-9.987578599999956],[-37.0624048,-9.982519699999942],[-37.1625382,-9.893846799999954],[-37.2411061,-9.895448899999968],[-37.28521990000001,-9.830628899999978],[-37.4099011,-9.762649599999968],[-37.577684000000005,-9.736807799999939],[-37.709474799999995,-9.630298999999985],[-37.7469947,-9.624920899999937],[-37.786126800000005,-9.63891309999996],[-37.8182482999999,-9.592893899999979],[-37.833110599999905,-9.59488639999995],[-37.8924655,-9.53979679999999],[-37.9171436,-9.548954199999967],[-37.9893302,-9.527358699999969],[-38.0221548,-9.469990899999983],[-38.0678462,-9.458502599999981],[-38.07970869999998,-9.440386799999953],[-38.154949599999995,-9.44341609999999],[-38.20476419999991,-9.418674299999953],[-38.194475600000004,-9.384934599999927],[-38.23758959999999,-9.329794099999962],[-38.1735591999999,-9.285137799999955],[-38.1439086999999,-9.218204699999923],[-38.0922873,-9.172724999999964],[-37.97856289999989,-9.147661999999968],[-37.9057357999999,-9.040992799999978],[-37.880983399999906,-9.040346799999936],[-37.8795981,-9.015413899999913],[-37.83909859999991,-8.978381199999951],[-37.824628800000006,-8.88595729999996],[-37.755361900000004,-8.846363699999923],[-37.671916699999905,-8.974499999999958],[-37.6979304,-8.991095499999963],[-37.65808750000001,-8.985796399999979],[-37.6376667,-9.003777799999952],[-37.59705129999999,-8.969071799999952],[-37.5310658,-8.959961699999948],[-37.49986210000001,-8.96813219999995],[-37.4932054,-8.993359599999946],[-37.4109917,-9.009283399999951],[-37.314804099999904,-9.094965199999923],[-37.24708159999991,-9.179018399999945],[-37.234341500000006,-9.24017539999995],[-37.19831520000001,-9.215482499999947],[-37.1589466999999,-9.239101699999951],[-37.1643347999999,-9.275705299999961],[-37.1164755999999,-9.240930599999947],[-37.0906725,-9.246362099999924],[-37.0571995999999,-9.281788399999943],[-37.057584999999996,-9.317538699999941],[-37.0544533999999,-9.30713319999995],[-37.024289800000005,-9.315714999999956],[-37.003364599999905,-9.352613499999949],[-36.9464867,-9.383022299999926],[-36.9304372,-9.37003629999997],[-36.93787700000001,-9.352821299999961],[-36.92227019999999,-9.339761899999942],[-36.91582049999991,-9.299020799999928],[-36.8712603,-9.268084699999962],[-36.836041200000004,-9.288628599999974],[-36.7617724999999,-9.271456999999954],[-36.6446877,-9.31437159999996],[-36.6278796999999,-9.33233499999993],[-36.613825399999904,-9.323805199999962],[-36.605047000000006,-9.341508199999964],[-36.5674701999999,-9.332134699999921],[-36.5718396,-9.292582799999925],[-36.49133890000001,-9.26240799999994],[-36.4871653,-9.240201399999936],[-36.46251860000001,-9.239251299999987],[-36.4370038,-9.212100199999952],[-36.4198011999999,-9.229568499999987],[-36.353603199999995,-9.220121399999913],[-36.3539165,-9.201193599999968],[-36.3294794,-9.202503799999915],[-36.3097916,-9.172362799999979],[-36.26244460000001,-9.17127729999994],[-36.26839089999991,-9.103924299999946],[-36.23645830000001,-9.103489099999939],[-36.1957265,-9.044786299999922],[-36.1428076999999,-9.040323699999933],[-36.1114944999999,-9.017673199999942],[-36.104328800000005,-8.998927899999963],[-36.1268105,-8.981276299999939],[-36.1242602999999,-8.953587799999962],[-36.08641179999999,-8.944067299999992],[-36.0572751999999,-8.913026899999982],[-35.9635466,-8.90240759999995],[-35.8962005999999,-8.854268299999942],[-35.84251710000001,-8.872924799999948],[-35.7950751999999,-8.847685099999962],[-35.7759823,-8.858457899999985],[-35.7829806999999,-8.897542099999932],[-35.74839899999991,-8.917151699999986],[-35.632127800000006,-8.881278299999977],[-35.5387079,-8.82022369999992],[-35.4957560999999,-8.828301599999984],[-35.47012499999991,-8.813127899999945],[-35.4558183,-8.840958899999984],[-35.4112256,-8.836230999999955],[-35.3999916,-8.850312799999937],[-35.252782099999905,-8.887232999999972],[-35.1682513,-8.892471099999966],[-35.15189170000001,-8.915231999999941],[-35.17686320000001,-8.969596299999987],[-35.2217065,-9.01513709999998],[-35.302265000000006,-9.186921299999941],[-35.355684200000006,-9.25736779999995],[-35.4153990999999,-9.320941299999967],[-35.4634273999999,-9.347360999999978],[-35.5127654,-9.439455299999967],[-35.5928287,-9.530768699999932],[-35.6508767,-9.568620899999914],[-35.6931137,-9.624183399999918],[-35.696122199999905,-9.666227899999969],[-35.7236932,-9.684653699999945],[-35.72733720000001,-9.672692799999936],[-35.7473401999999,-9.674133799999922],[-35.805871099999905,-9.715918199999967],[-36.04571700000001,-10.075079299999977],[-36.0887944999999,-10.094394599999916],[-36.1338498,-10.159797899999916],[-36.151575799999904,-10.156359300000018],[-36.27902660000001,-10.283803199999989],[-36.3018911,-10.324266099999905],[-36.2936151,-10.35514549999988],[-36.3892865,-10.499877599999909]]]]}},{"type":"Feature","properties":{"SIGLA_UF":"AC","NM_UF":"Acre","NM_REGIAO":"Norte"},"geometry":{"type":"Polygon","coordinates":[[[-68.4325269999999,-11.03175700000001],[-68.5031506999999,-11.062465099999915],[-68.5429713999999,-11.111355499999895],[-68.7161196,-11.145561499999905],[-68.7209385,-11.103373900000003],[-68.74629720000001,-11.094361599999978],[-68.7662026,-11.065785099999992],[-68.7486671999999,-11.020257399999885],[-68.7500603,-11.008097200000005],[-68.763761,-11.016901399999899],[-68.7581283,-10.999556099999918],[-68.7817103,-10.998724099999901],[-68.7882442,-11.014752999999883],[-68.7924204,-10.99009579999991],[-68.8274125,-11.006691299999884],[-68.8465983,-10.991752000000012],[-68.8598913,-11.016369499999895],[-68.88316759999998,-11.008394699999895],[-68.8800186,-11.021374400000019],[-68.8958489999999,-11.006077800000005],[-68.9104536999999,-11.022129999999887],[-68.933349,-11.004808800000013],[-68.9475432999999,-11.012238700000008],[-68.9527414,-10.989969399999893],[-68.9670106999999,-10.987457499999909],[-68.9876316,-10.9983738999999],[-68.9849063999999,-11.00941099999991],[-69.0018848,-11.008934500000006],[-69.0386311,-10.97674089999999],[-69.0613547,-10.985717099999878],[-69.0716543999999,-10.966816399999983],[-69.120932,-10.981088100000004],[-69.1224716,-10.96643459999998],[-69.1512650999999,-10.970995300000009],[-69.152059,-10.9545664],[-69.1628013,-10.965834200000016],[-69.1864288,-10.947803899999915],[-69.2156113,-10.958353100000004],[-69.2329759,-10.939835099999902],[-69.2544765,-10.948820399999908],[-69.2522716999999,-10.939023999999987],[-69.2753119,-10.943758999999911],[-69.2746466999999,-10.954914000000004],[-69.3253994999999,-10.935647899999886],[-69.342233,-10.952275400000016],[-69.3464332999999,-10.937602000000004],[-69.3703962,-10.938518399999998],[-69.37461260000002,-10.956414999999899],[-69.3869721999999,-10.933893999999999],[-69.39349,-10.9456814],[-69.4168789,-10.92535600000001],[-69.4526488,-10.93682769999999],[-69.4539068,-10.949449800000016],[-69.4784865,-10.945341699999984],[-69.4781217999999,-10.954958699999993],[-69.501634,-10.935935000000004],[-69.5402953999999,-10.937625700000009],[-69.54743,-10.953541999999997],[-69.5952109999999,-10.940787599999986],[-69.6116064,-10.947289500000013],[-69.6095276999999,-10.960075099999907],[-69.6589938,-10.952978499999979],[-69.7158995999999,-10.976803999999998],[-69.7231308,-10.96471769999989],[-69.7398142,-10.974723900000017],[-69.7599039,-10.93937429999989],[-69.7742913,-10.939379499999974],[-69.7696725,-10.929472299999917],[-69.8513351,-10.923720799999984],[-69.8586682,-10.934417499999915],[-69.9011172,-10.920024899999898],[-69.9216198999999,-10.933155699999912],[-69.9339039,-10.921134499999889],[-70.0656408999999,-10.99417170000001],[-70.0923488,-10.985381899999895],[-70.1586406,-11.042323199999906],[-70.1993696,-11.054702599999901],[-70.2421497999999,-11.047086899999995],[-70.3085214,-11.070674199999901],[-70.437776,-11.039021699999982],[-70.4528314999999,-10.996725000000007],[-70.5267128,-10.935144700000018],[-70.6176133,-10.999041700000006],[-70.61865580002512,-9.817306399770477],[-70.57865420003128,-9.778671399665303],[-70.55848390031173,-9.788737200161624],[-70.54578390010687,-9.778415600099832],[-70.52523250007978,-9.714981700145282],[-70.58446939984287,-9.641024400355722],[-70.5982419000436,-9.607290600180981],[-70.58618000030674,-9.574051400151962],[-70.600607500136,-9.562745400379889],[-70.5896857,-9.548640199999964],[-70.5868983999999,-9.567787899999919],[-70.553229,-9.570672999999932],[-70.5703908999999,-9.555206499999937],[-70.56795049999988,-9.531509699999965],[-70.5415859999999,-9.538267299999976],[-70.5455229,-9.51416219999993],[-70.5281409,-9.49692299999997],[-70.5148634999999,-9.501241699999985],[-70.5216093,-9.457197899999917],[-70.5046199,-9.464407699999983],[-70.5119011,-9.44791799999996],[-70.4954114,-9.44092239999998],[-70.4956683999999,-9.423526199999994],[-70.595808,-9.441255099999966],[-70.5961864,-9.459607799999965],[-70.6118872,-9.457294999999922],[-70.6625175999999,-9.526412499999939],[-70.7143832,-9.546744199999958],[-70.72985559999998,-9.570384099999957],[-70.7501941,-9.560253599999937],[-70.7568922999999,-9.605036199999972],[-70.7863594999999,-9.614254299999976],[-70.7989171999999,-9.64219439999993],[-70.8360817,-9.642918499999949],[-70.8385302999999,-9.656493099999974],[-70.8687111,-9.664740999999951],[-70.9248767999999,-9.741932899999926],[-70.9632713,-9.747969599999974],[-70.9943350999999,-9.817480199999995],[-71.1157173999999,-9.827441599999924],[-71.1628879,-9.871413499999964],[-71.2241104999999,-9.965595799999972],[-71.25369449999988,-9.963070399999934],[-71.3030575,-9.988949699999996],[-71.34128919999989,-9.96430679999996],[-71.3774149,-9.999999999999948],[-72.1804528,-9.999999999999929],[-72.1552492,-9.971402999999967],[-72.1683528,-9.927099999999934],[-72.1416358,-9.886591399999931],[-72.1587484999999,-9.835405299999922],[-72.15394170000002,-9.79202089999995],[-72.2575449,-9.751996499999947],[-72.24295999999998,-9.664412199999969],[-72.26040549999989,-9.644725599999955],[-72.2534669999999,-9.61678599999993],[-72.2691791999999,-9.620232299999941],[-72.2888526,-9.602306799999953],[-72.2837105999999,-9.539856699999971],[-72.31869479999992,-9.543648599999928],[-72.3544438,-9.495221799999985],[-72.407225,-9.476669099999961],[-72.4267055999999,-9.486327399999933],[-72.4407968,-9.476490699999957],[-72.4542741,-9.490289199999946],[-72.4926857,-9.479303199999952],[-72.51844809999989,-9.491595499999955],[-72.5360727999999,-9.469552199999965],[-72.5606342,-9.472912099999968],[-72.5757771,-9.455665799999961],[-72.6955741,-9.439121599999954],[-72.7165137,-9.412269599999954],[-73.21246860000001,-9.412046000000002],[-73.1907019,-9.397007599999922],[-73.188893,-9.362815199999941],[-73.1552596,-9.356908599999928],[-73.1314052,-9.31844299999996],[-73.1020238,-9.308703899999943],[-73.1102442,-9.280801399999957],[-73.0756349,-9.23716209999997],[-73.0104972,-9.22225469999996],[-72.9989143999999,-9.19232449999993],[-73.0258701,-9.17787559999995],[-72.95160520000002,-9.13742999999996],[-72.9393767999999,-9.07226999999994],[-72.95738820000001,-9.011098999999948],[-72.9399842999999,-8.984671699999994],[-72.9697131999999,-8.980708399999989],[-72.9990547,-8.915599799999965],[-73.05970069999998,-8.905996999999946],[-73.0765949,-8.842893599999968],[-73.1132861999999,-8.819098999999941],[-73.1153563,-8.78476339999998],[-73.1352724,-8.76920169999993],[-73.1540173,-8.70546529999994],[-73.2182301999999,-8.67791379999995],[-73.2532558999999,-8.69161949999995],[-73.2877675999999,-8.667139599999917],[-73.2977423,-8.637063199999938],[-73.34222799999999,-8.618519599999937],[-73.3323796999999,-8.472748399999949],[-73.3923574999999,-8.472905299999958],[-73.40401959999998,-8.419648199999918],[-73.4807924,-8.394880399999986],[-73.5388321999999,-8.341637599999949],[-73.52592609999991,-8.315625299999988],[-73.5400592999999,-8.291878299999958],[-73.5297419,-8.276687799999916],[-73.5955709999999,-8.206950799999941],[-73.5878941999999,-8.111893899999938],[-73.6339737,-8.057136399999909],[-73.615369,-8.033296699999958],[-73.6390605,-8.00595079999995],[-73.67866589999988,-8.007500699999962],[-73.6936143999999,-7.964151699999936],[-73.7300916,-7.968993899999929],[-73.7784454,-7.890968399999957],[-73.7676562,-7.859088799999948],[-73.7523657,-7.852721399999944],[-73.75112369999991,-7.871737999999942],[-73.7088942,-7.875121599999948],[-73.6801027,-7.845402799999943],[-73.6890458,-7.766121299999957],[-73.7420245,-7.733344299999913],[-73.8261932999999,-7.713115899999945],[-73.83338969999991,-7.682473699999968],[-73.8738978,-7.67101399999998],[-73.8777291,-7.63162839999997],[-73.9152769999999,-7.623383599999934],[-73.95735789999999,-7.566600199999931],[-73.9790763999999,-7.57109149999995],[-73.9851858,-7.532299299999989],[-73.9387862999999,-7.5340124999999825],[-73.9230486,-7.4958625999999535],[-73.9315195,-7.48050319999995],[-73.9087718,-7.47260339999998],[-73.9564798,-7.354251099999956],[-73.9269179999999,-7.363312699999956],[-73.9196583,-7.35473709999997],[-73.8905336999999,-7.386003199999927],[-73.8857866,-7.376187899999926],[-73.8626583,-7.385253699999974],[-73.8494522999999,-7.348990699999949],[-73.7619745,-7.336366199999931],[-73.7540329999999,-7.353617299999932],[-73.6962419,-7.310757299999987],[-73.7175379999999,-7.2732807999999585],[-73.71843030000001,-7.227565399999948],[-73.7436228999999,-7.221259799999935],[-73.7554607,-7.176109499999921],[-73.8023118999999,-7.114108799999936],[-72.5847656,-7.55200419999996],[-70.0549793,-7.845149099999948],[-68.6471864,-9.04941659999999],[-67.516882,-9.560906700000007],[-67.3258172,-9.592381499999934],[-66.6268906,-9.89802689999992],[-66.6370052999999,-9.949853099999933],[-66.6630709999999,-9.936952599999927],[-66.6756318,-9.96763629999999],[-66.7181609,-9.973440099999957],[-66.7636793,-9.99930639999996],[-66.7712430999999,-10.020971000000001],[-66.7897556999999,-10.021805599999915],[-66.8071793999999,-10.049210399999906],[-66.8360666999999,-10.062272799999992],[-66.8379818,-10.083299399999916],[-66.8744920999999,-10.081287099999889],[-66.8731617,-10.101419899999899],[-66.8847595999999,-10.108692099999914],[-66.8875007999999,-10.099059199999918],[-66.8958853999999,-10.122491500000017],[-66.9186680999999,-10.130127599999996],[-66.9112276,-10.147411199999995],[-66.9458066,-10.1583363],[-66.9535367999999,-10.189003],[-66.9969282,-10.199206099999989],[-67.0009918,-10.217866500000003],[-66.9887823,-10.221427399999994],[-67.0157814999999,-10.258731199999906],[-67.0791594,-10.28938819999999],[-67.1257869,-10.290404200000005],[-67.1408046,-10.30731749999999],[-67.1280834999999,-10.315934200000013],[-67.1777901999999,-10.339400599999992],[-67.2251297999999,-10.315245300000013],[-67.266238,-10.333802799999914],[-67.3159588999999,-10.318735299999991],[-67.3280395,-10.33528289999999],[-67.3108218,-10.377386400000018],[-67.3444320999999,-10.375922900000019],[-67.3528760999999,-10.393316899999908],[-67.3638114999999,-10.37758749999989],[-67.4068488999999,-10.372627399999887],[-67.4237909999999,-10.391399599999879],[-67.4132150999999,-10.425726099999999],[-67.42969730000002,-10.428817799999912],[-67.4364833,-10.447906900000012],[-67.5945219,-10.521571900000003],[-67.6409032999999,-10.599390899999904],[-67.6592208,-10.61474839999991],[-67.6756111,-10.605161099999997],[-67.7084568,-10.711054599999985],[-67.735897,-10.713200799999987],[-67.7580348,-10.686337000000004],[-67.8644449999999,-10.640672900000013],[-67.91016269999989,-10.641887999999913],[-67.9291072,-10.656383399999998],[-67.9613376,-10.649803899999913],[-67.976896,-10.663300899999994],[-68.0020498,-10.648443899999998],[-68.0331232,-10.655790399999907],[-68.1053805999999,-10.715205599999912],[-68.1040260999999,-10.776763199999907],[-68.19612779999991,-10.858592200000011],[-68.2381508999999,-10.9568302],[-68.3310408999999,-11.012595599999903],[-68.3521846,-11.0043626999999],[-68.38468439999998,-11.018141100000015],[-68.398129,-11.05206939999989],[-68.4325269999999,-11.03175700000001]]]}},{"type":"Feature","properties":{"SIGLA_UF":"SE","NM_UF":"Sergipe","NM_REGIAO":"Nordeste"},"geometry":{"type":"MultiPolygon","coordinates":[[[[-36.919493900000006,-10.846611199999886],[-36.9171049999999,-10.842054199999984],[-36.91672140000001,-10.841980500000025],[-36.918538500000004,-10.846241799999982],[-36.919493900000006,-10.846611199999886]]],[[[-37.633396600000005,-11.517987399999994],[-37.6642002,-11.531960799999997],[-37.67301370000001,-11.568566700000005],[-37.6999137999999,-11.562415199999982],[-37.70245990000001,-11.540194699999999],[-37.726766100000006,-11.553558399999897],[-37.7304166,-11.5380153999999],[-37.75897450000001,-11.525378299999886],[-37.81228949999999,-11.517019199999904],[-37.819295,-11.501146699999905],[-37.8085804999999,-11.496203099999887],[-37.8641795999999,-11.466881199999914],[-37.84810839999991,-11.443028800000011],[-37.880335300000006,-11.433210599999889],[-37.8660826,-11.427098400000007],[-37.8988964,-11.438361399999991],[-37.9054389,-11.4081447999999],[-37.9277298,-11.401375500000007],[-37.943166600000005,-11.424574799999991],[-37.9528038999999,-11.394487599999904],[-37.977817300000005,-11.392659699999989],[-37.969321400000005,-11.372886399999993],[-37.99990899999991,-11.340255000000019],[-37.987388100000004,-11.331455499999882],[-37.9916519999999,-11.312842700000015],[-38.0147631,-11.285723399999906],[-37.98674229999989,-11.272095899999995],[-37.9937153,-11.239640799999998],[-37.9737486,-11.19368879999999],[-38.0571806999999,-11.172085299999896],[-38.0656188,-11.122976099999985],[-38.09328020000001,-11.103968999999921],[-38.0751149,-11.077093899999985],[-38.102419600000005,-11.043982899999886],[-38.1019992,-11.01589449999991],[-38.1205467999999,-11.0071072],[-38.12991120000001,-11.018914599999983],[-38.1736440999999,-10.985953299999915],[-38.1865420999999,-10.964206499999893],[-38.1806156,-10.942767199999885],[-38.22725100000001,-10.916014299999999],[-38.23721269999991,-10.878186199999991],[-38.23139830000001,-10.842934099999995],[-38.24500900000001,-10.82264150000001],[-38.20935980000001,-10.760435299999884],[-38.20916540000001,-10.711868599999894],[-38.176470099999996,-10.70546260000001],[-38.132807,-10.720874799999883],[-38.067791999999905,-10.7156658],[-38.041684000000004,-10.700693999999915],[-38.032031100000005,-10.727084299999886],[-37.96625989999999,-10.758100600000017],[-37.945481199999996,-10.756517299999887],[-37.909622399999904,-10.715510299999888],[-37.84751030000001,-10.699264899999896],[-37.83280009999991,-10.680474699999898],[-37.80870730000001,-10.687722899999912],[-37.8029907,-10.652162299999905],[-37.81672289999991,-10.631378499999904],[-37.806319,-10.600527400000006],[-37.8314627,-10.584290300000003],[-37.8412314999999,-10.554793599999913],[-37.81928719999999,-10.539641599999978],[-37.81260509999999,-10.507246999999904],[-37.8596092,-10.427119799999993],[-37.83754149999991,-10.401101500000006],[-37.8390479999999,-10.37882039999989],[-37.7851554,-10.345569499999979],[-37.7433128,-10.338390699999888],[-37.745124800000006,-10.313583899999998],[-37.7686619999999,-10.28919609999999],[-37.75038269999991,-10.289499099999913],[-37.7488597,-10.264323599999992],[-37.7656795,-10.25186740000002],[-37.74709080000001,-10.23807270000002],[-37.78223089999991,-10.185591699999998],[-37.7779303999999,-10.134141299999987],[-37.8020145,-10.11244739999999],[-37.7826446,-10.043598999999995],[-37.790902,-10.032704999999993],[-37.8259677999999,-10.036583600000007],[-37.8472437,-9.994280999999933],[-37.91279120000001,-9.937131299999983],[-37.907625200000005,-9.910880499999948],[-37.95543239999991,-9.942999899999949],[-38.0035000999999,-9.905513799999934],[-37.994099499999905,-9.880707999999972],[-38.01397959999999,-9.857267799999939],[-37.99544420000001,-9.846078699999964],[-37.9999706999999,-9.814330899999964],[-38.0325366,-9.770274999999963],[-38.0450382999999,-9.697454899999961],[-38.03221919999991,-9.660686499999922],[-38.0089614,-9.649058299999991],[-38.03718819999991,-9.628047499999974],[-38.0556245,-9.632196999999953],[-38.0617096999999,-9.590908699999929],[-38.027004700000006,-9.57385699999997],[-38.00328989999999,-9.515029899999934],[-37.9224297,-9.547835299999972],[-37.8924655,-9.53979679999999],[-37.833110599999905,-9.59488639999995],[-37.8182482999999,-9.592893899999979],[-37.785554100000006,-9.639176199999934],[-37.7469947,-9.624920899999937],[-37.709474799999995,-9.630298999999985],[-37.577684000000005,-9.736807799999939],[-37.4569145999999,-9.750055399999953],[-37.3491033,-9.789808399999973],[-37.3227762999999,-9.819735699999947],[-37.2619127,-9.849138699999976],[-37.2425876,-9.894456299999954],[-37.1625382,-9.893846799999954],[-37.0624048,-9.982519699999942],[-37.0330877,-9.987578599999956],[-36.9963711999999,-9.972374599999966],[-36.9682084999999,-9.986915799999975],[-36.9456954999999,-10.087362799999896],[-36.91218380000001,-10.138237899999988],[-36.86994539999989,-10.147125399999881],[-36.82634669999991,-10.211187299999914],[-36.78856110000001,-10.228094100000016],[-36.75183630000001,-10.226525299999901],[-36.72121140000001,-10.264598599999882],[-36.68580139999991,-10.271204999999995],[-36.622639199999995,-10.255251700000018],[-36.57182559999999,-10.316147199999895],[-36.560219100000005,-10.4187070999999],[-36.50845100000001,-10.431895900000013],[-36.459859200000004,-10.409475200000015],[-36.427628599999906,-10.433514699999904],[-36.3959407999999,-10.49687219999989],[-36.4087987999999,-10.512692399999896],[-36.592433899999904,-10.576475399999905],[-36.78442590000001,-10.688229399999983],[-36.867504999999916,-10.758052200000002],[-37.034025400000004,-10.956244800000002],[-37.0353691999999,-10.979847300000015],[-37.132932099999906,-11.114125799999988],[-37.16610919999991,-11.182498399999895],[-37.2603197999999,-11.2897955],[-37.32483659999999,-11.4360344999999],[-37.3552553,-11.44369929999989],[-37.455488699999904,-11.5231383],[-37.5047504999999,-11.52491009999989],[-37.520067599999905,-11.549303500000006],[-37.55706839999989,-11.551453099999895],[-37.568257300000006,-11.538428800000002],[-37.57855010000001,-11.552178899999905],[-37.58145919999999,-11.53055899999991],[-37.61627490000001,-11.538480400000012],[-37.633396600000005,-11.517987399999994]]]]}},{"type":"Feature","properties":{"SIGLA_UF":"AM","NM_UF":"Amazonas","NM_REGIAO":"Norte"},"geometry":{"type":"Polygon","coordinates":[[[-67.3258172,-9.592381499999934],[-67.516882,-9.560906700000007],[-68.6471864,-9.04941659999999],[-70.0549793,-7.845149099999948],[-72.5847656,-7.55200419999996],[-73.798141,-7.113057299999995],[-73.7579054,-7.0599964999999685],[-73.76162659999991,-6.978288299999966],[-73.7446371999999,-6.9621079999999465],[-73.7623566999999,-6.937529199999982],[-73.7219550999999,-6.884611699999946],[-73.7108772999999,-6.8401128999999266],[-73.6953918,-6.840287499999921],[-73.6664820999999,-6.8060822999999715],[-73.638391,-6.753654799999952],[-73.587277,-6.7233047999999656],[-73.56222989999999,-6.722989499999935],[-73.5214405999999,-6.676269399999986],[-73.4580862999999,-6.66737759999996],[-73.3800255,-6.636024299999986],[-73.3828285,-6.621259599999974],[-73.3528944,-6.5930666999999294],[-73.32871669999999,-6.600825799999926],[-73.2816606,-6.583425799999902],[-73.268469,-6.593647799999903],[-73.2556021999999,-6.581084699999973],[-73.2276502999999,-6.5881220999999455],[-73.2296638999999,-6.570865099999924],[-73.218632,-6.563304699999966],[-73.2067317999999,-6.576407199999929],[-73.1999635999999,-6.545639099999956],[-73.1817467,-6.5452578999999815],[-73.1882423,-6.522262399999943],[-73.1524580999999,-6.527123899999966],[-73.1448209,-6.507309299999944],[-73.135572,-6.5109962999999444],[-73.14329349999998,-6.491123799999953],[-73.1116334,-6.453991199999953],[-73.1213931999999,-6.431221899999954],[-73.1041276,-6.41024819999997],[-73.1362371,-6.380029899999917],[-73.160854,-6.276891399999921],[-73.2207885999999,-6.219642899999968],[-73.2174175,-6.182909799999978],[-73.2456809,-6.15329829999997],[-73.2485222999999,-6.107909299999972],[-73.2318304,-6.09088889999994],[-73.2403257,-6.07684299999996],[-73.2282067,-6.0767736999999205],[-73.2379241,-6.036198599999987],[-73.2096162999999,-6.022044699999996],[-73.2193083,-6.020099699999931],[-73.2097171,-6.008319099999962],[-73.1872906999999,-6.005092399999983],[-73.1946272,-5.98998499999995],[-73.1769611,-5.970876199999944],[-73.1871998999999,-5.94452139999992],[-73.1526608,-5.868628899999972],[-73.1172571,-5.864207599999914],[-73.1147187,-5.833403299999948],[-73.0893993,-5.830459199999974],[-73.0963381999999,-5.821917699999994],[-73.0764030999999,-5.816467499999903],[-73.0798971999999,-5.800286499999979],[-73.0546022999999,-5.796577599999975],[-73.0469529,-5.759096699999916],[-73.0179970999999,-5.7393876999999485],[-73.0267375999999,-5.73279399999997],[-72.9994192999999,-5.727833499999986],[-73.0036124,-5.707793499999972],[-72.9905437,-5.706327799999933],[-72.9803295,-5.67778359999993],[-72.9895996,-5.66682189999997],[-72.9588759,-5.656293199999922],[-72.97407250000002,-5.613019799999944],[-72.9511231,-5.583089199999968],[-72.9575239,-5.558526999999974],[-72.93836279999988,-5.5412470999999455],[-72.95308759999989,-5.544875099999935],[-72.960635,-5.522333899999979],[-72.9491417999999,-5.480180699999975],[-72.9588277999999,-5.4659248999999575],[-72.92366820000001,-5.40678589999993],[-72.920776,-5.3765580999999685],[-72.8899481,-5.351275399999978],[-72.9044739,-5.333945899999936],[-72.86076289999988,-5.27020869999994],[-72.8721912999999,-5.263266199999991],[-72.8623059,-5.246781999999962],[-72.8738008,-5.249438299999973],[-72.8637002,-5.233199899999955],[-72.8764102,-5.20340069999998],[-72.8694282,-5.178380899999971],[-72.8881868999999,-5.16443169999996],[-72.8513389999999,-5.13606339999995],[-72.8503623999999,-5.146576099999982],[-72.8245244,-5.1443513999999695],[-72.8234535999999,-5.131467999999946],[-72.815976,-5.1394844999999485],[-72.8190547,-5.1029215999999735],[-72.7866653999999,-5.113735899999949],[-72.7846893999999,-5.09312209999996],[-72.7693092,-5.099957699999949],[-72.7566212999999,-5.076629199999986],[-72.7404577999999,-5.088876499999943],[-72.7283136999999,-5.051469999999914],[-72.6925239,-5.060979099999916],[-72.6702665999999,-5.047193299999924],[-72.6575791,-5.063432799999928],[-72.6423091999999,-5.0446425999999915],[-72.6424087,-5.062601899999931],[-72.6297342,-5.037644599999925],[-72.6214388,-5.050853099999927],[-72.5988730999999,-4.983721199999934],[-72.5852022,-4.998380699999904],[-72.5839506,-4.981791699999934],[-72.5679511,-4.983761799999931],[-72.5520311,-4.955655499999969],[-72.5217799,-4.959818199999933],[-72.5210807999999,-4.932808199999954],[-72.4969943,-4.950269400000007],[-72.487366,-4.9337932999999685],[-72.4810107,-4.95146099999992],[-72.4730347999999,-4.9242603999999535],[-72.4506800999999,-4.915124599999959],[-72.4703178999999,-4.891482999999924],[-72.43431520000001,-4.911104899999923],[-72.4145502,-4.900475699999993],[-72.4230980999999,-4.876849899999948],[-72.4051444,-4.889226799999984],[-72.4006320999999,-4.874593799999989],[-72.38232889999992,-4.873545099999925],[-72.3897805,-4.862121499999909],[-72.3752904,-4.837923699999948],[-72.3897964,-4.8338881000000065],[-72.3589254999999,-4.824069199999925],[-72.3705557,-4.804685499999991],[-72.3447691,-4.806623899999995],[-72.338382,-4.792928299999983],[-72.3234629999999,-4.812836199999945],[-72.3259717999999,-4.778908999999965],[-72.310128,-4.774693499999943],[-72.3065377,-4.790430099999991],[-72.3017864,-4.775265099999945],[-72.2830489999999,-4.782981499999919],[-72.2785476999999,-4.770227999999949],[-72.2843351,-4.795913799999906],[-72.2717244,-4.798235799999898],[-72.2653119,-4.785625099999913],[-72.2544874,-4.790965899999938],[-72.256738,-4.765208699999925],[-72.2438415999999,-4.780980999999941],[-72.2160838,-4.767566499999961],[-72.22276420000001,-4.7551879999999445],[-72.2079744,-4.746935699999983],[-72.1932381,-4.762261399999941],[-72.1921842,-4.745238799999939],[-72.1587997999999,-4.735343199999927],[-72.1405012,-4.710677799999898],[-72.124174,-4.732882699999922],[-72.1251587,-4.715540699999939],[-72.0776643,-4.681077899999956],[-72.0812111,-4.668850199999982],[-72.060443,-4.674175299999964],[-72.0690044999999,-4.659504899999951],[-72.03799579999999,-4.643268199999958],[-72.0428641999999,-4.623261100000002],[-72.0062369,-4.6458760999999225],[-72.0023787,-4.629067799999975],[-71.9819563,-4.626869799999992],[-71.99405,-4.608953199999992],[-71.9474666999999,-4.608719499999974],[-71.9508941999999,-4.581182299999991],[-71.9200463999999,-4.564473099999928],[-71.9193842999999,-4.529516099999977],[-71.8853230999999,-4.537033299999997],[-71.9064531,-4.515377499999948],[-71.8660627,-4.527354399999984],[-71.83986929999999,-4.505328599999944],[-71.8300151999999,-4.514520699999927],[-71.8327027,-4.496701399999978],[-71.8077751,-4.5052896999999525],[-71.8114363999999,-4.493760699999921],[-71.794474,-4.484802400000012],[-71.7845419,-4.497499799999966],[-71.7857688,-4.483536499999968],[-71.7689622,-4.504530200000015],[-71.7509092,-4.494228099999946],[-71.7511818,-4.4683462999999275],[-71.7384454,-4.496526099999917],[-71.707656,-4.510839899999991],[-71.6895251,-4.498045099999997],[-71.65982630000002,-4.502310099999927],[-71.6545682,-4.47220229999996],[-71.6504785,-4.5037511999999635],[-71.6170211,-4.467820500000002],[-71.613613,-4.483867599999909],[-71.6344119,-4.512534199999929],[-71.6029799,-4.5294186999999235],[-71.5682176,-4.5070423999999],[-71.55178110000001,-4.486632999999909],[-71.5590061,-4.478317299999971],[-71.5364739999999,-4.482114899999936],[-71.537253,-4.463769799999989],[-71.5175057,-4.462757099999978],[-71.4946424999999,-4.486223999999947],[-71.5069698999999,-4.438335899999961],[-71.4832302999999,-4.457635199999951],[-71.4785563999999,-4.4345967999999525],[-71.4516035,-4.432493499999986],[-71.4512139999999,-4.447488999999938],[-71.4380102,-4.449845399999976],[-71.43333630000001,-4.428501199999929],[-71.4117583999999,-4.43751789999994],[-71.4326384999999,-4.44974009999995],[-71.4240996,-4.469222699999958],[-71.388968,-4.426353899999952],[-71.34609920000001,-4.426667599999982],[-71.3398955,-4.442142199999956],[-71.3147667,-4.443640899999913],[-71.3082143999999,-4.462600699999922],[-71.3023590999999,-4.444686399999996],[-71.3210053,-4.419627399999935],[-71.2756967999999,-4.439353999999996],[-71.2620694,-4.425377999999978],[-71.2621391,-4.395369899999935],[-71.2807504,-4.399029399999988],[-71.2701552,-4.384948899999955],[-71.2296564,-4.385262599999981],[-71.2231389,-4.4077076999999205],[-71.2171791,-4.380452899999988],[-71.202297,-4.379198199999992],[-71.1945249,-4.424436999999978],[-71.1853237999999,-4.3957880999999555],[-71.16029949999998,-4.392372499999927],[-71.1521789,-4.40526800000002],[-71.1471949,-4.381463699999912],[-71.1159321,-4.409729199999939],[-71.0969373,-4.374911299999928],[-71.07860479999991,-4.375399300000004],[-71.0798247,-4.396624599999908],[-71.0588782,-4.388887299999957],[-71.05121059999989,-4.368812099999975],[-71.0417654999999,-4.400981199999941],[-71.0179611999999,-4.38306689999997],[-70.9970843999999,-4.387284099999974],[-70.9944065999999,-4.344921899999971],[-70.9700806,-4.378438199999926],[-70.9366881,-4.383714599999959],[-70.9327509,-4.356265699999921],[-70.9147326999999,-4.360531199999963],[-70.9007349,-4.326676699999919],[-70.87629389999998,-4.322264099999898],[-70.8774215999999,-4.292454399999941],[-70.8456017,-4.278775299999966],[-70.8635217999999,-4.250044299999995],[-70.8341043999999,-4.254407899999898],[-70.8160617,-4.227981199999895],[-70.824802,-4.218998999999934],[-70.8445884,-4.231191199999928],[-70.845063,-4.218465000000001],[-70.7614677,-4.159135499999955],[-70.7225969,-4.187019999999974],[-70.6911813,-4.187780099999944],[-70.6820474,-4.207081299999959],[-70.6693655,-4.143276799999974],[-70.6506583,-4.162746999999946],[-70.6472904,-4.129068799999924],[-70.6199531999999,-4.127253299999929],[-70.6335559999999,-4.180322799999934],[-70.6162169999999,-4.193399499999924],[-70.5659365,-4.173113599999999],[-70.5724352999999,-4.211396299999958],[-70.55546459999991,-4.202976699999939],[-70.5581619,-4.167624799999956],[-70.5408083999999,-4.155568399999929],[-70.55085,-4.137044999999954],[-70.5081163999999,-4.151083799999995],[-70.5052242,-4.200154299999981],[-70.4852385,-4.161125399999971],[-70.46473279999998,-4.176138999999988],[-70.4530339,-4.158525599999936],[-70.4338605999999,-4.162327799999987],[-70.4345106,-4.131812999999943],[-70.3781281999999,-4.134575299999925],[-70.3391316999999,-4.17919369999993],[-70.32229820000002,-4.142407099999939],[-70.2868439,-4.168144699999932],[-70.2785896999999,-4.228134299999983],[-70.3075446,-4.2457801999999525],[-70.3072845999999,-4.258811499999985],[-70.2846666,-4.271745399999941],[-70.2870713999999,-4.2878964],[-70.2480098999999,-4.272980199999931],[-70.2481724,-4.287376399999986],[-70.2684181,-4.295013299999944],[-70.2580839999999,-4.309311999999969],[-70.2244964,-4.3166830999999375],[-70.2135744,-4.298246099999966],[-70.1978324999999,-4.360402584999971],[-70.1517087,-4.327958899999939],[-70.171728,-4.304491799999926],[-70.1568695,-4.274185799999975],[-70.1194801,-4.285359099999962],[-70.11112819999991,-4.2553921999999345],[-70.0949098,-4.289600499999942],[-70.0395824999999,-4.294411799999992],[-70.0796146,-4.311658099999911],[-70.0414411,-4.334404499999928],[-70.0513213,-4.36251779999999],[-70.04204120000001,-4.3750133],[-70.0270379,-4.3709798999999565],[-70.0365090999999,-4.356478199999955],[-70.0110314999999,-4.330784099999934],[-69.9870546,-4.321796699999932],[-69.9810001,-4.344288199999958],[-69.9436617,-4.3101738999999695],[-69.9482563,-4.225779599999959],[-69.9332226,-4.219717199999967],[-69.4517125,-1.5389493999999857],[-69.45701419999992,-1.4915895000000001],[-69.4338433,-1.4575441000000273],[-69.43421890000002,-1.3982437000000894],[-69.3971222,-1.3602966999998745],[-69.4309173999999,-1.2269402999998895],[-69.3951241,-1.123990900000053],[-69.4331533,-1.0709362999998218],[-69.4198079999999,-1.0694645999999168],[-69.4305939,-1.0610043000000706],[-69.4185732,-1.0439761999999801],[-69.4332913,-1.0410988999998203],[-69.4449799,-1.0239462999998339],[-69.4203990999999,-1.0122437999999685],[-69.4325393999999,-1.007944800000054],[-69.42002559999999,-1.0067659999998257],[-69.4188278,-0.9979431999999022],[-69.4590547,-0.9936190000000263],[-69.4708879,-0.9577092999999967],[-69.5280956,-0.9248066999999062],[-69.5257548,-0.8680013000000905],[-69.57307069999999,-0.8384699999997972],[-69.5642450999999,-0.8066606999998909],[-69.5836207999999,-0.7996673999998289],[-69.586348,-0.7813128000000183],[-69.601106,-0.7841043000001395],[-69.6067125,-0.7540946999998904],[-69.6253531999999,-0.7457884999998727],[-69.5622152999999,-0.6361241000000137],[-69.6032625,-0.5952670999996534],[-69.5914678999999,-0.5605715999999015],[-69.6141112,-0.5339941999997586],[-69.6082853999999,-0.5003705999997393],[-69.7266655,-0.44536780000026543],[-69.7740221,-0.3909117999996383],[-69.82879819999991,-0.37541930000007234],[-69.844795,-0.33708269999942436],[-69.8897845,-0.34185199999954125],[-69.9208414999999,-0.3256261000004731],[-70.0001545,-0.22188159999950177],[-70.0537567,-0.1893037000005914],[-70.0647188,-0.16493510000041472],[-70.0462727,-0.12267020000068232],[-70.046467,0.5629370000002919],[-70.0054123,0.5444686000002424],[-69.9917027,0.5629017999997257],[-70.0005186,0.5735320000003364],[-69.9784226,0.577990400000242],[-69.9361206,0.5528594000001221],[-69.9162592,0.5901311999997462],[-69.88657230000001,0.5770051000000916],[-69.8232406,0.5912699999999653],[-69.8030439999999,0.5717963000002341],[-69.7487814,0.6196380000000373],[-69.738909,0.6087520000001758],[-69.7237186,0.6151693999998079],[-69.71586989999999,0.6408782999997935],[-69.6715909,0.6677400000002629],[-69.649105,0.663580699999976],[-69.6071264999999,0.6130647999999131],[-69.6057036,0.634931999999811],[-69.5869589,0.6405982000001673],[-69.59719460000001,0.654267500000057],[-69.5629011,0.6836761000003311],[-69.5354505999999,0.6794999000001198],[-69.5320510999999,0.7029819000002915],[-69.48004089999992,0.7357727000001061],[-69.4333619,0.7124842999998005],[-69.4359102,0.6994451000000063],[-69.3538429,0.6146620000001072],[-69.33590789999991,0.6430891000000097],[-69.3192452,0.6264643000000344],[-69.2943013,0.649808499999935],[-69.2843683999999,0.6215723000002445],[-69.2952872,0.6043106000002599],[-69.2716454,0.6014461000001687],[-69.1995999,0.6065595999999163],[-69.1940005,0.6508363999997904],[-69.1588452,0.6534230999998709],[-69.1249814999999,0.6339648000002583],[-69.115672,0.6439536000002987],[-69.1454386,0.698252600000152],[-69.1804392999999,0.7156131000000282],[-69.1906025,0.7399709999999112],[-69.1475962,0.7684338000002299],[-69.1671532,0.8437018999999086],[-69.1412632999999,0.8501521000001312],[-69.1384464,0.8827554999999202],[-69.156606,0.8824159000000259],[-69.1912374,0.9166411000001891],[-69.1898212999999,0.93257210000005],[-69.1644497,0.9402034999999405],[-69.2181894,0.9731266000000199],[-69.1982917999999,1.0010153000000432],[-69.2441703,1.0559806999999195],[-69.2875324,1.0530883000000775],[-69.3213943,1.0884140999999155],[-69.3580312,1.0789066000000251],[-69.3753518,1.08945479999993],[-69.41341540000002,1.0389909000000537],[-69.43320349999989,1.0461277999998964],[-69.4401073,1.0745424000000006],[-69.5656082,1.072493800000108],[-69.6075825,1.0983676000000187],[-69.68412519999998,1.0717447000001108],[-69.70465219999991,1.0756103000001302],[-69.7050717,1.1188816999999178],[-69.7712175,1.1051140000001511],[-69.8085613,1.063569800000022],[-69.84657,1.0765210000000134],[-69.8400702,1.7187672000000787],[-69.8220987,1.699127800000017],[-69.78261869999989,1.6925604000000243],[-69.7450368999999,1.7295264000000123],[-69.6290672,1.7231934000001654],[-69.5902267,1.7582444000000599],[-69.5346757999999,1.7768255999999603],[-69.5342545999999,1.7635446000000217],[-69.5134533999999,1.7713505000001133],[-69.4764800999999,1.7433858000001226],[-69.4664585,1.7568426000000035],[-69.393255,1.726748000000132],[-68.163292,1.7277879999999568],[-68.1710965999999,1.7436934000000701],[-68.1850941,1.7300777000001402],[-68.1930123,1.737332700000092],[-68.1778189999999,1.7657097000001047],[-68.1922888,1.7801292000001268],[-68.2394585,1.7706864000001075],[-68.226776,1.8291498000000648],[-68.2747459,1.8192631000000155],[-68.285049,1.8295185999999664],[-68.2730922,1.8446763999999418],[-68.2851489,1.8462968000000495],[-68.2530551,1.8799144000001216],[-68.2453437,1.9257049999999947],[-68.2047474999999,1.983669500000066],[-68.1994978,2.0390754000000486],[-68.18455840000001,1.976701200000003],[-68.171388,1.9783967999999934],[-68.1685024,1.9632102000000204],[-68.1398806,1.970480200000083],[-68.09678669999988,1.8995462999999744],[-68.0640529999999,1.8936999000000532],[-68.0360744,1.8151011000001285],[-67.9997235,1.8388222000000765],[-67.9850676,1.818283100000075],[-67.907677,1.8056231000001428],[-67.9222147,1.8923940000000583],[-67.8708116,1.9016314000001033],[-67.8694690999999,1.920499599999952],[-67.8336315999999,1.940302100000058],[-67.8009436999999,1.9940667000001726],[-67.7843860999999,1.9993091000000853],[-67.7753170999999,2.0352891000000697],[-67.7429003999999,2.0341482000000375],[-67.7255574,2.0093371999999676],[-67.6762917,2.008247899999977],[-67.6563647,1.991846800000033],[-67.6219666,2.0273125000001047],[-67.6264075,2.0392543000000303],[-67.6002665,2.0435056000000653],[-67.5963356999999,2.075539999999992],[-67.5620459,2.1103069000000017],[-67.5499642999999,2.1468369000000695],[-67.4962844,2.1642342999999675],[-67.4892794,2.1779909999999996],[-67.4547358999999,2.1679123000000935],[-67.4457879999999,2.2170972000000555],[-67.3978746,2.235333999999983],[-67.3719374,2.2184658000000876],[-67.37380690000002,2.1909763000001115],[-67.36104520000002,2.18774749999999],[-67.3730107,2.1464698999999836],[-67.3434652,2.131065700000085],[-67.3607056,2.1161551000000434],[-67.3439916,2.0362057000000213],[-67.3523598,1.9996683000000035],[-67.3119942,1.9255070000000731],[-67.3202429,1.9120908000000747],[-67.2646084,1.8555750000000641],[-67.2393941999999,1.8654536000000717],[-67.1747369,1.8443496000001254],[-67.1261535,1.7764279999999741],[-67.1397837,1.760301100000096],[-67.1426924,1.703947099999941],[-67.1297523,1.6870025000000282],[-67.1443343999999,1.6037183000001178],[-67.1030006999999,1.5801652000001711],[-67.1012317,1.5093414000000682],[-67.0772277999999,1.469341800000142],[-67.0869296,1.4144569999999552],[-67.0779812,1.3653734999999279],[-67.1104816,1.3360280000001177],[-67.1325725999999,1.3516723000000448],[-67.1507711,1.345419600000049],[-67.15595109999998,1.319251500000191],[-67.1256973,1.270958100000049],[-67.0982366,1.2548301000001154],[-67.0806674,1.1983457000001918],[-67.0905825,1.1655978000001277],[-66.8568868999999,1.2279543999999145],[-66.3105714,0.7450103000000974],[-66.1963357,0.781898599999858],[-66.1459756,0.7475020999999643],[-66.12289220000001,0.7474454999998408],[-66.1081293,0.7652912000002642],[-66.0778065,0.7612174000001941],[-66.0661165,0.8068776999998156],[-66.0352212999999,0.8165199000001667],[-66.0067606,0.8047475000001759],[-65.9803868,0.8223613000000891],[-65.96701,0.8138676999999186],[-65.9544676,0.8590236000002692],[-65.9397744,0.8639193999998666],[-65.940863,0.8910452000000942],[-65.9100668,0.8891119000002248],[-65.8900199,0.902960399999972],[-65.8822211999999,0.919919999999873],[-65.8933718,0.9343601000001722],[-65.8546148,0.9353119000001842],[-65.7964587,0.9635799000002357],[-65.7722952999999,0.9584760000000304],[-65.7427703,1.001008999999938],[-65.6964379999999,1.0029988000001215],[-65.6862992,0.984176799999901],[-65.6586023999999,1.0116577000000027],[-65.628503,0.9883736000000236],[-65.6281217,1.0141586000000213],[-65.5890570999999,1.0044673999999143],[-65.5858221,0.9814041999999744],[-65.5698563,0.9957622000001716],[-65.5643558,0.9707084999998787],[-65.5430933,0.9705053999998752],[-65.5462995999999,0.956442800000016],[-65.4964548999999,0.8749899999998849],[-65.5043962999999,0.8354196000001904],[-65.5260316,0.8270259999999588],[-65.5318909,0.803772699999868],[-65.5507717999999,0.7946354000002794],[-65.5457511,0.7797304000000013],[-65.5748889,0.7632500000000569],[-65.5913674,0.7216109999999881],[-65.5428022,0.6465878000002493],[-65.5295944,0.6686459999999248],[-65.4259479,0.7039070999999919],[-65.4101721,0.7421901999998884],[-65.4178173,0.7527121999998372],[-65.3908556,0.7590224999999996],[-65.41192,0.8239198999997981],[-65.3965803999999,0.8216297000002682],[-65.3960355,0.8402656000001282],[-65.3561213,0.8649412999999896],[-65.3327312,0.9232952000000644],[-65.3177214999999,0.9205255000000139],[-65.3043276,0.9413376999999673],[-65.2712756,0.9403808000001683],[-65.268789,0.9222968999999664],[-65.2205367,0.9296566000001426],[-65.2137322,0.9025765000001978],[-65.1976938,0.9134287000001236],[-65.1492608999999,1.0024827999999002],[-65.1752936,1.0157594000000743],[-65.156359,1.0504459999999844],[-65.1604315,1.122104200000073],[-65.1312467,1.1212000000001192],[-65.1060447,1.1558320000001225],[-65.0876852,1.14099600000006],[-65.0724203999999,1.1523295000001135],[-65.0621402,1.1429042000000973],[-65.0625805999999,1.1110840999999636],[-65.0127203,1.1091070000000807],[-64.9559537,1.2159772000001916],[-64.9279337999999,1.2109427000001036],[-64.9039537,1.251347100000023],[-64.8724617,1.2230167999999726],[-64.84343540000002,1.2789558000001362],[-64.8013339999999,1.31407440000013],[-64.7841323,1.2920155999999392],[-64.7858628,1.2632049999998893],[-64.7435254,1.226279600000058],[-64.7189984,1.241185500000108],[-64.7006451,1.2801423999999557],[-64.6502297,1.2974915999999652],[-64.6073840999999,1.3387000000001446],[-64.5772011,1.3405647000000545],[-64.5786062,1.3772341999999185],[-64.5575856,1.4133445000000298],[-64.5374699,1.4149558999999408],[-64.5253367,1.4420913000001119],[-64.5112705,1.4352191000000836],[-64.4664518,1.4748918999999385],[-64.4326824999999,1.4722577999999966],[-64.3909004,1.529627799999987],[-64.3469709,1.517707600000079],[-64.3478893,1.4948838000000422],[-64.4098638,1.403001399999922],[-64.3377659,1.3612277000000976],[-64.3233248999999,1.4380396000001356],[-64.3015480999999,1.4641446999999397],[-64.26499,1.482155999999911],[-64.2605945999999,1.502269400000027],[-64.1973077,1.519972500000024],[-64.1682656,1.579583500000112],[-64.1254431999999,1.5784453999999741],[-64.0749706999999,1.6507314000000295],[-64.0612153,1.7013883999999868],[-64.0733152,1.723642199999984],[-64.0660966999999,1.7441099000001028],[-64.0801772,1.7558585000001294],[-64.04992,1.81847930000001],[-64.0694316,1.8524172999999735],[-64.0611066,1.924483900000086],[-63.9923282,1.982463499999953],[-63.957584700000005,1.9932362999999793],[-63.9213743999999,1.9818725000000788],[-63.9031651999999,1.9934097000000135],[-63.8584838,1.9808792000000868],[-63.84100190000001,1.9611368000000715],[-63.8242633999999,1.9941572000000194],[-63.79022580000001,1.9807976000001268],[-63.76399330000001,2.00551839999999],[-63.749361300000004,1.9951555999999897],[-63.7003745,2.04890849999997],[-63.6866449999999,2.0372492000000064],[-63.6908612,2.020759400000031],[-63.6642634999999,2.019084900000011],[-63.661849100000005,2.0673930000000826],[-63.632720199999895,2.07198819999998],[-63.614839199999906,2.1088915999999727],[-63.5479096999999,2.1345041000000835],[-63.50729820000001,2.110579400000029],[-63.4752053,2.1237750999999863],[-63.4733207,2.1416068000000528],[-63.4354445,2.1241605999999824],[-63.39293779999999,2.1485072000000325],[-63.399976200000005,2.201988000000085],[-63.3716903,2.2114646000001175],[-63.276351399999996,2.1543897000000154],[-63.1654596,2.1803133999999957],[-63.13758870000001,2.1610553000000436],[-63.1072404999999,2.0793441999999827],[-63.05356809999991,2.0288897000001307],[-63.023776100000006,2.0146793999999497],[-62.9484826999999,2.031041400000087],[-62.83857149999991,2.016386400000006],[-62.70602939999999,1.939723199999991],[-62.704179100000005,1.87394679999999],[-62.7310732999999,1.8182322999999672],[-62.72373179999989,1.7123987000001062],[-62.79299280000001,1.635312200000023],[-62.8052823,1.5913456999999884],[-62.7363493,1.529629600000079],[-62.7207753,1.488544700000049],[-62.6355058999999,1.431819899999997],[-62.54524009999991,1.120762199999987],[-62.52108789999989,1.0838159000000693],[-62.471620899999905,1.0862815999999489],[-62.4777301999999,1.0279473999999964],[-62.4435842999999,0.968241800000054],[-62.48607390000001,0.8665337000000839],[-62.45773510000001,0.7851979000001011],[-62.500494199999906,0.7479482999999668],[-62.537190599999995,0.6851474000001888],[-62.5182976999999,0.5838168999999624],[-62.5330086,0.5088084000002258],[-62.5186613,0.4437009000004142],[-62.485246,0.454080400000155],[-62.4463713,0.37911380000045003],[-62.46688909999989,0.33296780000003223],[-62.46829029999999,0.2757532000004646],[-62.452743600000005,0.20741420000018612],[-62.428575599999995,0.1735341000001035],[-62.4217735,0.09784320000052922],[-62.336603999999994,0.021567000007244336],[-62.31305159999991,-0.046988899997972705],[-62.330691400000006,-0.05480709999910176],[-62.3145663999999,-0.06902639999877443],[-62.3197948,-0.0963412000013409],[-62.2778208999999,-0.14984689999938072],[-62.241564,-0.17046730000038585],[-62.2530225,-0.21290529999983882],[-62.2506526,-0.24801360000058398],[-62.23726390000001,-0.25177610000049994],[-62.253389,-0.2700020999994183],[-62.2480628,-0.29633930000042336],[-62.2308414,-0.3157226999995138],[-62.2193096,-0.30565689999978163],[-62.18691290000001,-0.32559300000051133],[-62.20816860000001,-0.367614999999938],[-62.2015231999999,-0.386720399999672],[-62.213983400000004,-0.3872089999999758],[-62.2259061999999,-0.4209240999999335],[-62.24203119999999,-0.4202400999999254],[-62.2709829999999,-0.44967960000021506],[-62.2804626,-0.44332749999985843],[-62.2673670999999,-0.4692245000000148],[-62.2845670999999,-0.471618699999586],[-62.28530010000001,-0.49297139999988515],[-62.3072399,-0.5081185999995945],[-62.2999103,-0.5294223999998647],[-62.318429699999996,-0.5446182999997922],[-62.2906262,-0.5984635000000825],[-62.301815999999995,-0.6148807999997787],[-62.28935580000001,-0.6224054000000966],[-62.292874,-0.6477151999997026],[-62.32668770000001,-0.6529921999998706],[-62.34193319999999,-0.6731227000000415],[-62.369883199999904,-0.667845799999863],[-62.357007599999996,-0.7023656000001185],[-62.3821725,-0.7031961999999546],[-62.4029884,-0.722398099999788],[-62.42712709999999,-0.6897595999999104],[-62.48662730000001,-0.6814672999997303],[-62.50829179999991,-0.7142492000001778],[-62.49495679999999,-0.7506341999997611],[-62.5102376999999,-0.7589685000001835],[-62.4807979,-0.7950774999999419],[-62.46551249999991,-0.7889711999997308],[-62.448299399999904,-0.8100743999998726],[-62.4427378,-0.8020265000001591],[-62.395797300000005,-0.8203566999999843],[-62.3760672,-0.836469300000041],[-62.3763474,-0.8661923000001154],[-62.293847199999995,-0.9481296999998919],[-62.2721852,-0.9520216999999721],[-62.2591241,-0.9759149000001326],[-62.2038517999999,-0.9828517000000921],[-62.199960399999995,-1.0003541999998398],[-62.1255176999999,-1.0373018999998385],[-62.11134669999999,-1.0603608999998249],[-62.1182904,-1.0764675999997992],[-62.0996815,-1.0967432999999953],[-62.062179,-1.0997991999998058],[-62.0316230999999,-1.1264629000000144],[-61.9499562,-1.2970205000000472],[-61.90912899999999,-1.348685100000043],[-61.8966239,-1.3953552999999181],[-61.826905,-1.4017427000000513],[-61.7902124,-1.3789673000000198],[-61.624404899999895,-1.4386891999998135],[-61.4746775999999,-1.5789672999998963],[-61.473291,-1.527849700000005],[-61.51648219999999,-1.5024302999999215],[-61.538294099999995,-1.433404199999922],[-61.573842399999904,-1.4286890999998327],[-61.58190569999989,-1.409522000000046],[-61.61912149999989,-1.3947977000000165],[-61.5821751999999,-1.3534072999998372],[-61.6288494999999,-1.3014678000000823],[-61.6070712,-1.2744238000000674],[-61.5871347,-1.1944034999999713],[-61.5707164999999,-1.182776400000024],[-61.5811734,-1.1565909000000396],[-61.56612330000001,-1.129135000000051],[-61.579512,-1.1106679999999103],[-61.56612330000001,-1.0997244999998983],[-61.5778506,-1.0799871999999253],[-61.5428641999999,-1.0622038999998207],[-61.5440369,-1.0295682999998974],[-61.5594778999999,-1.0111984000000989],[-61.5426687,-0.9927307999998206],[-61.579414299999904,-0.9833502999999393],[-61.58273700000001,-0.9369362999999727],[-61.5383687,-0.8482104999999059],[-61.5489233,-0.8042376999998077],[-61.5356323,-0.7544012000000401],[-61.4846186,-0.7168770000001161],[-61.4651708,-0.6601990999999483],[-61.43223660000001,-0.6540426999997608],[-61.43350710000001,-0.6330326000002573],[-61.359527399999905,-0.5969243999996706],[-61.23180560000001,-0.5604880999996775],[-61.2213093,-0.4990085000001053],[-61.16733159999999,-0.5162354999996064],[-61.1595283,-0.49838649999993273],[-61.0965332,-0.49892429999963356],[-61.07054339999999,-0.512501900000092],[-61.05943330000001,-0.5420569000002913],[-60.9948082999999,-0.5610602000002183],[-60.9329135,-0.5481666999997816],[-60.920259200000004,-0.6194204999998395],[-60.89406460000001,-0.6448000999996666],[-60.8614279,-0.6456566999999969],[-60.85577430000001,-0.6858316000001191],[-60.8079327999999,-0.6943617000000833],[-60.806617,-0.7397532000001142],[-60.7718723999999,-0.7550890000000562],[-60.7879847999999,-0.782739899999746],[-60.75652639999999,-0.7912637000000131],[-60.7698214,-0.8018254999998368],[-60.764733299999904,-0.8600764999999488],[-60.7286893,-0.852952000000104],[-60.7358657,-0.866179599999889],[-60.6725117999999,-0.869867699999771],[-60.66907509999999,-0.8878873999999886],[-60.62033969999991,-0.8632599999999461],[-60.6201207999999,-0.8511913999998583],[-60.5955552,-0.8658028000000012],[-60.587260399999906,-0.8428030000000877],[-60.53029320000001,-0.867309500000163],[-60.502508999999996,-0.8405166999998678],[-60.51868540000001,-0.8257323000001485],[-60.49338310000001,-0.8114813999997303],[-60.4978505999999,-0.780860599999837],[-60.47467840000001,-0.7613274000000869],[-60.4260264,-0.7713813999997164],[-60.405309200000005,-0.7512431999999569],[-60.38502030000001,-0.7536147000001578],[-60.3737606999999,-0.7312858999997478],[-60.3633387,-0.7433020999997365],[-60.31146090000001,-0.7184527000000647],[-60.302482399999995,-0.6906180999999114],[-60.3159342,-0.6355576000001288],[-60.3535535999999,-0.6177710999999337],[-60.3677238,-0.5820937999996973],[-60.38216920000001,-0.5879908999998024],[-60.38914579999991,-0.574253499999971],[-60.3768772999999,-0.5691804999999954],[-60.4054942,-0.5146829000001804],[-60.38845919999991,-0.4973520999996823],[-60.3835903,-0.4605396000001964],[-60.3455915,-0.436315500000142],[-60.3522505999999,-0.40662770000007964],[-60.3250954,-0.377922699999607],[-60.3244814999999,-0.3332888000003175],[-60.3033288999999,-0.3250763999994903],[-60.2922755,-0.2945226000001888],[-60.31044189999991,-0.26215400000003036],[-60.296510999999995,-0.24964200000051928],[-60.303360700000006,-0.2099526000001964],[-60.2805875999999,-0.20956870000068878],[-60.268842600000006,-0.17661309999905073],[-60.221173399999905,-0.14176589999974007],[-60.2393013999999,-0.11230440000004538],[-60.2108138,-0.06388049999966577],[-60.2118887999999,-0.03939969999960312],[-60.13258289999991,0.027690199995311],[-60.1399613999999,0.04542770000175651],[-60.1179726999999,0.08139140000186966],[-60.1336090999999,0.10347779999893367],[-60.1104965,0.13494599999918147],[-60.05908290000001,0.16299690000112277],[-60.0379685999999,0.26354549999959975],[-58.8954648,0.26351030000012665],[-58.8983284,-0.017913600009953696],[-58.863391,-0.08708500000189448],[-58.863097200000006,-0.1609360000006841],[-58.8810379999999,-0.19657939999963933],[-58.8653947,-0.26554879999943337],[-58.873095199999995,-0.34372110000039835],[-58.8433372,-0.37020480000008016],[-58.783479099999994,-0.38896799999950854],[-58.7252824,-0.43831910000022245],[-58.73652100000001,-0.47174089999983],[-58.709988,-0.5170358999997983],[-58.7090107,-0.5458642999996911],[-58.7297778,-0.5635520999999215],[-58.7256733,-0.6084066999999143],[-58.7378403,-0.6178368999997622],[-58.7081312,-0.6519904999998503],[-58.7075937,-0.6784728999999767],[-58.6744641,-0.6950364999997192],[-58.66371399999999,-0.7176098999998262],[-58.634053699999996,-0.7191734000001722],[-58.61284690000001,-0.7583099999999211],[-58.573071799999994,-0.7818113999999098],[-58.5559694999999,-0.813716299999803],[-58.5337364,-0.8166478000001649],[-58.5337853,-0.8303282999997689],[-58.520005700000006,-0.8267615999999083],[-58.511259100000004,-0.841272599999913],[-58.4895147,-0.8326735000001262],[-58.48907500000001,-0.8597899000001339],[-58.440003499999904,-0.8742030999999337],[-58.4349706,-0.8938927999998221],[-58.4546627,-0.899462599999977],[-58.444157000000004,-0.9028825999999127],[-58.44904330000001,-0.935421699999851],[-58.410440999999906,-0.9805165999999963],[-58.4289115,-1.0286155999998625],[-58.41195580000001,-1.0477670999999777],[-58.39109089999991,-1.0413670000000503],[-58.36372719999999,-1.0711199000000884],[-58.3583034,-1.107712299999828],[-58.3355817,-1.1156756000000372],[-58.32126459999991,-1.1456231999997835],[-58.255884900000005,-1.1308204000000674],[-58.2429849,-1.1575435999999646],[-58.2052131999999,-1.1693172999998458],[-58.206190499999906,-1.1863671999999013],[-58.197981399999904,-1.1807978999998563],[-58.154004,-1.2326796999998249],[-58.11818689999999,-1.1882724000001084],[-58.12361069999999,-1.164138799999918],[-58.0928266,-1.1615983999998472],[-58.05867080000001,-1.1065397999998343],[-58.0173321,-1.103608499999849],[-58.0116149999999,-1.1364386999998637],[-57.96578079999989,-1.1693172999999393],[-57.97574900000001,-1.1929134999999724],[-57.9586955999999,-1.2225182999999415],[-57.9719865,-1.2290645999998095],[-57.9987149999999,-1.3312864999999754],[-57.9891377,-1.3534644999998875],[-57.9689081,-1.3586426000000145],[-57.9732569999999,-1.3747630999999623],[-57.95431,-1.3797701999998315],[-57.9578771,-1.4034620999998964],[-57.91145650000001,-1.4047321999998452],[-57.90964859999999,-1.428619199999909],[-57.82281770000001,-1.4386819999998874],[-57.7953318,-1.4872368000000378],[-57.771584,-1.4869680999999533],[-57.77998860000001,-1.5100238999999638],[-57.7120679999999,-1.5033319000000889],[-57.69770199999991,-1.5585281999999612],[-57.7061555,-1.572449199999938],[-57.6784009,-1.5946736999999955],[-57.6592462999999,-1.5805087000000095],[-57.62191440000001,-1.5891541999998697],[-57.6007074999999,-1.5721560999998698],[-57.5880518,-1.580606299999985],[-57.595088200000006,-1.600193200000049],[-57.55316309999991,-1.6067872000000016],[-57.52184140000001,-1.6292067000000425],[-57.5258971,-1.6553380999999794],[-57.50600949999989,-1.6419060999999247],[-57.4781571999999,-1.6582686999999354],[-57.4730754,-1.678880400000017],[-57.4396525,-1.6650579000000516],[-57.43564570000001,-1.6911888000000033],[-57.4024671999999,-1.6766336999998954],[-57.3857558,-1.6976847999999145],[-57.3990223,-1.713851599999887],[-57.3923768999999,-1.724792099999977],[-57.37292909999999,-1.7142422999998972],[-57.3514289999999,-1.7367093999999215],[-57.3445881,-1.715023799999989],[-57.33193240000001,-1.7156586999999548],[-57.3048618999999,-1.7327532999999982],[-57.292255,-1.7082835999999288],[-57.2636209,-1.722203499999967],[-57.2586368,-1.696854500000072],[-57.2308333,-1.7275272000000397],[-57.2040071,-1.7112141000000225],[-57.2006843999999,-1.7352929999999467],[-57.1667729,-1.7188333999998362],[-57.164232,-1.7685047999998922],[-57.1268512,-1.7660139999998294],[-57.1142199,-1.7925586000000067],[-57.084804,-1.7804951000000067],[-57.0792824,-1.8025707999998828],[-57.0609585,-1.8108734999999427],[-57.0725391999999,-1.8385652000000305],[-57.0284152,-1.9180237999999135],[-56.98835089999991,-1.9071602999998571],[-56.9527706,-1.9602300999998952],[-56.897374799999994,-1.9762236999998917],[-56.8499562,-2.020171799999932],[-56.7669923999999,-2.008697600000017],[-56.7389669999999,-2.0170094999999995],[-56.7213821999999,-2.0591743999998795],[-56.7694296999999,-2.1406729000000233],[-56.768539200000006,-2.1657519999999773],[-56.7077679,-2.183901999999958],[-56.6898514,-2.2089402999999286],[-56.6129132,-2.210171299999906],[-56.5977918,-2.1749551999998653],[-56.5695909999999,-2.174758899999962],[-56.5270652999999,-2.139195199999877],[-56.47789329999989,-2.17037639999991],[-56.4441803,-2.1539256999999745],[-56.4138828,-2.1759495999999126],[-56.375062699999894,-2.1387776999999226],[-56.325957,-2.145767699999931],[-56.2974569,-2.1008075],[-56.25615260000001,-2.0883160999999735],[-56.2283772,-2.056220399999968],[-56.0986505,-2.026944599999935],[-56.0937405999999,-1.9984334999998952],[-56.09755799999991,-2.0371331999999662],[-56.10241630000001,-2.0480179999998906],[-56.1811805,-2.1605650000000054],[-56.2634985999999,-2.2210563999999735],[-56.3912,-2.2764073999998944],[-56.4208333999999,-2.360191799999873],[-56.4639372999999,-2.4207292999999663],[-56.46117535,-2.4342398349999206],[-56.4021071999999,-2.456516799999923],[-58.2552559,-6.454117499999946],[-58.2861377999999,-6.490080299999914],[-58.32705620000001,-6.500373999999972],[-58.3498865999999,-6.562401099999911],[-58.4273057999999,-6.616167499999934],[-58.4784711999999,-6.699613599999936],[-58.48175560000001,-6.781421699999945],[-58.43455590000001,-6.9088064999999945],[-58.38024979999991,-6.970503999999958],[-58.335422099999995,-6.986372600000002],[-58.28302469999989,-7.073912899999927],[-58.2473964,-7.084299999999929],[-58.2131055,-7.131329599999965],[-58.16975,-7.22223759999998],[-58.1712434,-7.31149629999993],[-58.1372446,-7.355673299999987],[-58.213060000000006,-7.4585346999999995],[-58.2227233,-7.524037799999993],[-58.20217059999991,-7.620854299999954],[-58.2805456999999,-7.706457199999914],[-58.2940558,-7.771540499999956],[-58.371689800000006,-7.8212105999999455],[-58.3847416999999,-7.843989099999953],[-58.3732449,-7.907199899999996],[-58.33150259999999,-7.968762799999974],[-58.3217286,-8.024981699999971],[-58.2863641,-8.088477499999936],[-58.29016730000001,-8.135599999999965],[-58.322464200000006,-8.170039399999933],[-58.31294530000001,-8.209104899999966],[-58.3280834999999,-8.285829199999963],[-58.31489309999991,-8.32306009999993],[-58.3502774999999,-8.345667699999959],[-58.354577499999905,-8.392754099999925],[-58.41995719999991,-8.502181499999924],[-58.4051026,-8.537554999999916],[-58.410468900000005,-8.57039189999995],[-58.389518300000006,-8.59479249999992],[-58.4373006,-8.703352499999957],[-58.41195580000001,-8.72060889999996],[-58.3510264,-8.701584199999974],[-58.32622439999991,-8.720032399999976],[-58.395339400000005,-8.780334599999959],[-58.44286790000001,-8.799399099999968],[-61.58313480000001,-8.79868909999995],[-61.60602779999991,-8.794713999999923],[-61.6305548999999,-8.721958399999927],[-61.705361700000005,-8.707526399999946],[-61.7132741999999,-8.687852699999953],[-61.741853999999904,-8.695192899999915],[-61.7443868,-8.717409499999983],[-61.7746056,-8.74822889999998],[-61.8365008,-8.73272259999992],[-61.861024900000004,-8.8036155],[-61.859748599999904,-8.852973299999976],[-61.9139746,-8.87734119999993],[-61.9852218999999,-8.878606299999962],[-62.03106100000001,-8.799710099999963],[-62.1249716999999,-8.801671099999968],[-62.1550309,-8.73964229999997],[-62.1488017999999,-8.718308799999926],[-62.1717727,-8.695074899999957],[-62.165087,-8.679393799999955],[-62.20053060000001,-8.644292799999954],[-62.17664250000001,-8.636919699999954],[-62.1883884,-8.590558699999983],[-62.268888499999896,-8.575758599999974],[-62.2932829,-8.595990999999952],[-62.28130409999991,-8.638589899999948],[-62.33577759999999,-8.609484599999965],[-62.3419984999999,-8.594843199999968],[-62.3258046999999,-8.56370739999993],[-62.337358699999996,-8.516638899999997],[-62.36605120000001,-8.493561699999931],[-62.3650823,-8.391022099999915],[-62.4322478,-8.372028099999968],[-62.465474599999894,-8.339739999999935],[-62.51847250000001,-8.384738199999951],[-62.5363685999999,-8.358460799999937],[-62.5496112,-8.364870899999955],[-62.5570218,-8.285636499999963],[-62.5832715999999,-8.26981779999995],[-62.5995159999999,-8.277203899999964],[-62.6197086999999,-8.24322369999991],[-62.6463785999999,-8.240917699999954],[-62.65686319999999,-8.202000499999926],[-62.6855636999999,-8.18016859999991],[-62.6713860999999,-8.141519199999943],[-62.687518600000004,-8.118154799999946],[-62.6815551,-8.101215499999942],[-62.7456372,-8.04228169999995],[-62.8109334,-8.026300099999938],[-62.8414087,-7.988263099999907],[-62.8772065809999,-7.975922216999942],[-63.6212490999999,-7.976531699999948],[-63.6217789999999,-8.02961079999992],[-63.6670003,-8.081603299999928],[-63.66989770000001,-8.121743199999965],[-63.69342110000001,-8.158348699999957],[-63.7470344,-8.198583199999991],[-63.722761399999996,-8.249498999999968],[-63.7735082999999,-8.32073279999995],[-63.7912312999999,-8.33321529999993],[-63.8707593999999,-8.28881959999995],[-63.9108358999999,-8.328524799999972],[-63.94412249999991,-8.331187699999951],[-63.9453731999999,-8.387826099999936],[-63.9778954,-8.420132899999958],[-63.943950899999905,-8.435269399999973],[-63.940838400000004,-8.45226399999997],[-63.9745045999999,-8.487238099999988],[-63.94378809999991,-8.526604399999945],[-63.9456203999999,-8.550497999999966],[-63.9231713999999,-8.559293499999956],[-63.9245687,-8.57552539999994],[-63.9459538999999,-8.609485299999953],[-63.9725402999999,-8.58245249999992],[-63.98620970000001,-8.585633899999939],[-64.0354821,-8.693557699999934],[-64.0278691999999,-8.71566619999994],[-64.0673962,-8.710725299999963],[-64.0947671,-8.728363499999967],[-64.1245948,-8.716713799999972],[-64.14306709999991,-8.743031499999965],[-64.1294589999999,-8.805162699999915],[-64.15820330000001,-8.843167499999918],[-64.1434333999999,-8.95353239999998],[-64.2332051,-8.99230809999995],[-64.3113185,-8.99647079999993],[-64.326072,-8.97983209999994],[-64.3095688,-8.934492899999972],[-64.3233996,-8.928860599999963],[-64.4465739999999,-8.976870499999974],[-64.5501239,-8.978270899999918],[-64.611074,-9.016451799999986],[-64.641538,-9.006645999999938],[-64.6713761999999,-9.014796199999989],[-64.6992671,-8.988261999999963],[-64.7535697,-9.020748199999966],[-64.7916271,-8.986402799999933],[-64.8393242,-8.994111399999936],[-64.8940990999999,-9.043701799999932],[-64.9172667999999,-9.04314109999997],[-64.9156801,-9.074614299999956],[-64.9399298,-9.124565799999973],[-64.9196828,-9.22028029999995],[-64.9360779,-9.255811199999936],[-64.9628795,-9.292776599999966],[-65.0005153,-9.304613799999958],[-65.0058466999999,-9.343529399999982],[-65.0393083,-9.359581299999947],[-65.053546,-9.402142299999962],[-65.0922916,-9.409386699999969],[-65.0978499999999,-9.432515799999976],[-65.1428806,-9.446812299999964],[-65.1854632,-9.427031699999938],[-65.1735439,-9.38544849999994],[-65.1961582,-9.375262899999935],[-65.1883246,-9.344852499999947],[-65.2080252,-9.285633199999953],[-65.2466613999999,-9.257663599999923],[-65.38521089999992,-9.33803109999997],[-65.4470183999999,-9.316376399999955],[-65.4566002,-9.401208699999916],[-65.4347157999999,-9.46633299999996],[-65.4678802999999,-9.459291299999968],[-65.4928012,-9.473663799999933],[-65.5065501999999,-9.447697999999926],[-65.59677550000002,-9.41386519999996],[-65.6794351999999,-9.451392899999984],[-65.6809976,-9.500407499999946],[-65.72354809999999,-9.559056599999947],[-65.7503267,-9.553623099999978],[-65.791522,-9.585644399999977],[-65.8180265999999,-9.56225589999997],[-65.8250771,-9.53009119999995],[-65.8482485,-9.532324299999972],[-65.8466076999999,-9.516411299999948],[-65.8809080999999,-9.487464899999951],[-65.9126343999999,-9.483750299999938],[-65.9703006,-9.413160099999947],[-66.0266341,-9.400841699999933],[-66.0597395999999,-9.418217599999927],[-66.1238908,-9.408779399999956],[-66.1736328,-9.434418699999997],[-66.2434147,-9.429387099999918],[-66.267804,-9.409763399999985],[-66.2904394,-9.412494699999973],[-66.2841857999999,-9.43216359999996],[-66.3074975,-9.436845299999971],[-66.3189161999999,-9.419963599999946],[-66.3747764,-9.426366099999951],[-66.4088584,-9.406946599999962],[-66.4147219,-9.421948799999921],[-66.39005230000001,-9.455629699999962],[-66.3924143,-9.500480099999947],[-66.4949167999999,-9.601583199999952],[-66.5006134,-9.633564199999947],[-66.5863065999999,-9.673558899999936],[-66.6094487,-9.66489849999993],[-66.7253896999999,-9.756072499999947],[-66.7753635999999,-9.75309129999996],[-66.7805792,-9.79139329999998],[-66.8102531,-9.818045899999952],[-67.3258172,-9.592381499999934]]]}},{"type":"Feature","properties":{"SIGLA_UF":"PB","NM_UF":"Paraíba","NM_REGIAO":"Nordeste"},"geometry":{"type":"MultiPolygon","coordinates":[[[[-34.797788899999894,-7.362951699999957],[-34.79816370000001,-7.3629795999999565],[-34.7979951999999,-7.362775099999948],[-34.797788899999894,-7.362951699999957]]],[[[-34.7990452999999,-7.362543799999998],[-34.798798099999914,-7.362406799999978],[-34.79873309999991,-7.362482799999931],[-34.7990452999999,-7.362543799999998]]],[[[-34.79875700000001,-7.360625299999987],[-34.79898389999989,-7.3605475999999825],[-34.798879499999906,-7.3604862999999225],[-34.79875700000001,-7.360625299999987]]],[[[-34.795949699999895,-7.34899579999997],[-34.7955871,-7.349791599999965],[-34.79600909999989,-7.350133999999988],[-34.795949699999895,-7.34899579999997]]],[[[-34.79757190000001,-7.34884489999994],[-34.7972827,-7.34850619999998],[-34.7971307999999,-7.348581399999933],[-34.79757190000001,-7.34884489999994]]],[[[-36.95130479999991,-8.297108399999958],[-37.0119701,-8.294030199999964],[-37.04333369999989,-8.26455989999996],[-37.0812025,-8.266373699999953],[-37.06741770000001,-8.230102499999914],[-37.0808954,-8.221891499999971],[-37.1004278,-8.233706499999915],[-37.122914799999904,-8.209066399999914],[-37.11826009999991,-8.17535189999992],[-37.1636159999999,-8.165761899999932],[-37.1425578,-8.117944799999956],[-37.15809239999991,-8.051224299999943],[-37.15033779999991,-8.015263799999964],[-37.1933946,-7.982866699999908],[-37.192675599999994,-7.960598199999935],[-37.20791990000001,-7.9518660999999575],[-37.2195887999999,-7.97279339999994],[-37.2955755,-7.964920999999928],[-37.3573685,-7.974955999999978],[-37.349903700000006,-7.946644499999924],[-37.3089763999999,-7.934176199999943],[-37.30798419999999,-7.91498629999996],[-37.3221725,-7.910501999999973],[-37.244648,-7.874899999999978],[-37.247150299999895,-7.846803899999955],[-37.2220929,-7.842249999999977],[-37.228105399999905,-7.8211534999999985],[-37.2436561,-7.81900179999998],[-37.1915375999999,-7.791169399999919],[-37.17066750000001,-7.800228999999953],[-37.1519506999999,-7.779844199999962],[-37.14000309999991,-7.741933999999968],[-37.197946199999905,-7.635297899999969],[-37.1635694,-7.574714899999967],[-37.087454900000004,-7.518335599999959],[-36.9842255999999,-7.482261700000004],[-37.02122580000001,-7.440196999999947],[-37.01297120000001,-7.404288699999949],[-37.0256234,-7.386044199999978],[-37.0674122,-7.383379699999995],[-37.08562269999991,-7.358256399999939],[-37.1653413999999,-7.336595299999938],[-37.176925,-7.309552499999958],[-37.2341787999999,-7.273886899999975],[-37.33058569999999,-7.288283499999986],[-37.357008199999896,-7.320989099999943],[-37.3495118,-7.3370284999999695],[-37.385713699999904,-7.356693799999973],[-37.49603799999989,-7.3648222999999815],[-37.48695789999991,-7.39505449999997],[-37.533066899999895,-7.472953199999956],[-37.60977079999999,-7.508030799999951],[-37.63037810000001,-7.532510999999966],[-37.6595293999999,-7.523137399999954],[-37.6821509,-7.548375999999949],[-37.7065057,-7.550583799999972],[-37.707567700000006,-7.571722999999949],[-37.72873189999999,-7.579730399999958],[-37.75584769999989,-7.61952179999996],[-37.7403679999999,-7.636085299999941],[-37.750648,-7.662889399999944],[-37.76097450000001,-7.666810499999927],[-37.785827599999905,-7.625798199999962],[-37.85715889999991,-7.651968899999916],[-37.9027469,-7.694737199999968],[-37.894334899999905,-7.713625799999914],[-37.92393489999991,-7.715111899999958],[-37.9705997999999,-7.7775768999999375],[-38.00397100000001,-7.778986399999959],[-38.0395816,-7.748119099999921],[-38.06947830000001,-7.772324299999964],[-38.0757411,-7.8053835999999714],[-38.06535000000002,-7.819747799999955],[-38.0770694,-7.8305795999999495],[-38.11617820000001,-7.82256019999993],[-38.1391963,-7.786238099999905],[-38.1642189999999,-7.77990879999994],[-38.23857069500001,-7.830726094999911],[-38.2857074,-7.830922399999982],[-38.29981719999989,-7.763195599999959],[-38.31675990000001,-7.764607499999954],[-38.3021573,-7.745204399999993],[-38.31202969999999,-7.7163132999999755],[-38.35749589999989,-7.67716189999991],[-38.40950780000001,-7.730493299999953],[-38.4550177,-7.717581399999948],[-38.500548699999996,-7.751482099999975],[-38.5899573999999,-7.7556815000000014],[-38.64208389999991,-7.677636599999982],[-38.71410309999991,-7.623311199999939],[-38.71102499999991,-7.586633999999935],[-38.6553251,-7.565542999999939],[-38.6546577999999,-7.5222218999999795],[-38.6305654,-7.483952199999954],[-38.6462572999999,-7.462718099999948],[-38.603328000000005,-7.457591999999957],[-38.6058030999999,-7.4445744999999395],[-38.58530079999999,-7.434815100000003],[-38.5953292,-7.411481199999974],[-38.5345869,-7.293792999999918],[-38.55196209999999,-7.243478499999963],[-38.595113000000005,-7.246528899999904],[-38.615367999999904,-7.2301857999999815],[-38.6248027999999,-7.191320599999947],[-38.687830000000005,-7.190161199999984],[-38.6564059,-7.092425799999916],[-38.67724200000001,-7.067102499999964],[-38.6698489999999,-7.047704599999987],[-38.7651073,-6.993225399999976],[-38.742250399999904,-6.9742784999999845],[-38.7656034,-6.949465499999977],[-38.7552434999999,-6.93912609999994],[-38.7641632,-6.909264599999945],[-38.6754169,-6.861829399999993],[-38.667890600000014,-6.828014499999952],[-38.63635020000001,-6.8047272999999455],[-38.63851499999999,-6.791883999999906],[-38.6138367999999,-6.783544799999949],[-38.652680200000006,-6.759764099999904],[-38.6731505,-6.697221199999962],[-38.6464061,-6.662426399999952],[-38.65678749999999,-6.636601799999943],[-38.629160399999904,-6.6045823999999795],[-38.6428534,-6.581177699999975],[-38.6070845,-6.529514799999971],[-38.6122882,-6.513191299999963],[-38.57577710000001,-6.477965099999944],[-38.55426539999999,-6.432763099999913],[-38.51790930000001,-6.408731699999966],[-38.5293998999999,-6.3928899999999365],[-38.5719683999999,-6.404106599999979],[-38.6018015,-6.391710999999896],[-38.573108100000006,-6.374918399999951],[-38.5760753,-6.362691899999947],[-38.5337961,-6.341725099999963],[-38.5054211999999,-6.356509099999946],[-38.4583865,-6.330213600000009],[-38.489754600000005,-6.3634481999999375],[-38.48506139999991,-6.399419299999976],[-38.452063699999904,-6.392489299999962],[-38.4260411999999,-6.414123799999939],[-38.399319399999996,-6.409792499999993],[-38.373663,-6.4557809999999165],[-38.3307028999999,-6.458913299999917],[-38.2887198,-6.5056172999999005],[-38.23922889999991,-6.480297299999972],[-38.1874544999999,-6.499185599999974],[-38.1478822,-6.491487599999971],[-38.1355176,-6.51847609999991],[-38.1170574,-6.522668499999929],[-38.0497113,-6.441049999999969],[-38.04064449999999,-6.473043599999913],[-38.01294660000001,-6.468853499999987],[-38.01369569999999,-6.427427300000003],[-37.9790841999999,-6.42669319999996],[-37.9553956,-6.398208299999964],[-37.9454375,-6.422620099999945],[-37.926051399999906,-6.4211377999999275],[-37.8862495,-6.397000599999974],[-37.8882247,-6.364369499999945],[-37.8598274999999,-6.374877299999994],[-37.84153100000001,-6.363030699999955],[-37.842521000000005,-6.329991499999981],[-37.8147549999999,-6.315143199999949],[-37.82403010000001,-6.30603369999994],[-37.8121239,-6.292726799999962],[-37.75766250000001,-6.290772199999943],[-37.77142190000001,-6.27306509999993],[-37.7605164,-6.254090599999946],[-37.7766131999999,-6.245874899999933],[-37.7616446,-6.236288799999978],[-37.7756165,-6.2313434999999675],[-37.74237389999999,-6.188975399999922],[-37.7075242,-6.176855399999959],[-37.6467119,-6.189392299999975],[-37.5696205,-6.155438699999928],[-37.539995,-6.165930299999943],[-37.5363508,-6.152835999999984],[-37.45894739999991,-6.14500219999997],[-37.44569310000001,-6.112201399999969],[-37.39363189999991,-6.10938769999993],[-37.3823388,-6.085553799999971],[-37.3544342,-6.086485899999955],[-37.29800959999991,-6.049554499999914],[-37.27247740000001,-6.055702499999937],[-37.253794799999994,-6.0265688999999565],[-37.2318602,-6.027594899999924],[-37.2226871999999,-6.042148099999948],[-37.17393129999991,-6.048015899999958],[-37.1750961,-6.1421830999999365],[-37.1569229999999,-6.152488199999958],[-37.20158129999991,-6.205703999999953],[-37.2515273999999,-6.226458299999899],[-37.2747264999999,-6.2814261000000045],[-37.316975600000006,-6.278665499999913],[-37.330424400000005,-6.3063275999999915],[-37.366527899999895,-6.325582699999936],[-37.3971612,-6.405063099999936],[-37.381243599999905,-6.4371093999999704],[-37.3968914,-6.5142073999999806],[-37.41570960000001,-6.531880099999942],[-37.4647244999999,-6.532663699999935],[-37.4823574,-6.547710899999954],[-37.4661909,-6.659959499999971],[-37.4846995,-6.710037399999997],[-37.283716000000005,-6.693914799999938],[-37.29016730000001,-6.713043899999923],[-37.26392079999991,-6.732169999999936],[-37.273949300000005,-6.766790399999932],[-37.2573267999999,-6.780395899999983],[-37.2551439,-6.811061499999925],[-37.2232377999999,-6.825389599999942],[-37.190671900000005,-6.825365699999934],[-37.1289358,-6.7659769999999915],[-37.0594232,-6.749424999999961],[-36.9998335,-6.70771289999992],[-36.977621799999994,-6.721855199999944],[-36.9571354999999,-6.790478199999938],[-36.90342839999991,-6.753614799999966],[-36.8350296,-6.7310708999999695],[-36.7727287,-6.787065199999979],[-36.7694650999999,-6.838748099999969],[-36.7305176,-6.835439999999951],[-36.7665438999999,-6.935867599999915],[-36.71855390000001,-6.982734799999927],[-36.68721809999991,-6.925962699999935],[-36.60979420000001,-6.936837099999924],[-36.5679397,-6.874796599999991],[-36.5697951999999,-6.848008299999954],[-36.50693779999991,-6.813005399999952],[-36.502560800000005,-6.757624699999954],[-36.5588804,-6.7091074999999725],[-36.5245427,-6.599653299999929],[-36.50796,-6.595450799999978],[-36.460518,-6.6343935999999575],[-36.43585809999999,-6.625877999999952],[-36.44439030000001,-6.558319599999958],[-36.47562179999991,-6.544933999999941],[-36.4826305,-6.5195379999999545],[-36.5258468,-6.501161299999974],[-36.5309715999999,-6.452071599999961],[-36.49984860000001,-6.358164899999979],[-36.430306,-6.362254999999942],[-36.3945613999999,-6.29397479999992],[-36.357576699999996,-6.30998729999991],[-36.30352390000001,-6.283033699999993],[-36.2798726999999,-6.308861499999996],[-36.2767474999999,-6.340430499999977],[-36.2959695,-6.393231899999942],[-36.2511628999999,-6.404423499999937],[-36.249769099999995,-6.437359499999939],[-36.1101889999999,-6.429180699999951],[-36.077720600000006,-6.405090599999953],[-36.013284899999995,-6.455040899999982],[-36.0053483999999,-6.4810532999999415],[-35.9776472999999,-6.488905799999967],[-35.76335610000001,-6.482191999999931],[-35.6601643,-6.445278699999951],[-35.600188100000004,-6.460610599999939],[-35.561668100000006,-6.492644799999957],[-35.5252965,-6.476097799999914],[-35.400749100000006,-6.49160319999992],[-35.33077289999991,-6.544341399999932],[-35.2745652,-6.543877799999975],[-35.23234839999999,-6.531776599999953],[-35.2228805999999,-6.5161343999999675],[-35.2030563,-6.5478544999999535],[-35.1702989,-6.558392599999935],[-35.1454434999999,-6.552709699999966],[-35.098083700000004,-6.497757499999967],[-35.05773210000001,-6.527791199999975],[-34.9684579,-6.487199899999951],[-34.9612478,-6.641564499999958],[-34.951026500000005,-6.675416599999923],[-34.9304878,-6.688662899999932],[-34.9278758,-6.740179199999965],[-34.94046710000001,-6.7539709999999875],[-34.918866799999904,-6.7707404999999214],[-34.897167200000005,-6.868713799999938],[-34.85393800000001,-6.900614899999911],[-34.866220999999896,-6.933418799999985],[-34.8549176,-6.969337999999938],[-34.8739578999999,-6.986079299999957],[-34.865263000000006,-7.029583099999963],[-34.834939199999994,-7.004947399999942],[-34.8431279,-6.96235259999999],[-34.82882910000001,-6.968817199999939],[-34.8422770999999,-7.057421599999947],[-34.81870950000001,-7.136167799999954],[-34.7930866,-7.155084499999929],[-34.8059148,-7.243297099999967],[-34.7945268,-7.332952699999958],[-34.7998117999999,-7.358444999999959],[-34.799671400000015,-7.361964799999963],[-34.79744249999991,-7.364922699999973],[-34.7975657,-7.369319399999946],[-34.8108205,-7.451122199999913],[-34.803877400000005,-7.471067899999994],[-34.8259719,-7.550690199999963],[-34.8580231,-7.537950499999988],[-34.87071610000001,-7.549158499999989],[-34.8887357999999,-7.535905099999978],[-34.9139731,-7.543835999999958],[-34.932677600000005,-7.528520099999958],[-34.960786899999995,-7.538765999999952],[-34.984227499999996,-7.507888299999922],[-34.985417599999906,-7.462008299999968],[-35.0705207999999,-7.398761],[-35.107964,-7.405525999999953],[-35.1720635999999,-7.388041299999952],[-35.1907399,-7.397890299999943],[-35.216741500000005,-7.380938199999928],[-35.26439349999999,-7.37990859999998],[-35.30695750000001,-7.408305299999937],[-35.33502060000001,-7.406803899999937],[-35.3511033999999,-7.440261499999959],[-35.41460539999999,-7.471899599999958],[-35.4503698,-7.453411399999921],[-35.4943120999999,-7.482205599999909],[-35.5372723,-7.580643399999951],[-35.51519389999989,-7.585020999999927],[-35.5316870999999,-7.621666099999984],[-35.51507039999999,-7.643247199999961],[-35.53281200000001,-7.654817599999964],[-35.6096621999999,-7.653779499999949],[-35.652233800000005,-7.6963715999999565],[-35.6841138999999,-7.707798899999943],[-35.700074599999915,-7.691856899999923],[-35.78057749999991,-7.73835139999995],[-35.872118300000004,-7.749538899999932],[-35.90441499999999,-7.792239699999907],[-35.96995960000001,-7.78946059999992],[-35.99821990000001,-7.8137558999999275],[-36.04199210000001,-7.793689499999977],[-36.0538725,-7.80136099999994],[-36.08093159999991,-7.779055899999936],[-36.2009583999999,-7.7899031999999515],[-36.2166336,-7.764104499999955],[-36.25200019999991,-7.792144699999923],[-36.240012099999895,-7.817680999999938],[-36.2613337,-7.832076799999957],[-36.3091315,-7.806687199999958],[-36.42404759999991,-7.815778199999946],[-36.4441095999999,-7.915283299999924],[-36.4801363999999,-7.924763299999957],[-36.5638789,-7.90099769999995],[-36.57819990000001,-7.915247599999926],[-36.57348230000001,-7.957434299999934],[-36.611876900000006,-7.947896699999959],[-36.627851500000006,-7.986406599999928],[-36.62785189999989,-8.055749299999956],[-36.65868230000001,-8.079808999999932],[-36.6286125,-8.111050399999943],[-36.6938622,-8.140772699999951],[-36.6870359,-8.15567949999996],[-36.7228089,-8.150965199999963],[-36.715781299999904,-8.167316199999936],[-36.75014240000001,-8.175703999999953],[-36.761569699999896,-8.196293899999933],[-36.7973952999999,-8.19050909999995],[-36.89595,-8.240820099999949],[-36.944946800000004,-8.27525329999998],[-36.95130479999991,-8.297108399999958]]],[[[-34.8679519,-6.988036699999924],[-34.84719499999989,-6.983808499999961],[-34.8590194999999,-7.015346399999954],[-34.8679519,-6.988036699999924]]]]}},{"type":"Feature","properties":{"SIGLA_UF":"PE","NM_UF":"Pernambuco","NM_REGIAO":"Nordeste"},"geometry":{"type":"MultiPolygon","coordinates":[[[[-35.0206970999999,-8.615362399999958],[-35.0235448999999,-8.608549799999919],[-35.020003099999904,-8.612506399999981],[-35.0206970999999,-8.615362399999958]]],[[[-36.605047000000006,-9.341508199999964],[-36.7617724999999,-9.271456999999954],[-36.836041200000004,-9.288628599999974],[-36.8712603,-9.268084699999962],[-36.91582049999991,-9.299020799999928],[-36.92227019999999,-9.339761899999942],[-36.93787700000001,-9.352821299999961],[-36.93109960000001,-9.371581499999914],[-36.9524327999999,-9.382543399999985],[-37.003364599999905,-9.352613499999949],[-37.024289800000005,-9.315714999999956],[-37.0544533999999,-9.30713319999995],[-37.057584999999996,-9.317538699999941],[-37.0571995999999,-9.281788399999943],[-37.0906725,-9.246362099999924],[-37.1164755999999,-9.240930599999947],[-37.1643347999999,-9.275705299999961],[-37.1589466999999,-9.239101699999951],[-37.19831520000001,-9.215482499999947],[-37.234341500000006,-9.24017539999995],[-37.24708159999991,-9.179018399999945],[-37.314804099999904,-9.094965199999923],[-37.4109917,-9.009283399999951],[-37.4932054,-8.993359599999946],[-37.49986210000001,-8.96813219999995],[-37.5310658,-8.959961699999948],[-37.59705129999999,-8.969071799999952],[-37.6376667,-9.003777799999952],[-37.65808750000001,-8.985796399999979],[-37.6979304,-8.991095499999963],[-37.671916699999905,-8.974499999999958],[-37.755361900000004,-8.846363699999923],[-37.824628800000006,-8.88595729999996],[-37.83909859999991,-8.978381199999951],[-37.8795981,-9.015413899999913],[-37.880983399999906,-9.040346799999936],[-37.9057357999999,-9.040992799999978],[-37.97856289999989,-9.147661999999968],[-38.0922873,-9.172724999999964],[-38.1439086999999,-9.218204699999923],[-38.1735591999999,-9.285137799999955],[-38.23758959999999,-9.329794099999962],[-38.28751279999991,-9.217129299999954],[-38.2876009999999,-9.17388389999998],[-38.3212952,-9.129902999999949],[-38.3044229999999,-9.098211199999971],[-38.3258666999999,-9.077992599999948],[-38.28995930000001,-9.047161799999959],[-38.2964024999999,-9.022851399999968],[-38.32354,-8.990009199999966],[-38.356160700000004,-8.997141999999918],[-38.4084582,-9.03850129999997],[-38.4840427999999,-9.00102169999996],[-38.51990735,-8.943531299999975],[-38.4732928999999,-8.88954569999993],[-38.48080980000001,-8.849326099999937],[-38.5411396,-8.823486699999934],[-38.57042859999999,-8.830369099999922],[-38.603824300000014,-8.880590599999966],[-38.61027690000001,-8.957328299999961],[-38.6306848999999,-8.985167299999945],[-38.65372669999991,-8.983899999999931],[-38.68923259999999,-8.947395599999947],[-38.7065435,-8.862260599999976],[-38.79698949999991,-8.793464399999943],[-38.86810439999991,-8.783865399999973],[-38.9519332,-8.80466819999997],[-39.03757719999991,-8.734690899999983],[-39.143946199999995,-8.712519099999943],[-39.168712799999994,-8.691504499999951],[-39.180995799999906,-8.706300899999983],[-39.2285219,-8.71031529999992],[-39.245492600000006,-8.68410589999995],[-39.24188000000001,-8.636307399999982],[-39.2841058999999,-8.565867899999924],[-39.342306999999906,-8.559677099999941],[-39.3797936,-8.5328206],[-39.416040800000005,-8.542127899999965],[-39.4761113,-8.592793199999962],[-39.606645399999906,-8.655975399999923],[-39.69113170000001,-8.66231289999994],[-39.671713600000004,-8.777581499999943],[-39.6931964,-8.798675699999917],[-39.7477853,-8.794040999999929],[-39.7887962,-8.819109599999914],[-39.8929577,-8.82879399999997],[-39.90293819999991,-8.858743599999965],[-39.873456399999995,-8.934038699999993],[-39.9580347,-9.048591599999963],[-40.0655631,-9.063065199999919],[-40.129894900000004,-9.110304599999944],[-40.1650016,-9.106487799999954],[-40.2236023,-9.05666749999995],[-40.2557909999999,-9.063223399999966],[-40.2867060999999,-9.117351799999945],[-40.2861727,-9.18561139999999],[-40.3388654999999,-9.35989179999996],[-40.371415299999995,-9.378716699999934],[-40.4236595,-9.353464999999977],[-40.4677551,-9.420568099999992],[-40.5291147,-9.413901599999981],[-40.55575850000001,-9.457938100000002],[-40.6281006,-9.482689799999934],[-40.718614099999996,-9.442217099999928],[-40.7671592999999,-9.445411899999952],[-40.7649756,-9.413216399999964],[-40.743088900000004,-9.402945499999941],[-40.7381025999999,-9.355244299999995],[-40.7564219,-9.315032299999915],[-40.73944180000001,-9.296588699999988],[-40.720088200000006,-9.305896699999963],[-40.6859878999999,-9.276368200000004],[-40.680088500000004,-9.259211699999993],[-40.6945004,-9.233455599999967],[-40.6673956999999,-9.159059199999946],[-40.68509399999991,-9.13761019999991],[-40.7098892999999,-9.140880999999997],[-40.75706059999991,-9.11984309999998],[-40.75678489999999,-9.10497689999995],[-40.78609599999991,-9.105187399999997],[-40.8200669999999,-9.0812587],[-40.85159589999989,-8.952498999999921],[-40.919237100000004,-8.837176999999931],[-40.9548601,-8.843875099999911],[-40.97909369999999,-8.82341709999998],[-41.0212409,-8.843560899999956],[-41.0362345,-8.78587589999994],[-41.1017608,-8.78196429999997],[-41.1245693,-8.752673599999966],[-41.112758,-8.703974099999957],[-41.2269785,-8.704702099999949],[-41.2815376,-8.736100399999962],[-41.3343515999999,-8.727661499999941],[-41.358336199999904,-8.707620199999962],[-41.3142616,-8.696102299999934],[-41.287434,-8.660839099999988],[-41.213542899999894,-8.64415549999995],[-41.2122884,-8.601820299999927],[-41.1687459,-8.583090599999908],[-41.14837679999991,-8.533029299999932],[-41.12673290000001,-8.541955899999937],[-41.095584,-8.51853299999993],[-41.078927,-8.472503199999954],[-41.0510985999999,-8.480473799999968],[-41.04371780000001,-8.43665669999996],[-41.007379799999995,-8.420929099999961],[-41.0006756,-8.400725999999962],[-40.9785449999999,-8.398650699999981],[-40.925149,-8.446326099999961],[-40.9015355,-8.421626999999932],[-40.893472300000006,-8.357310099999939],[-40.8365659999999,-8.380799099999928],[-40.8193186999999,-8.362357299999932],[-40.8195092,-8.32190889999994],[-40.7927877,-8.320031299999938],[-40.7798797999999,-8.301932699999954],[-40.782481999999995,-8.253303999999941],[-40.7072558,-8.22349359999995],[-40.6664782,-8.161589399999986],[-40.6435660999999,-8.15753679999994],[-40.6339512,-8.139448799999958],[-40.601317900000005,-8.150170499999941],[-40.5896984,-8.138808299999937],[-40.6031232,-8.09533039999999],[-40.5442221,-7.964597099999951],[-40.538124,-7.8569372999999905],[-40.5590935,-7.814845999999942],[-40.6451665,-7.786798999999956],[-40.6720723,-7.76482899999997],[-40.6718643,-7.735605799999946],[-40.633758300000004,-7.696861799999983],[-40.62198970000001,-7.651359899999913],[-40.715536500000006,-7.484437299999956],[-40.7012013999999,-7.456356299999931],[-40.5484637,-7.392691499999953],[-40.5415082,-7.332269099999948],[-40.52372319999989,-7.318450499999943],[-40.4335882999999,-7.367178399999941],[-40.39387809999991,-7.368168399999945],[-40.3609839069999,-7.355600706999931],[-40.318563190000006,-7.303340399999988],[-40.26299560000001,-7.301020899999963],[-40.19568470000001,-7.358148699999981],[-40.08745450000001,-7.383093099999948],[-40.000707000000006,-7.374478299999936],[-39.8576968,-7.325428699999993],[-39.70618530000001,-7.337762999999943],[-39.6530883999999,-7.3722621999999856],[-39.6289072,-7.425628499999948],[-39.5715905,-7.429831299999907],[-39.5484253,-7.483133299999978],[-39.50236050000001,-7.464148399999925],[-39.460747599999905,-7.471218999999979],[-39.4573058,-7.506182999999966],[-39.48516419999989,-7.534448999999954],[-39.4716807999999,-7.575800599999987],[-39.4348596999999,-7.573818299999973],[-39.4196560999999,-7.604412299999979],[-39.37609500000001,-7.61177239999996],[-39.3055664999999,-7.665931599999963],[-39.2703213999999,-7.659897299999925],[-39.24974040000001,-7.6835445999999585],[-39.2525649,-7.704930899999991],[-39.20833520000001,-7.689480299999981],[-39.13564089999989,-7.723375099999956],[-39.1003332999999,-7.775707699999963],[-39.0912968,-7.858181999999921],[-39.0537557,-7.81930459999995],[-39.026393100000014,-7.824635099999946],[-39.016370299999906,-7.812180699999927],[-39.0014085999999,-7.840126099999951],[-38.9628595,-7.844816399999953],[-38.9399650999999,-7.795105699999979],[-38.9395780999999,-7.758772599999946],[-38.91611090000001,-7.75853809999994],[-38.915577699999986,-7.744487099999959],[-38.8813974999999,-7.747432299999955],[-38.86885169999991,-7.71117979999997],[-38.8281092999999,-7.719614499999986],[-38.8150239,-7.6973907999999325],[-38.81968989999999,-7.664827699999947],[-38.742802,-7.660321999999946],[-38.737215799999895,-7.634932099999991],[-38.7151129,-7.62191949999994],[-38.64208389999991,-7.677636599999982],[-38.5899573999999,-7.7556815000000014],[-38.500548699999996,-7.751482099999975],[-38.4550177,-7.717581399999948],[-38.40950780000001,-7.730493299999953],[-38.35749589999989,-7.67716189999991],[-38.31202969999999,-7.7163132999999755],[-38.3021573,-7.745204399999993],[-38.31675990000001,-7.764607499999954],[-38.29981719999989,-7.763195599999959],[-38.2857074,-7.830922399999982],[-38.23857069500001,-7.830726094999911],[-38.1642189999999,-7.77990879999994],[-38.1391963,-7.786238099999905],[-38.11617820000001,-7.82256019999993],[-38.0770694,-7.8305795999999495],[-38.06535000000002,-7.819747799999955],[-38.0757411,-7.8053835999999714],[-38.06947830000001,-7.772324299999964],[-38.0395816,-7.748119099999921],[-38.00397100000001,-7.778986399999959],[-37.9705997999999,-7.7775768999999375],[-37.92393489999991,-7.715111899999958],[-37.894334899999905,-7.713625799999914],[-37.9027469,-7.694737199999968],[-37.85715889999991,-7.651968899999916],[-37.785827599999905,-7.625798199999962],[-37.76097450000001,-7.666810499999927],[-37.750648,-7.662889399999944],[-37.7403679999999,-7.636085299999941],[-37.75584769999989,-7.61952179999996],[-37.72873189999999,-7.579730399999958],[-37.707567700000006,-7.571722999999949],[-37.7065057,-7.550583799999972],[-37.6821509,-7.548375999999949],[-37.6595293999999,-7.523137399999954],[-37.63037810000001,-7.532510999999966],[-37.60977079999999,-7.508030799999951],[-37.533066899999895,-7.472953199999956],[-37.48695789999991,-7.39505449999997],[-37.49603799999989,-7.3648222999999815],[-37.385713699999904,-7.356693799999973],[-37.3495118,-7.3370284999999695],[-37.357008199999896,-7.320989099999943],[-37.33058569999999,-7.288283499999986],[-37.2341787999999,-7.273886899999975],[-37.176925,-7.309552499999958],[-37.1653413999999,-7.336595299999938],[-37.08562269999991,-7.358256399999939],[-37.0674122,-7.383379699999995],[-37.0256234,-7.386044199999978],[-37.01297120000001,-7.404288699999949],[-37.02122580000001,-7.440196999999947],[-36.9842255999999,-7.482261700000004],[-37.087454900000004,-7.518335599999959],[-37.1635694,-7.574714899999967],[-37.197946199999905,-7.635297899999969],[-37.14000309999991,-7.741933999999968],[-37.1519506999999,-7.779844199999962],[-37.17066750000001,-7.800228999999953],[-37.1915375999999,-7.791169399999919],[-37.2436561,-7.81900179999998],[-37.228105399999905,-7.8211534999999985],[-37.2220929,-7.842249999999977],[-37.247150299999895,-7.846803899999955],[-37.244648,-7.874899999999978],[-37.3221725,-7.910501999999973],[-37.30798419999999,-7.91498629999996],[-37.3089763999999,-7.934176199999943],[-37.349903700000006,-7.946644499999924],[-37.3573685,-7.974955999999978],[-37.2955755,-7.964920999999928],[-37.2195887999999,-7.97279339999994],[-37.20791990000001,-7.9518660999999575],[-37.192675599999994,-7.960598199999935],[-37.1933946,-7.982866699999908],[-37.15033779999991,-8.015263799999964],[-37.15809239999991,-8.051224299999943],[-37.1425578,-8.117944799999956],[-37.1636159999999,-8.165761899999932],[-37.11826009999991,-8.17535189999992],[-37.122914799999904,-8.209066399999914],[-37.1004278,-8.233706499999915],[-37.0808954,-8.221891499999971],[-37.06741770000001,-8.230102499999914],[-37.0812025,-8.266373699999953],[-37.04333369999989,-8.26455989999996],[-36.9911551,-8.302954899999982],[-36.95462929999999,-8.299272799999942],[-36.944946800000004,-8.27525329999998],[-36.89595,-8.240820099999949],[-36.7973952999999,-8.19050909999995],[-36.761569699999896,-8.196293899999933],[-36.75014240000001,-8.175703999999953],[-36.715781299999904,-8.167316199999936],[-36.7228089,-8.150965199999963],[-36.6870359,-8.15567949999996],[-36.6938622,-8.140772699999951],[-36.6286125,-8.111050399999943],[-36.65868230000001,-8.079808999999932],[-36.62785189999989,-8.055749299999956],[-36.627851500000006,-7.986406599999928],[-36.611876900000006,-7.947896699999959],[-36.57348230000001,-7.957434299999934],[-36.57819990000001,-7.915247599999926],[-36.5638789,-7.90099769999995],[-36.4801363999999,-7.924763299999957],[-36.4441095999999,-7.915283299999924],[-36.42404759999991,-7.815778199999946],[-36.3091315,-7.806687199999958],[-36.2613337,-7.832076799999957],[-36.240012099999895,-7.817680999999938],[-36.25200019999991,-7.792144699999923],[-36.2166336,-7.764104499999955],[-36.2009583999999,-7.7899031999999515],[-36.08093159999991,-7.779055899999936],[-36.0538725,-7.80136099999994],[-36.04199210000001,-7.793689499999977],[-35.99821990000001,-7.8137558999999275],[-35.96995960000001,-7.78946059999992],[-35.90441499999999,-7.792239699999907],[-35.872118300000004,-7.749538899999932],[-35.78057749999991,-7.73835139999995],[-35.700074599999915,-7.691856899999923],[-35.6841138999999,-7.707798899999943],[-35.652233800000005,-7.6963715999999565],[-35.6096621999999,-7.653779499999949],[-35.53281200000001,-7.654817599999964],[-35.51507039999999,-7.643247199999961],[-35.5316870999999,-7.621666099999984],[-35.51519389999989,-7.585020999999927],[-35.5372723,-7.580643399999951],[-35.4943120999999,-7.482205599999909],[-35.4503698,-7.453411399999921],[-35.41460539999999,-7.471899599999958],[-35.3511033999999,-7.440261499999959],[-35.33502060000001,-7.406803899999937],[-35.30695750000001,-7.408305299999937],[-35.26439349999999,-7.37990859999998],[-35.216741500000005,-7.380938199999928],[-35.1907399,-7.397890299999943],[-35.1720635999999,-7.388041299999952],[-35.107964,-7.405525999999953],[-35.0705207999999,-7.398761],[-34.985417599999906,-7.462008299999968],[-34.984227499999996,-7.507888299999922],[-34.960786899999995,-7.538765999999952],[-34.932677600000005,-7.528520099999958],[-34.9139731,-7.543835999999958],[-34.83587179999991,-7.545728399999972],[-34.80669069999989,-7.620428399999998],[-34.8336414999999,-7.683083599999968],[-34.8482089999999,-7.687789299999965],[-34.8318128999999,-7.699777399999955],[-34.8235008,-7.735579699999964],[-34.8450988,-7.81636199999995],[-34.82374789999991,-7.888221699999971],[-34.8233996,-7.946431199999959],[-34.94489789999991,-8.262384599999963],[-34.95025420000001,-8.336785299999969],[-34.9396513999999,-8.351669299999973],[-34.9806219,-8.381141699999922],[-34.9581173,-8.396172699999946],[-35.0004425999999,-8.487870199999952],[-35.006806899999994,-8.56199449999998],[-35.03605900000001,-8.574876699999932],[-35.0903289,-8.694978299999963],[-35.0790165,-8.703629199999963],[-35.08606120000001,-8.746711099999954],[-35.1314209,-8.827372099999932],[-35.1292056,-8.866562799999961],[-35.1526514,-8.913855999999965],[-35.1767457999999,-8.888839799999978],[-35.252782099999905,-8.887232999999972],[-35.3999916,-8.850312799999937],[-35.4112256,-8.836230999999955],[-35.4558183,-8.840958899999984],[-35.47012499999991,-8.813127899999945],[-35.4957560999999,-8.828301599999984],[-35.5387079,-8.82022369999992],[-35.632127800000006,-8.881278299999977],[-35.74839899999991,-8.917151699999986],[-35.7829806999999,-8.897542099999932],[-35.7759823,-8.858457899999985],[-35.7950751999999,-8.847685099999962],[-35.84251710000001,-8.872924799999948],[-35.8962005999999,-8.854268299999942],[-35.9635466,-8.90240759999995],[-36.0572751999999,-8.913026899999982],[-36.08641179999999,-8.944067299999992],[-36.12728029999991,-8.95611059999994],[-36.1268105,-8.981276299999939],[-36.104328800000005,-8.998927899999963],[-36.1114944999999,-9.017673199999942],[-36.1428076999999,-9.040323699999933],[-36.1957265,-9.044786299999922],[-36.23645830000001,-9.103489099999939],[-36.26839089999991,-9.103924299999946],[-36.263498199999994,-9.172014499999921],[-36.3097916,-9.172362799999979],[-36.3294794,-9.202503799999915],[-36.3539165,-9.201193599999968],[-36.353603199999995,-9.220121399999913],[-36.4198011999999,-9.229568499999987],[-36.4370038,-9.212100199999952],[-36.46251860000001,-9.239251299999987],[-36.4871653,-9.240201399999936],[-36.49133890000001,-9.26240799999994],[-36.5718396,-9.292582799999925],[-36.5674701999999,-9.332134699999921],[-36.605047000000006,-9.341508199999964]]],[[[-34.96723519999989,-8.38508229999997],[-34.95724709999999,-8.376052599999976],[-34.9616688999999,-8.388412799999973],[-34.96723519999989,-8.38508229999997]]],[[[-34.8398826,-7.816001899999946],[-34.83697570000001,-7.8167945999999615],[-34.840679,-7.816289499999947],[-34.8398826,-7.816001899999946]]],[[[-32.43601189999999,-3.8740177000000022],[-32.4340549,-3.8744075999998886],[-32.436156400000016,-3.8745915999999743],[-32.43601189999999,-3.8740177000000022]]],[[[-32.4393314,-3.873185899999935],[-32.4377438999999,-3.8725267000000296],[-32.4389103999999,-3.873875799999976],[-32.4393314,-3.873185899999935]]],[[[-32.4413168999999,-3.8487948999999344],[-32.4407563,-3.849609399999929],[-32.4417074,-3.849050899999943],[-32.4413168999999,-3.8487948999999344]]],[[[-32.4421877999999,-3.848238099999983],[-32.4419687,-3.849211399999963],[-32.442804200000005,-3.8488504999999726],[-32.4421877999999,-3.848238099999983]]],[[[-32.4200491999999,-3.8708559000000062],[-32.41720930000001,-3.8720190999998914],[-32.4178451999999,-3.872871999999956],[-32.4200491999999,-3.8708559000000062]]],[[[-32.4216332,-3.870496199999949],[-32.4217712,-3.871354399999941],[-32.42209289999991,-3.870364599999945],[-32.4216332,-3.870496199999949]]],[[[-32.4120258999999,-3.8689414999999463],[-32.41245059999991,-3.8685109999999283],[-32.4119120999999,-3.8687583000000014],[-32.4120258999999,-3.8689414999999463]]],[[[-32.4137827,-3.866961499999979],[-32.4142567,-3.868002699999968],[-32.4145212,-3.867564999999973],[-32.4137827,-3.866961499999979]]],[[[-32.40139989999991,-3.85975999999991],[-32.40066899999991,-3.860805699999981],[-32.4013482,-3.86079759999995],[-32.40139989999991,-3.85975999999991]]],[[[-32.4575062,-3.881361199999996],[-32.46679290000001,-3.876890499999937],[-32.4441682999999,-3.850833899999928],[-32.4036801999999,-3.8364325999999362],[-32.40304350000001,-3.826779499999929],[-32.3945004999999,-3.826837199999934],[-32.3912043999999,-3.8516819000000067],[-32.425628100000004,-3.866670299999982],[-32.4248782,-3.8775446999999676],[-32.43524430000001,-3.8699675999999306],[-32.4575062,-3.881361199999996]]],[[[-32.4042067,-3.827562899999995],[-32.4038426,-3.8281723999999815],[-32.40439489999991,-3.828386999999998],[-32.4042067,-3.827562899999995]]],[[[-32.39488750000001,-3.8245844999999576],[-32.39235980000001,-3.8234553999999683],[-32.3937769999999,-3.8256955999999653],[-32.39488750000001,-3.8245844999999576]]],[[[-32.39368590000001,-3.8222418999998973],[-32.39163810000001,-3.8173402999999304],[-32.39034989999989,-3.8178946999999646],[-32.39368590000001,-3.8222418999998973]]],[[[-32.3816042,-3.8141874999999166],[-32.38879079999999,-3.8068262999999947],[-32.377778299999896,-3.8062217999999945],[-32.3816042,-3.8141874999999166]]]]}},{"type":"Feature","properties":{"SIGLA_UF":"RO","NM_UF":"Rondônia","NM_REGIAO":"Norte"},"geometry":{"type":"Polygon","coordinates":[[[-60.7799231,-13.659769399999982],[-60.8100666,-13.6552745999999],[-60.828589899999905,-13.629500999999914],[-60.875230900000005,-13.621406699999985],[-60.9207565,-13.568945699999983],[-60.9230367,-13.540856399999887],[-60.95103749999999,-13.551884099999896],[-60.9721441,-13.536967599999997],[-61.0056226999999,-13.550280499999882],[-61.01242080000001,-13.528182899999889],[-60.9977014,-13.527604299999998],[-61.0090087,-13.506404299999913],[-60.98833489999999,-13.500324200000003],[-61.014924400000005,-13.487536199999994],[-61.04698440000001,-13.484678199999983],[-61.05097860000001,-13.4953859999999],[-61.0355099,-13.501024499999982],[-61.06037289999989,-13.511850799999893],[-61.0946747,-13.49221570000001],[-61.1061794,-13.531663399999998],[-61.1259567,-13.519901499999909],[-61.1396194,-13.528984200000012],[-61.1384555,-13.512357199999894],[-61.1469542999999,-13.531962899999908],[-61.1840687,-13.50789649999999],[-61.1942882,-13.536448599999991],[-61.233532899999894,-13.525023299999887],[-61.2483440999999,-13.496274099999908],[-61.28036980000001,-13.50562949999992],[-61.2963111,-13.477825400000018],[-61.306231,-13.503097899999903],[-61.33636779999989,-13.505569700000006],[-61.3505155,-13.521157399999893],[-61.3897886,-13.519769100000016],[-61.405008,-13.539699200000014],[-61.4699239,-13.555250199999909],[-61.57243040000001,-13.518572499999884],[-61.57672819999989,-13.488622599999893],[-61.608014,-13.511691699999995],[-61.6231817,-13.496715100000012],[-61.6228211,-13.5146181],[-61.6450655,-13.506815199999895],[-61.6514521999999,-13.518711299999902],[-61.6958445,-13.500442399999901],[-61.7308159999999,-13.526544199999892],[-61.75779390000001,-13.524198799999994],[-61.7573475999999,-13.540574699999997],[-61.7765942,-13.517757600000008],[-61.78373509999991,-13.536921799999998],[-61.817124,-13.527436599999884],[-61.811257999999995,-13.540231499999889],[-61.84109410000001,-13.548913899999905],[-61.840344199999905,-13.526966699999896],[-61.861150300000006,-13.535400399999986],[-61.883209899999905,-13.497299299999991],[-61.8929873,-13.430927699999886],[-61.9143466,-13.43373189999989],[-61.9403771,-13.407854600000016],[-61.970622899999995,-13.406174899999897],[-61.97137599999999,-13.374248699999999],[-62.0005457,-13.370969699999888],[-62.0136838,-13.330460500000003],[-62.03271190000001,-13.3336353999999],[-62.05690870000001,-13.31177530000001],[-62.056957800000006,-13.288200299999998],[-62.08429360000001,-13.290307499999892],[-62.1139871,-13.260999200000004],[-62.11624140000001,-13.159395099999896],[-62.1287111999999,-13.148377799999903],[-62.150014600000006,-13.163224299999994],[-62.1670425,-13.116397199999906],[-62.18146169999989,-13.117761199999995],[-62.17820699999999,-13.143016600000012],[-62.190933899999905,-13.153829599999906],[-62.21478880000001,-13.1113448999999],[-62.24339940000001,-13.117336399999896],[-62.2459304,-13.145162699999993],[-62.27665699999991,-13.146181599999991],[-62.272184700000004,-13.155852999999999],[-62.316771199999906,-13.134468099999891],[-62.321429800000004,-13.152074200000007],[-62.3305159999999,-13.139981799999903],[-62.3410122999999,-13.149915299999995],[-62.3455423,-13.137135699999916],[-62.392042999999894,-13.134750399999994],[-62.3993783999999,-13.113386199999994],[-62.4139913,-13.128382099999998],[-62.436989,-13.080569300000002],[-62.457457899999994,-13.086672499999999],[-62.454014199999996,-13.06479150000002],[-62.47204529999989,-13.078886199999879],[-62.4789372,-13.05744869999998],[-62.4830472,-13.076121999999886],[-62.5026304,-13.083162899999897],[-62.5238183,-13.065502899999997],[-62.5412436999999,-13.07554659999989],[-62.6091537999999,-13.044046599999907],[-62.6141327,-13.026238799999906],[-62.59999249999999,-13.01566069999999],[-62.62923589999999,-13.016254899999998],[-62.6314632,-12.990215599999908],[-62.6521839,-12.989335299999905],[-62.6508231999999,-12.965580599999997],[-62.6985773,-13.002816199999902],[-62.7251595,-13.001254899999912],[-62.7291585,-13.020766599999913],[-62.7469083999999,-12.9989103],[-62.7564091,-13.017191399999879],[-62.77909749999999,-13.009573499999892],[-62.8068696,-12.968102700000005],[-62.80596400000001,-12.940626299999987],[-62.82299149999991,-12.933769299999904],[-62.845847400000004,-12.948717999999902],[-62.84312640000001,-12.927121499999892],[-62.8702099,-12.91061789999999],[-62.893711499999895,-12.857436899999986],[-62.9213543,-12.840861500000006],[-62.9762631999999,-12.859878500000011],[-62.9834322999999,-12.844134699999897],[-63.0092314999999,-12.83778240000001],[-63.0085174,-12.8107982999999],[-63.0472175,-12.7406865],[-63.08125810000001,-12.72407969999989],[-63.0613802999999,-12.686539299999913],[-63.09755079999999,-12.682808199999993],[-63.0841459,-12.655313900000007],[-63.0927364999999,-12.633738099999997],[-63.11484239999999,-12.62461749999988],[-63.12407340000001,-12.639236900000013],[-63.1467754999999,-12.637735300000008],[-63.16316160000001,-12.613973100000006],[-63.168947599999996,-12.64281449999992],[-63.19434390000001,-12.623159999999903],[-63.19862810000001,-12.657566500000016],[-63.24712409999999,-12.66171819999989],[-63.23798140000001,-12.6900295999999],[-63.299396300000005,-12.681759199999902],[-63.34855480000001,-12.656153099999912],[-63.37536440000001,-12.658008099999996],[-63.41211179999989,-12.6102630999999],[-63.4403348,-12.607613000000011],[-63.4270404,-12.595996999999993],[-63.4371548,-12.56437299999989],[-63.501738499999995,-12.567323599999982],[-63.5504908999999,-12.508436999999981],[-63.6221145,-12.472877299999888],[-63.7863035,-12.427945],[-63.83397070000001,-12.463429500000007],[-63.88730339999999,-12.447250899999997],[-63.9007129,-12.506019900000007],[-63.9529725,-12.531771100000002],[-63.99588239999999,-12.503237999999996],[-64.0092994999999,-12.517967899999995],[-64.0401616,-12.515139499999993],[-64.0599966,-12.490956199999998],[-64.083827,-12.500721299999993],[-64.0921924,-12.48397629999989],[-64.1225808999999,-12.505750299999914],[-64.1338805,-12.476453799999918],[-64.1646071,-12.514368099999992],[-64.1728845,-12.466513399999902],[-64.1967731999999,-12.472844300000009],[-64.2305488,-12.455075099999915],[-64.2857784,-12.503177600000004],[-64.2988243,-12.49079309999999],[-64.294721,-12.457816799999888],[-64.3598616,-12.458650599999888],[-64.4162115999999,-12.441463199999898],[-64.4600270999999,-12.387150499999997],[-64.5121061999999,-12.351428999999898],[-64.4928593,-12.294259699999909],[-64.5081936,-12.225288500000008],[-64.5522433,-12.241946599999892],[-64.5769456,-12.214878199999907],[-64.6980281,-12.187799399999992],[-64.7175212,-12.153973399999899],[-64.6974754,-12.1006015],[-64.7091953999999,-12.087103399999895],[-64.7385545,-12.10008359999988],[-64.7365521999999,-12.138512999999895],[-64.7499412999999,-12.1575662],[-64.7691091999999,-12.143684800000004],[-64.7598644,-12.102297700000006],[-64.7884731,-12.085789099999909],[-64.8326092,-12.121705299999995],[-64.8424146999999,-12.094595200000004],[-64.809637,-12.054354599999998],[-64.8395867999999,-12.010679299999907],[-64.9170257,-12.028383099999887],[-64.9483888999999,-11.993426600000005],[-64.975138,-12.018729999999906],[-65.0005558999999,-11.99337269999999],[-65.0320262,-11.995080299999884],[-65.0257513999999,-11.970744799999999],[-65.0420298,-11.96167200000001],[-65.015248,-11.898239399999989],[-65.0706948,-11.869109700000005],[-65.0597243,-11.790678199999899],[-65.0881391999999,-11.709379699999902],[-65.1829733,-11.721703499999885],[-65.1734987999999,-11.750972999999892],[-65.1853058999999,-11.756581999999979],[-65.2606369,-11.706873199999988],[-65.2179133,-11.652088600000008],[-65.234947,-11.574473299999998],[-65.2119168,-11.530489099999999],[-65.3091383,-11.493639999999994],[-65.3354111,-11.354945299999914],[-65.2918081999999,-11.3241624],[-65.3469183999999,-11.302868899999993],[-65.3606983999999,-11.223318300000004],[-65.3246918,-11.211482299999899],[-65.31866600000001,-11.19715299999999],[-65.3497207,-11.187890899999989],[-65.3638844,-11.142012599999891],[-65.3366624999999,-11.11013539999992],[-65.2843571,-11.089581199999891],[-65.2808572,-11.06358319999989],[-65.3012505999999,-11.032128799999994],[-65.2505518999999,-10.985632100000007],[-65.2858299,-10.92767179999988],[-65.2666125,-10.921807900000012],[-65.2765512999999,-10.869355299999892],[-65.3203903,-10.822334300000024],[-65.3669649,-10.796256299999989],[-65.3655257,-10.780074600000004],[-65.34474320000001,-10.7695869],[-65.34603,-10.681571500000002],[-65.3583369,-10.657390899999895],[-65.4015774,-10.644190499999983],[-65.4164689,-10.620774500000001],[-65.3971968,-10.583344500000013],[-65.4202963,-10.534525700000003],[-65.4108009,-10.508616300000003],[-65.4297473,-10.480948499999991],[-65.3904340999999,-10.447599000000006],[-65.3790817,-10.408996600000012],[-65.3918012999999,-10.374437399999996],[-65.3219559999999,-10.297621900000019],[-65.2888291,-10.21987080000001],[-65.30702510000002,-10.164997799999993],[-65.3005774,-10.1009084],[-65.3295239999999,-10.053832499999901],[-65.3200510999999,-10.000955899999989],[-65.3335453,-9.942511899999952],[-65.2860464999999,-9.845490299999952],[-65.32052079999988,-9.814531999999916],[-65.3638023,-9.711585999999967],[-65.4460779,-9.669054899999956],[-65.4470742999999,-9.697103599999938],[-65.4718561,-9.713685099999962],[-65.4865803,-9.707857999999908],[-65.4829412999999,-9.727594699999928],[-65.5010191,-9.729839099999944],[-65.5020509,-9.785836699999964],[-65.5135248,-9.793169999999986],[-65.5316045,-9.781203099999955],[-65.5393026,-9.801964699999921],[-65.5643246,-9.810254399999947],[-65.5580287,-9.84463489999996],[-65.5969534,-9.84191059999995],[-65.601108,-9.824168899999972],[-65.6276053,-9.836803099999948],[-65.6339634,-9.806898399999984],[-65.6492976,-9.816224999999973],[-65.6441828,-9.794139099999931],[-65.6688875,-9.781142499999914],[-65.6896882,-9.812706699999993],[-65.7105471,-9.807319899999998],[-65.7000182,-9.78817839999994],[-65.70810660000001,-9.766051699999913],[-65.6814678,-9.767321099999947],[-65.6849693999999,-9.749008099999989],[-65.7290834999999,-9.759660799999953],[-65.7442444,-9.78208299999992],[-65.7726588,-9.75818779999998],[-65.7719104999999,-9.734295599999948],[-65.7945257,-9.791791799999952],[-65.8131299999999,-9.772413199999944],[-65.7998827,-9.75667119999995],[-65.8169386,-9.754664399999967],[-65.8421875,-9.79046889999996],[-65.8686112,-9.793030799999947],[-65.8618565,-9.767775099999957],[-65.8812425,-9.75200669999998],[-65.9030822999999,-9.766825299999935],[-65.921635,-9.75278629999995],[-65.9340453,-9.768927899999941],[-65.9431943,-9.760090799999933],[-65.9671600999999,-9.770650299999943],[-65.9749454,-9.79062359999993],[-65.9637681,-9.802577899999962],[-65.982137,-9.808780099999959],[-65.999745,-9.79440749999996],[-66.0241664,-9.81224799999992],[-66.0348552999999,-9.787522999999945],[-66.0711099,-9.784297199999974],[-66.0871357999999,-9.790035799999952],[-66.0783299999999,-9.796088199999925],[-66.0935267,-9.813994499999968],[-66.1001944,-9.784728799999936],[-66.1529391,-9.785745999999959],[-66.1950561,-9.806309299999935],[-66.1858267,-9.822353899999937],[-66.2036697,-9.834622399999935],[-66.2376611,-9.814596299999938],[-66.2550757,-9.83330629999993],[-66.2797188,-9.828708499999953],[-66.2861948999999,-9.84471689999999],[-66.3158076999999,-9.831415699999974],[-66.350495,-9.840724499999952],[-66.3596118,-9.866151199999916],[-66.4041419,-9.864224699999948],[-66.4200016,-9.89831619999992],[-66.4358032,-9.866012699999937],[-66.4563039,-9.87988149999994],[-66.4810335,-9.86844529999995],[-66.4948057999999,-9.884357999999956],[-66.56186059999999,-9.880892099999922],[-66.5823334,-9.90586879999994],[-66.8102531,-9.818045899999952],[-66.7805792,-9.79139329999998],[-66.7821408999999,-9.758571999999948],[-66.7253896999999,-9.756072499999947],[-66.6094487,-9.66489849999993],[-66.5863065999999,-9.673558899999936],[-66.5006134,-9.633564199999947],[-66.4949167999999,-9.601583199999952],[-66.3924143,-9.500480099999947],[-66.39005230000001,-9.455629699999962],[-66.4147219,-9.421948799999921],[-66.4088584,-9.406946599999962],[-66.3747764,-9.426366099999951],[-66.3189161999999,-9.419963599999946],[-66.3074975,-9.436845299999971],[-66.2841857999999,-9.43216359999996],[-66.2904394,-9.412494699999973],[-66.267804,-9.409763399999985],[-66.2434147,-9.429387099999918],[-66.1736328,-9.434418699999997],[-66.1238908,-9.408779399999956],[-66.0597395999999,-9.418217599999927],[-66.0266341,-9.400841699999933],[-65.9703006,-9.413160099999947],[-65.9126343999999,-9.483750299999938],[-65.8809080999999,-9.487464899999951],[-65.8466076999999,-9.516411299999948],[-65.8482485,-9.532324299999972],[-65.8250771,-9.53009119999995],[-65.8180265999999,-9.56225589999997],[-65.791522,-9.585644399999977],[-65.7503267,-9.553623099999978],[-65.72354809999999,-9.559056599999947],[-65.6809976,-9.500407499999946],[-65.6794351999999,-9.451392899999984],[-65.59677550000002,-9.41386519999996],[-65.5065501999999,-9.447697999999926],[-65.4928012,-9.473663799999933],[-65.4678802999999,-9.459291299999968],[-65.4347157999999,-9.46633299999996],[-65.4566002,-9.401208699999916],[-65.4470183999999,-9.316376399999955],[-65.38521089999992,-9.33803109999997],[-65.2466613999999,-9.257663599999923],[-65.2080252,-9.285633199999953],[-65.1883246,-9.344852499999947],[-65.1961582,-9.375262899999935],[-65.1735439,-9.38544849999994],[-65.1854632,-9.427031699999938],[-65.1428806,-9.446812299999964],[-65.0978499999999,-9.432515799999976],[-65.0922916,-9.409386699999969],[-65.053546,-9.402142299999962],[-65.0393083,-9.359581299999947],[-65.0058466999999,-9.343529399999982],[-65.0005153,-9.304613799999958],[-64.9628795,-9.292776599999966],[-64.9360779,-9.255811199999936],[-64.9196828,-9.22028029999995],[-64.9399298,-9.124565799999973],[-64.9156801,-9.074614299999956],[-64.9172667999999,-9.04314109999997],[-64.8940990999999,-9.043701799999932],[-64.8393242,-8.994111399999936],[-64.7916271,-8.986402799999933],[-64.7535697,-9.020748199999966],[-64.6992671,-8.988261999999963],[-64.6713761999999,-9.014796199999989],[-64.641538,-9.006645999999938],[-64.611074,-9.016451799999986],[-64.5501239,-8.978270899999918],[-64.4465739999999,-8.976870499999974],[-64.3233996,-8.928860599999963],[-64.3095688,-8.934492899999972],[-64.326072,-8.97983209999994],[-64.3113185,-8.99647079999993],[-64.2332051,-8.99230809999995],[-64.1494522,-8.95893719999998],[-64.15820330000001,-8.843167499999918],[-64.1294589999999,-8.805162699999915],[-64.1447623,-8.776447299999973],[-64.1308683999999,-8.722160199999951],[-64.0278691999999,-8.71566619999994],[-64.0354821,-8.693557699999934],[-63.98620970000001,-8.585633899999939],[-63.9725402999999,-8.58245249999992],[-63.9459538999999,-8.609485299999953],[-63.9245687,-8.57552539999994],[-63.9231713999999,-8.559293499999956],[-63.9456203999999,-8.550497999999966],[-63.94378809999991,-8.526604399999945],[-63.9745045999999,-8.487238099999988],[-63.940838400000004,-8.45226399999997],[-63.943950899999905,-8.435269399999973],[-63.9778954,-8.420132899999958],[-63.9453731999999,-8.387826099999936],[-63.94412249999991,-8.331187699999951],[-63.9108358999999,-8.328524799999972],[-63.8707593999999,-8.28881959999995],[-63.7912312999999,-8.33321529999993],[-63.7735082999999,-8.32073279999995],[-63.722761399999996,-8.249498999999968],[-63.7470344,-8.198583199999991],[-63.69342110000001,-8.158348699999957],[-63.66989770000001,-8.121743199999965],[-63.6670003,-8.081603299999928],[-63.6217789999999,-8.02961079999992],[-63.6212490999999,-7.976531699999948],[-62.8772065809999,-7.975922216999942],[-62.8414087,-7.988263099999907],[-62.8109334,-8.026300099999938],[-62.7456372,-8.04228169999995],[-62.6815551,-8.101215499999942],[-62.687518600000004,-8.118154799999946],[-62.6713860999999,-8.141519199999943],[-62.6855636999999,-8.18016859999991],[-62.65686319999999,-8.202000499999926],[-62.6463785999999,-8.240917699999954],[-62.6197086999999,-8.24322369999991],[-62.5995159999999,-8.277203899999964],[-62.5832715999999,-8.26981779999995],[-62.5570218,-8.285636499999963],[-62.5496112,-8.364870899999955],[-62.5363685999999,-8.358460799999937],[-62.51847250000001,-8.384738199999951],[-62.465474599999894,-8.339739999999935],[-62.4322478,-8.372028099999968],[-62.3650823,-8.391022099999915],[-62.36605120000001,-8.493561699999931],[-62.337358699999996,-8.516638899999997],[-62.3258046999999,-8.56370739999993],[-62.3419984999999,-8.594843199999968],[-62.33577759999999,-8.609484599999965],[-62.28130409999991,-8.638589899999948],[-62.2932829,-8.595990999999952],[-62.268888499999896,-8.575758599999974],[-62.1883884,-8.590558699999983],[-62.17664250000001,-8.636919699999954],[-62.20053060000001,-8.644292799999954],[-62.165087,-8.679393799999955],[-62.1717727,-8.695074899999957],[-62.1488017999999,-8.718308799999926],[-62.1550309,-8.73964229999997],[-62.1249716999999,-8.801671099999968],[-62.03106100000001,-8.799710099999963],[-61.9852218999999,-8.878606299999962],[-61.9139746,-8.87734119999993],[-61.859748599999904,-8.852973299999976],[-61.861024900000004,-8.8036155],[-61.8365008,-8.73272259999992],[-61.7746056,-8.74822889999998],[-61.7443868,-8.717409499999983],[-61.741853999999904,-8.695192899999915],[-61.7132741999999,-8.687852699999953],[-61.705361700000005,-8.707526399999946],[-61.6305548999999,-8.721958399999927],[-61.60602779999991,-8.794713999999923],[-61.52358799999999,-8.818596599999989],[-61.511504499999894,-8.86364059999995],[-61.468504999999894,-8.917367899999919],[-61.51106190000001,-8.97619309999995],[-61.555755,-9.09240259999994],[-61.5553819,-9.131496899999972],[-61.5196316,-9.195197699999943],[-61.5262069999999,-9.24584739999994],[-61.5769802,-9.237525299999977],[-61.599616899999894,-9.25603509999996],[-61.6283433999999,-9.257096999999929],[-61.63334589999991,-9.270584299999953],[-61.62630310000001,-9.284084199999965],[-61.6119925,-9.280701599999917],[-61.625928099999996,-9.36301169999998],[-61.6122475,-9.355934099999967],[-61.55270410000001,-9.387421899999921],[-61.561495900000004,-9.400552299999967],[-61.5506088,-9.417748099999926],[-61.578642900000006,-9.471611999999965],[-61.5258125999999,-9.501797099999973],[-61.5495653999999,-9.515217099999976],[-61.5271246,-9.533265999999967],[-61.5134424999999,-9.528531399999958],[-61.5103713999999,-9.565091099999961],[-61.495198300000006,-9.578758199999998],[-61.5030326,-9.615344999999929],[-61.476807400000006,-9.628722999999974],[-61.5068828,-9.66195589999996],[-61.5052719999999,-9.69138189999997],[-61.53242929999989,-9.711776499999937],[-61.57463729999991,-9.71779329999994],[-61.5315012999999,-9.739911900000005],[-61.547356,-9.78754149999995],[-61.5249133999999,-9.79573029999996],[-61.5321147,-9.819758499999974],[-61.5162794,-9.827921999999965],[-61.508419499999896,-9.88880089999996],[-61.53942729999991,-9.964098499999968],[-61.5282951,-9.968589199999926],[-61.53120210000001,-9.989850299999937],[-61.5558735,-10.038951400000006],[-61.584374899999894,-10.059609300000021],[-61.5787101999999,-10.07924439999991],[-61.6018749,-10.154379300000015],[-61.56064380000001,-10.173386100000016],[-61.5517184999999,-10.197776299999898],[-61.572971100000004,-10.207438999999995],[-61.577925999999906,-10.23531239999988],[-61.5440872,-10.300994499999886],[-61.552797899999995,-10.308232299999906],[-61.5161644999999,-10.334436299999911],[-61.4970544,-10.389581700000017],[-61.4617928,-10.419904599999885],[-61.4808156999999,-10.487748300000018],[-61.47906979999989,-10.529872000000003],[-61.46632179999991,-10.541211299999908],[-61.489594000000004,-10.629803299999898],[-61.481710899999904,-10.6691425],[-61.4993934999999,-10.6986176],[-61.4723936999999,-10.714972999999905],[-61.48840030000001,-10.736476700000019],[-61.4738335,-10.797512700000015],[-61.488914300000005,-10.79907649999999],[-61.4977921,-10.782119599999913],[-61.510896499999895,-10.793680699999998],[-61.503421800000005,-10.808445199999909],[-61.5268038,-10.884581099999902],[-61.514305500000006,-10.907387299999888],[-61.5195209,-10.949698399999885],[-61.53008729999989,-10.979019499999898],[-61.550257900000005,-10.986094699999999],[-60.4600500999999,-10.989856200000006],[-60.437941200000004,-11.016685100000002],[-60.44659660000001,-11.04215340000002],[-60.41411089999999,-11.043485099999884],[-60.414386299999904,-11.0674705],[-60.39155410000001,-11.093792599999984],[-60.3479707,-11.109036300000005],[-60.348437600000004,-11.074043000000014],[-60.334548700000006,-11.082888899999892],[-60.3012492,-11.057153199999993],[-60.28235840000001,-11.064017200000007],[-60.27099870000001,-11.098692399999905],[-60.2388524,-11.094943099999986],[-60.2033577,-11.113456400000018],[-60.159274599999904,-11.09565409999991],[-60.0961937,-11.110787699999902],[-60.084248800000005,-11.096844599999905],[-60.0667134999999,-11.125509099999887],[-60.0374423,-11.117354799999916],[-60.02624370000001,-11.130732999999996],[-60.015748,-11.116284099999998],[-59.9839014999999,-11.1162765],[-59.979944399999994,-11.139802899999882],[-59.997771099999994,-11.151359699999896],[-59.96402570000001,-11.189115100000006],[-59.98112960000001,-11.20376189999999],[-59.98202760000001,-11.233500399999997],[-59.95946789999991,-11.29473389999991],[-59.92777559999999,-11.310434600000022],[-59.917193100000006,-11.338434599999985],[-59.9259092,-11.415480900000007],[-59.9762413,-11.439222499999994],[-59.9854076999999,-11.469340899999994],[-60.0312383,-11.493173199999905],[-60.0267241,-11.505675300000007],[-60.057469499999996,-11.542096000000013],[-60.0907809,-11.554880500000012],[-60.094443,-11.585880799999893],[-60.1141383999999,-11.587493100000001],[-60.1216618,-11.712103799999996],[-60.10108840000001,-11.780621099999996],[-60.10849840000001,-11.793118600000007],[-60.09583039999999,-11.799789099999893],[-60.1087755999999,-11.839579199999918],[-60.06052270000001,-11.895001199999992],[-60.0120795,-11.893040499999893],[-59.985798900000006,-11.912080300000008],[-59.9869914,-11.960089799999915],[-59.97135810000001,-11.969945599999999],[-59.9795812999999,-11.991286799999994],[-59.96658310000001,-12.007162499999907],[-59.97935840000001,-12.029549799999895],[-59.89980380000001,-12.117222700000005],[-59.9108107,-12.186456599999897],[-59.892331,-12.245453899999989],[-59.7743574,-12.340955899999907],[-59.81925590000001,-12.378748199999997],[-59.8425487,-12.4248489999999],[-59.8441599999999,-12.467172900000007],[-59.8981783999999,-12.501642899999998],[-59.8960537,-12.536444600000024],[-59.9294389,-12.579617200000001],[-59.972731699999905,-12.609940100000012],[-59.9815738999999,-12.592138499999995],[-60.00332050000001,-12.59233720000001],[-60.04537849999999,-12.641710599999977],[-60.045798299999895,-12.661508599999893],[-60.064964,-12.670820199999994],[-60.05573029999991,-12.703617600000003],[-60.075058299999995,-12.733232699999997],[-60.0587058999999,-12.786210999999978],[-60.08281759999989,-12.852636000000007],[-60.08128260000001,-12.889304900000004],[-60.1171653,-12.959555599999911],[-60.1892776,-12.971142999999914],[-60.2152922,-13.026980699999998],[-60.28299159999991,-13.080552299999981],[-60.280621700000005,-13.135615499999995],[-60.2685051999999,-13.144971099999996],[-60.3038367999999,-13.178369799999903],[-60.325639499999994,-13.253262999999892],[-60.36497130000001,-13.299942699999997],[-60.3879196,-13.454695099999999],[-60.432005800000006,-13.488435400000013],[-60.51094859999989,-13.503596599999982],[-60.5776508,-13.565227699999978],[-60.63219919999991,-13.571703699999897],[-60.6411777,-13.596539299999998],[-60.6860379,-13.625227399999998],[-60.6970147,-13.666498599999994],[-60.7168065,-13.682216399999989],[-60.709315600000004,-13.6930029],[-60.7695385,-13.684205300000002],[-60.7799231,-13.659769399999982]]]}},{"type":"Feature","properties":{"SIGLA_UF":"AP","NM_UF":"Amapá","NM_REGIAO":"Norte"},"geometry":{"type":"MultiPolygon","coordinates":[[[[-49.90031350000001,1.212868200000048],[-49.8830829999999,1.1690769999999924],[-49.8897823999999,1.0135970000000467],[-49.9567455,0.9495337999999895],[-49.98901599999989,0.9395108000000706],[-50.0024735,0.9064127000000334],[-49.988378100000006,0.8748445999999245],[-50.0202611999999,0.8587700000002091],[-50.097362,0.7670498999999827],[-50.2203936999999,0.7431222000003118],[-50.2312446999999,0.7301392999998636],[-50.226021800000005,0.6962485999998911],[-50.3472365,0.666843700000025],[-50.4313749,0.605721500000243],[-50.5238924,0.372390800000246],[-50.596307099999905,0.2503657999994674],[-50.74350880000001,0.13048519999923],[-50.9594726,0.05385790000336572],[-51.0759307,-0.08373249999780229],[-51.2163629,-0.11861280000119187],[-51.30248160000001,-0.2526426999995136],[-51.3390097,-0.28457699999980973],[-51.3625053,-0.36810790000026467],[-51.4207254999999,-0.42899319999994323],[-51.4577884999999,-0.5132339999996435],[-51.59553619999999,-0.6504378000001939],[-51.6792048999999,-0.7852518999997838],[-51.6955134999999,-0.921291500000005],[-51.686228,-1.029385499999777],[-51.7043365,-1.067740999999926],[-51.80909630000001,-1.1571010999999929],[-51.88728589999991,-1.1663970999998263],[-51.925956000000006,-1.132315799999861],[-51.9558762,-1.1696745999999443],[-51.96559219999989,-1.1258086999998445],[-51.9883179999999,-1.1227235999999643],[-51.9911221,-1.171815999999844],[-52.0550643,-1.176949999999849],[-52.0639335,-1.1897728000000438],[-52.0470645,-1.219309099999934],[-52.057314600000005,-1.235792799999889],[-52.0751241,-1.2348658000000508],[-52.1098719,-1.218115899999849],[-52.1202623,-1.146197999999948],[-52.3329879,-1.115891499999812],[-52.35815560000001,-1.062584399999895],[-52.400178700000005,-1.043630500000005],[-52.4270400999999,-1.0507949000001067],[-52.4144641,-1.009272299999861],[-52.4395446,-0.934746099999833],[-52.4047158,-0.912737699999929],[-52.403158,-0.87714829999974],[-52.4555179,-0.8302660999998749],[-52.516933400000006,-0.8586160000001337],[-52.5438392999999,-0.8515391999999203],[-52.5169698999999,-0.8090464000000306],[-52.5216321,-0.7852101999999708],[-52.497152199999995,-0.7229462000001656],[-52.5250154999999,-0.5853397999997885],[-52.5399844999999,-0.5731114999997544],[-52.61299,-0.5948934000001888],[-52.640009,-0.5849061000002314],[-52.6954363,-0.4964016999997894],[-52.7026822,-0.4592321999999212],[-52.6791517999999,-0.42367480000035546],[-52.6985708,-0.3871672000003908],[-52.6818497,-0.3399645000004342],[-52.688818999999995,-0.3041364000002495],[-52.74021379999991,-0.27660749999933],[-52.7604398,-0.23757440000028915],[-52.8360989,-0.18614920000071894],[-52.8515431,-0.15016079999889487],[-52.8768214,-0.14275670000121127],[-52.9040128999999,-0.15493770000004112],[-52.9327436999999,-0.1423073000011476],[-52.97102219999991,-0.04311010000054998],[-52.9772925999999,0.02379630000102823],[-53.0149666999999,0.059692100002071986],[-53.011129200000006,0.09504590000097217],[-53.029266,0.10471910000046084],[-53.0521271,0.157338899998936],[-53.0942924999999,0.19530699999937903],[-53.1064079,0.23174300000050602],[-53.0948812,0.2622122000001931],[-53.13435,0.3001789000006198],[-53.138795199999905,0.33046319999981444],[-53.1750478,0.37710709999957387],[-53.15993430000001,0.40296789999995186],[-53.1677453,0.4457283000003306],[-53.1551284,0.4801796999998912],[-53.16976890000001,0.4937347999997485],[-53.1483827,0.5416583999999525],[-53.150245,0.5910227999998732],[-53.106298,0.6839819999999277],[-53.14387419999999,0.6962608000002306],[-53.1902726,0.7683835000001967],[-53.4114941999999,0.9293442000000869],[-53.4108032999999,0.98204249999995],[-53.4285447,0.9992947000002463],[-53.4223294,1.0337374000002424],[-53.4558236999999,1.077371800000027],[-53.4595451,1.1275347000000793],[-53.44435789999989,1.1513192000001176],[-53.3998789,1.158409000000052],[-53.3960800999999,1.1792924999999865],[-53.4174371999999,1.2027759999998966],[-53.4265207999999,1.2427210000001996],[-53.5389929,1.2124260999999712],[-53.5463212,1.228507399999954],[-53.5233274999999,1.2613388999999549],[-53.55669060000001,1.2848053000001403],[-53.5626334,1.3065819000001289],[-53.5333853,1.3224287999999875],[-53.5385477,1.340861099999925],[-53.5594646,1.3503307000000537],[-53.5706898999999,1.3373019999999107],[-53.595218100000004,1.3581540999999409],[-53.6509665999999,1.3362233000000832],[-53.6630774,1.3494953999999846],[-53.6435233999999,1.3638863000000967],[-53.6468326999999,1.4076246999999147],[-53.670550399999996,1.3719894999999405],[-53.7114611,1.3839631000001695],[-53.695803399999896,1.418142100000058],[-53.7171883,1.4317625999999632],[-53.7154131999999,1.405375999999957],[-53.7323266999999,1.386288799999966],[-53.76247180000001,1.4083927999999786],[-53.7746111,1.3969023000000036],[-53.8039934,1.423524900000034],[-53.8227739,1.413832500000123],[-53.8070503,1.391802800000178],[-53.85033949999999,1.3918412000001614],[-53.8443046,1.4063071000001015],[-53.8856299,1.4024622999998921],[-53.876742,1.4354522000001448],[-53.89599810000001,1.4551258000002],[-53.917528600000004,1.456902800000073],[-53.93830410000001,1.4354628000000063],[-53.9287634999999,1.4691791000001653],[-53.9540837,1.4679697000000682],[-53.967076500000005,1.4843951000000366],[-53.976134699999896,1.4722767000000947],[-53.997467799999995,1.4757713000001866],[-54.00904930000001,1.5196647000000314],[-54.0275789999999,1.5168384000000714],[-54.0245773999999,1.4998571000000924],[-54.06916,1.5009694000000002],[-54.0864660999999,1.488296800000016],[-54.0845904,1.5263318000001251],[-54.1175262,1.5581747000000685],[-54.102,1.5906304000001075],[-54.118551,1.581480100000128],[-54.1283569,1.5913127000001357],[-54.1230826999999,1.607400700000113],[-54.1436636999999,1.640612000000027],[-54.182217900000005,1.658074800000012],[-54.19110380000001,1.6249093000001575],[-54.230139199999904,1.675971500000077],[-54.2636586,1.6801626000001009],[-54.2668006,1.7080669000000956],[-54.2923593,1.7087460000000048],[-54.2816415999999,1.7238476000000735],[-54.30978060000001,1.7293985999999728],[-54.30930440000001,1.7410503000000905],[-54.34466220000001,1.7406282000000524],[-54.37772210000001,1.7636870999999734],[-54.3874417,1.7451550999999497],[-54.4246608,1.760440300000117],[-54.508554800000006,1.7482740000000792],[-54.57091020000001,1.7844550000000692],[-54.6711959,1.7656566000000107],[-54.74477910000001,1.7758008000000103],[-54.754421699999995,1.7978080000000234],[-54.7340255999999,1.8319768000000185],[-54.7531954999999,1.8509850000000119],[-54.7715874,1.9404989999999878],[-54.7544412999999,1.9705985999999962],[-54.8038048999999,2.0258228000000758],[-54.812832,2.0628137000000626],[-54.8062543,2.1389277000001075],[-54.76311090000001,2.202319100000046],[-54.811420299999995,2.266378000000111],[-54.7942494,2.3127332000000433],[-54.80756,2.341674900000101],[-54.8762502,2.4266943999999806],[-54.7945847999999,2.4314431000000667],[-54.7994413,2.4443788000000986],[-54.7742325,2.448380299999996],[-54.7701094999999,2.4756711999999803],[-54.7609337,2.463527399999981],[-54.696482199999906,2.462349700000059],[-54.6844444,2.44716669999998],[-54.7032988999999,2.432522400000106],[-54.6858056,2.411638900000126],[-54.7191402,2.403863199999994],[-54.707757399999906,2.364394600000075],[-54.6931297,2.351570600000059],[-54.6637145999999,2.35651130000002],[-54.66233140000001,2.327876500000119],[-54.6429790999999,2.3221982000000643],[-54.6153489,2.322106300000005],[-54.6132418999999,2.3389973000000253],[-54.587589299999905,2.322272700000023],[-54.53686889999991,2.3254137000000905],[-54.5136557,2.2798543999999943],[-54.548962499999995,2.2698750000001215],[-54.4993375999999,2.2518857000000376],[-54.4769305999999,2.21239190000012],[-54.4487326,2.203639200000069],[-54.4233216,2.2143650000000976],[-54.4105043,2.1981703999999884],[-54.36401779999991,2.226747100000078],[-54.3612699,2.1751127000001316],[-54.3389751999999,2.1690537000001475],[-54.33503029999999,2.1536740999999915],[-54.2673281,2.1434188999999777],[-54.1873838,2.1794207000000188],[-54.15617969999991,2.122504300000006],[-54.1064074,2.1110410000001387],[-54.0932769,2.1391737000001467],[-54.083659,2.135921600000093],[-54.0822721,2.1732792999999737],[-54.0650735,2.196584100000077],[-54.0166947,2.181918299999979],[-53.9879233,2.211317099999959],[-53.9441767,2.215056300000021],[-53.9376718999999,2.282879700000023],[-53.8862267,2.2727179000000057],[-53.883128400000004,2.308747700000058],[-53.8495131999999,2.3129785000000593],[-53.766995,2.37539720000013],[-53.7376161,2.373743399999964],[-53.75246349999999,2.3595803000000766],[-53.7209266999999,2.3507300000000635],[-53.7451700999999,2.319024800000041],[-53.7348956,2.301719300000063],[-53.7003718999999,2.3118193000000953],[-53.6975950999999,2.293585399999962],[-53.6688798,2.3038230000000266],[-53.668052799999906,2.285361300000055],[-53.6445515,2.275444000000077],[-53.59917960000001,2.280866000000081],[-53.5868538999999,2.263397500000095],[-53.4697424999999,2.251896500000028],[-53.4508731999999,2.2594976000000466],[-53.4459608999999,2.2832222999999736],[-53.43151729999991,2.2825801000000823],[-53.432512,2.2982483000000284],[-53.4091744999999,2.287455000000072],[-53.356980300000004,2.3288491000000473],[-53.3588181,2.347139900000098],[-53.3399304,2.352052600000047],[-53.3341841,2.3362020000000907],[-53.31804720000001,2.34207040000004],[-53.30159450000001,2.3062344000001023],[-53.2601468999999,2.2933791000000148],[-53.2613762999999,2.2730920000000054],[-53.225592199999895,2.262169600000103],[-53.2579813999999,2.2423792000001015],[-53.2729376,2.189800800000094],[-53.2475391999999,2.211188700000079],[-53.2225672,2.2006063000001346],[-53.1021041,2.225950300000016],[-53.074029200000005,2.219411900000006],[-53.05294419999999,2.1902663000001454],[-52.987674500000004,2.1680849000000437],[-52.944059799999906,2.1771177000000663],[-52.9347569999999,2.1946987000001053],[-52.90474639999999,2.1882282000000983],[-52.88770780000001,2.238468800000005],[-52.8538652,2.264112099999961],[-52.8586043,2.2815226000000868],[-52.66086069999991,2.373916900000112],[-52.6463079,2.432997200000041],[-52.6104438,2.4524991999999846],[-52.61862519999989,2.47455680000011],[-52.595297,2.476098700000011],[-52.5519355,2.519977100000028],[-52.5612733,2.5502911000000315],[-52.5368799999999,2.5586636000000516],[-52.52759600000001,2.5830971000000056],[-52.55528710000001,2.6402241000001183],[-52.5292497999999,2.651937400000113],[-52.4217609999999,2.891389599999991],[-52.390997299999995,2.8976621000000176],[-52.3771892,2.916550299999982],[-52.3952102,2.9276830000000635],[-52.39349190000001,2.9460998000000416],[-52.32610420000001,3.0766213000000455],[-52.3454639,3.0977258000000463],[-52.3382003999999,3.1198942000000662],[-52.3528861999999,3.1269871000000835],[-52.3315064999999,3.137200600000053],[-52.34082920000001,3.1450791000000313],[-52.3312865999999,3.1708712000000583],[-52.3013258,3.173052100000014],[-52.2925132999999,3.2264208000000747],[-52.2604514,3.2530006000000604],[-52.23472420000001,3.2399753000000606],[-52.1896884999999,3.298596300000035],[-52.0734055,3.515533000000046],[-51.98816129999991,3.628175800000101],[-51.9739069999999,3.706277900000063],[-51.92215950000001,3.7238904000000392],[-51.9196949999999,3.781421200000082],[-51.89680839999989,3.784711700000085],[-51.9028223,3.8007701000000225],[-51.8740468999999,3.8027885000000836],[-51.7986377,3.8881364000000427],[-51.7791076999999,3.971455600000039],[-51.657683299999995,4.051974300000091],[-51.6294622,4.195409699999992],[-51.669960699999905,4.283224200000067],[-51.6776113,4.351190500000079],[-51.670020799999996,4.42542960000002],[-51.6353281999999,4.454863600000104],[-51.6409199999999,4.484392700000102],[-51.6284211999999,4.504341400000022],[-51.4858816,4.437178700000075],[-51.331840099999994,4.305798600000053],[-51.2039784,4.125109500000056],[-51.1756508,4.010861500000065],[-51.1792978,3.9194963000000707],[-51.101868,3.912795700000038],[-51.0830309,3.894951200000027],[-51.0817747999999,3.559538500000074],[-51.0910110999999,3.4804817000000012],[-51.10930869999999,3.4506267000000532],[-51.0865365,3.3501720000000366],[-51.0328225,3.2136890000000795],[-51.0444103999999,3.1340039000000925],[-51.0142974999999,3.085557800000018],[-51.0211679999999,3.051376500000099],[-50.9837646999999,2.937066700000021],[-50.9505116999999,2.882170500000026],[-50.9542073,2.8372368000000496],[-50.9084915999999,2.788866600000093],[-50.90535340000001,2.756939800000065],[-50.8846611,2.7414160000000822],[-50.8824485,2.6882411000000292],[-50.847721,2.6403442000000705],[-50.8270103,2.5127706000000036],[-50.7942244,2.4985492000000433],[-50.7703726,2.453421600000012],[-50.7448815,2.320033700000037],[-50.7226277999999,2.2877466000000375],[-50.72450889999989,2.2442907000000236],[-50.6866312999999,2.1910505000001392],[-50.68186680000001,2.1334028000000003],[-50.60374590000001,2.073033600000049],[-50.582660099999906,1.9896325999999886],[-50.525616399999905,1.9299361000000517],[-50.4749649,1.838595099999945],[-50.44483880000001,1.8150357999999733],[-50.4004643,1.8002649999999527],[-50.3246141,1.8153810000001525],[-50.16575859999989,1.8130306000000076],[-50.03221269999991,1.7597013000001456],[-49.9238850999999,1.6934496000001533],[-49.8765415999999,1.4504271000001252],[-49.88364180000001,1.3399815999999574],[-49.9042694999999,1.295591500000058],[-49.90031350000001,1.212868200000048]]],[[[-50.5203749,2.0013037999999885],[-50.5042091999999,2.094030100000081],[-50.4684306999999,2.100003900000104],[-50.45741489999989,2.112695099999988],[-50.4054105,2.1112592000000023],[-50.3834234,2.0712039999999377],[-50.361836,2.059953800000088],[-50.3624546999999,2.0220263000001335],[-50.32195360000001,1.9752251000000005],[-50.3174203999999,1.94750230000001],[-50.374444,1.8840410000000967],[-50.43314530000001,1.868867300000094],[-50.4549172,1.8884971000000335],[-50.4986395999999,1.9945378999999963],[-50.5203749,2.0013037999999885]]],[[[-50.5524311,2.1502972000000766],[-50.5199792999999,2.1837403000001356],[-50.4657756999999,2.184444500000087],[-50.4321982,2.1579723000000937],[-50.4194917,2.1232878000001456],[-50.4583402,2.11524679999999],[-50.4997715,2.096860399999971],[-50.5524311,2.1502972000000766]]]]}},{"type":"Feature","properties":{"SIGLA_UF":"TO","NM_UF":"Tocantins","NM_REGIAO":"Norte"},"geometry":{"type":"Polygon","coordinates":[[[-49.3544322,-13.109602199999898],[-49.3410476,-13.126501000000006],[-49.3557086,-13.1557731],[-49.33724470000001,-13.247281599999999],[-49.3683159,-13.272301399999913],[-49.9203946,-12.961384000000004],[-50.0168884999999,-12.9291019999999],[-50.0396484,-12.935387499999909],[-50.0780612,-12.905650599999893],[-50.1838006,-12.897356699999897],[-50.225444,-12.859951700000009],[-50.2928426999999,-12.838469399999985],[-50.3109562,-12.797941799999915],[-50.2832766,-12.717779300000009],[-50.2992189999999,-12.705457699999993],[-50.2990728,-12.680177099999996],[-50.2653247,-12.682172199999997],[-50.2611873,-12.636474699999999],[-50.2363814999999,-12.623671600000002],[-50.23752769999991,-12.578735299999902],[-50.224063400000006,-12.585261499999884],[-50.1919844999999,-12.562161099999983],[-50.21126,-12.56034189999999],[-50.22952439999991,-12.531188999999893],[-50.2176095,-12.487357099999887],[-50.1585985999999,-12.430622699999985],[-50.141802,-12.395395600000022],[-50.17111750000001,-12.405350300000007],[-50.1731667999999,-12.422333299999888],[-50.19588609999991,-12.412436899999895],[-50.18406100000001,-12.432050899999991],[-50.2117812,-12.435597299999905],[-50.2073038999999,-12.447852699999897],[-50.3104160999999,-12.49537620000001],[-50.3244294,-12.507177299999999],[-50.3132208,-12.521092299999985],[-50.3284935,-12.513742899999997],[-50.3314958999999,-12.53548380000001],[-50.3659843,-12.545501099999994],[-50.3661794,-12.57323539999991],[-50.3983838999999,-12.601490599999995],[-50.3908223999999,-12.611461000000006],[-50.41810089999999,-12.624447299999892],[-50.4123673999999,-12.648293500000007],[-50.4260505999999,-12.641552499999904],[-50.44045030000001,-12.652253699999989],[-50.4269275999999,-12.652488199999913],[-50.432713099999894,-12.691522399999897],[-50.4608311,-12.692777200000004],[-50.47865529999999,-12.711283099999896],[-50.4650890999999,-12.730802900000008],[-50.4874093999999,-12.745106399999912],[-50.467797699999906,-12.754259400000011],[-50.4932856,-12.783687100000003],[-50.48384149999999,-12.810578699999997],[-50.5074228,-12.858362699999908],[-50.5203415,-12.836394099999907],[-50.5669545,-12.843423399999889],[-50.5978466999999,-12.826774999999907],[-50.5819162,-12.799379299999906],[-50.622732,-12.81973619999999],[-50.61176590000001,-12.775896799999908],[-50.6359942,-12.771860499999903],[-50.6229618,-12.734638499999988],[-50.65476579999999,-12.67917940000001],[-50.6469294,-12.651121400000008],[-50.69968859999991,-12.6477753],[-50.7064887999999,-12.609701000000008],[-50.6944285,-12.592675200000002],[-50.667982299999906,-12.596009299999901],[-50.68647850000001,-12.569204199999891],[-50.6460197,-12.482110900000006],[-50.6530390999999,-12.460073899999907],[-50.6235737,-12.45528379999999],[-50.618255000000005,-12.428992200000001],[-50.6326753,-12.417103900000019],[-50.6268724999999,-12.384031999999904],[-50.6445669,-12.3459089999999],[-50.6489154999999,-12.2990895999999],[-50.62931509999999,-12.27700620000001],[-50.6499540999999,-12.249125599999983],[-50.6437098,-12.222964999999885],[-50.67867729999989,-12.21884959999991],[-50.6868717999999,-12.202153899999889],[-50.6672776,-12.081168799999888],[-50.6865978,-12.045133299999987],[-50.68365260000001,-11.99558599999989],[-50.65683390000001,-11.966849399999887],[-50.6678955,-11.927767399999878],[-50.6392882,-11.88456649999988],[-50.6863044999999,-11.858995399999985],[-50.7220419999999,-11.7396989],[-50.6637021,-11.677527300000008],[-50.6574739,-11.592806400000008],[-50.7159867,-11.578953299999993],[-50.7346778,-11.551458499999985],[-50.742063099999896,-11.4549064],[-50.70709909999991,-11.32816580000001],[-50.6594054,-11.254862300000017],[-50.66103950000001,-11.134717199999994],[-50.60945739999989,-11.067445699999999],[-50.632945600000006,-10.935942999999996],[-50.59940460000001,-10.884463900000018],[-50.6220066,-10.839417799999989],[-50.5705877,-10.752504099999982],[-50.60289779999991,-10.658233999999892],[-50.56317190000001,-10.611321500000006],[-50.53495980000001,-10.601750899999994],[-50.5161464,-10.50390939999991],[-50.4826204999999,-10.490038599999885],[-50.4737254,-10.404905499999899],[-50.4182853,-10.356281399999885],[-50.4230666,-10.327441699999978],[-50.38156450000001,-10.218912900000012],[-50.3987546,-10.164100399999912],[-50.3921478,-10.134031199999997],[-50.3546724999999,-10.077169099999896],[-50.3026455,-10.035411299999991],[-50.2642802999999,-9.908497499999948],[-50.2254493,-9.853958199999953],[-50.1978963999999,-9.758834899999936],[-50.151005299999994,-9.69560819999996],[-50.1377529,-9.624824199999985],[-50.1073696999999,-9.594280199999966],[-50.0895623,-9.545692899999946],[-50.1079493999999,-9.508630199999972],[-50.1053376,-9.475410499999938],[-50.0528335,-9.37267299999994],[-50.0485011,-9.308033699999942],[-50.0050057,-9.268759699999993],[-49.994059499999906,-9.23409619999995],[-49.9661483,-9.230864099999968],[-49.9076961,-9.17382289999997],[-49.9100544,-9.153522399999954],[-49.8673317,-9.09709139999996],[-49.842589700000005,-9.027325899999928],[-49.7450881,-8.906163599999973],[-49.6843583,-8.856474899999965],[-49.5924113,-8.839491199999939],[-49.4876063,-8.688504699999964],[-49.4540256999999,-8.615391499999932],[-49.406329500000005,-8.573748299999998],[-49.3770137,-8.455285099999976],[-49.349409400000006,-8.41837649999999],[-49.2833241,-8.379557199999985],[-49.24866029999999,-8.255376399999943],[-49.215854,-8.194211699999917],[-49.1993581999999,-8.087568299999914],[-49.1767186,-8.061511199999929],[-49.1820284,-7.976963499999954],[-49.16324279999999,-7.921283284999973],[-49.164913,-7.83287029999996],[-49.1484434,-7.807314799999968],[-49.328078999999896,-7.677794999999961],[-49.384051999999905,-7.543492199999947],[-49.3779974,-7.496445799999932],[-49.23147499999989,-7.325786099999943],[-49.1852842,-7.235171799999916],[-49.1918049999999,-7.05083649999993],[-49.2174451,-6.961469300000009],[-49.2095280999999,-6.925420599999948],[-49.1152709,-6.869949499999941],[-49.0188835,-6.784210499999953],[-48.9093232,-6.7564647999999465],[-48.8141894999999,-6.751764799999918],[-48.76909820000001,-6.730701599999975],[-48.7368797999999,-6.692780999999989],[-48.67618900000001,-6.673379699999944],[-48.6519604,-6.639951199999928],[-48.66454909999991,-6.5676741999999715],[-48.64399170000001,-6.504273099999994],[-48.6131545,-6.453728999999961],[-48.5405762,-6.400842100000004],[-48.5059947999999,-6.353113999999926],[-48.447707,-6.351178899999996],[-48.3826792999999,-6.3796078999999555],[-48.378215,-6.333694199999965],[-48.4171226,-6.298586599999976],[-48.4349387999999,-6.183168299999987],[-48.4082705,-6.153402199999945],[-48.3344887,-6.1370243999999685],[-48.2972402,-6.110477599999966],[-48.2868769999999,-6.065768899999951],[-48.335160099999904,-6.0357196999999525],[-48.3347163,-6.004274799999981],[-48.3143449,-5.979172999999956],[-48.243545000000005,-5.9566245999999365],[-48.2300744,-5.938400799999969],[-48.2357023,-5.91104439999998],[-48.2919697999999,-5.836837399999973],[-48.2935115999999,-5.751195399999993],[-48.2757099999999,-5.726513399999921],[-48.2200424,-5.728162099999946],[-48.175983099999904,-5.712295699999972],[-48.1322491,-5.618130099999934],[-48.194735299999905,-5.563093299999941],[-48.2615135,-5.548071199999967],[-48.3007069999999,-5.52300659999998],[-48.3280887,-5.496632099999962],[-48.3515975999999,-5.4278363999999595],[-48.38474250000001,-5.394206799999937],[-48.505188,-5.42934469999994],[-48.5967333999999,-5.42254439999996],[-48.6504881,-5.384918199999979],[-48.73688010000001,-5.373962399999917],[-48.7567647,-5.352884999999938],[-48.708798699999896,-5.351004799999943],[-48.67943840000001,-5.305820099999919],[-48.6061316999999,-5.336500799999978],[-48.5685726,-5.282932799999961],[-48.561073500000006,-5.2301991999999755],[-48.533013099999906,-5.198717899999987],[-48.36390979999991,-5.168380499999957],[-48.3209044,-5.2013876999999145],[-48.178544200000005,-5.260776099999895],[-48.079265,-5.275064499999914],[-48.0040589,-5.234620199999952],[-47.928104100000006,-5.241235499999936],[-47.87292360000001,-5.272358099999939],[-47.867624099999894,-5.342815899999925],[-47.8437594,-5.376208699999969],[-47.827543499999905,-5.386586599999948],[-47.7443137,-5.380132400000016],[-47.6186197,-5.459726199999964],[-47.5602605999999,-5.463212699999918],[-47.4850666999999,-5.557450799999956],[-47.4737044999999,-5.661979699999948],[-47.493374499999994,-5.730530699999962],[-47.4316732,-5.8660362999999425],[-47.429507900000004,-5.932095999999947],[-47.4479842,-5.992983899999946],[-47.4280419999999,-6.03922449999992],[-47.4331069,-6.112133499999993],[-47.3772357999999,-6.266768299999963],[-47.4086248999999,-6.328066899999974],[-47.4342056999999,-6.431188599999913],[-47.416652600000006,-6.485678399999904],[-47.4564976999999,-6.538274499999967],[-47.4632316999999,-6.60707579999995],[-47.49864409999999,-6.671231599999921],[-47.4941186999999,-6.7548331999999665],[-47.52964589999989,-6.831389099999982],[-47.5052032,-6.893686499999941],[-47.5299515,-6.980105399999972],[-47.644455999999906,-7.143611599999938],[-47.66037490000001,-7.151368099999977],[-47.7106552,-7.137652799999943],[-47.7451291,-7.162504799999949],[-47.75040599999989,-7.183463799999997],[-47.7374579,-7.216865599999963],[-47.6910091,-7.238298499999948],[-47.64771210000001,-7.304122899999898],[-47.62701109999989,-7.300823699999954],[-47.600122600000006,-7.266733999999942],[-47.542897700000005,-7.265383599999941],[-47.488322000000004,-7.311820399999931],[-47.4834958,-7.365120599999962],[-47.5629288,-7.406210999999939],[-47.59156970000001,-7.440068299999968],[-47.5628338999999,-7.4506334999999915],[-47.5284918999999,-7.433539699999921],[-47.501525,-7.4397949000000025],[-47.4751227,-7.533898599999905],[-47.4610916,-7.518363399999951],[-47.4251085999999,-7.528559099999953],[-47.439974999999905,-7.555999799999929],[-47.3990893,-7.569127699999973],[-47.40515680000001,-7.587196399999943],[-47.3830179999999,-7.600389399999933],[-47.3822787999999,-7.6545980999999585],[-47.353785,-7.648131199999998],[-47.3741376,-7.624022799999962],[-47.3581252,-7.616024199999945],[-47.3149328,-7.660037899999953],[-47.3387494,-7.666904099999934],[-47.3316710999999,-7.685440099999932],[-47.3029898999999,-7.690246399999978],[-47.3033566,-7.702656099999973],[-47.3172716,-7.702353899999912],[-47.3062679,-7.7134378999999695],[-47.31395029999991,-7.7308180999999445],[-47.275024099999904,-7.730398899999965],[-47.273993699999906,-7.7457100999999415],[-47.2606909,-7.742905699999949],[-47.2671806,-7.760668899999953],[-47.2465928999999,-7.758174399999957],[-47.2481276999999,-7.800402899999915],[-47.23575299999991,-7.804299699999938],[-47.2455059,-7.815957099999923],[-47.1757258,-7.855997499999956],[-47.1765483999999,-7.871627499999944],[-47.1432040999999,-7.89517859999995],[-47.1429970999999,-7.924769699999953],[-47.1221561999999,-7.9218302999999715],[-47.1082903,-7.93688699999997],[-47.1175224,-7.952230899999943],[-47.10363720000001,-7.954042699999953],[-47.107472,-7.990323899999979],[-47.067536000000004,-7.998052199999966],[-47.0453176,-8.05324509999999],[-46.9974336,-8.066583199999972],[-46.9893791,-8.047612699999945],[-46.96351029999991,-8.040214599999935],[-46.9536901,-8.006051699999928],[-46.9207633,-7.995536199999947],[-46.91704070000001,-7.9814884999999505],[-46.8960415999999,-7.986063099999961],[-46.8728326999999,-7.955268999999943],[-46.8667017,-7.9695055999999385],[-46.851612599999996,-7.957812099999943],[-46.830271,-7.964221999999954],[-46.78276700000001,-7.951640299999931],[-46.75620239999989,-7.9229347999999655],[-46.6091661,-7.892959199999941],[-46.5497043999999,-7.951119699999929],[-46.5010968999999,-7.973290199999963],[-46.4763892,-8.014616499999919],[-46.465593199999894,-8.071928799999974],[-46.5138952,-8.164657999999966],[-46.4872397999999,-8.200858099999962],[-46.5091024,-8.235597399999952],[-46.5181666,-8.290601699999963],[-46.55963359999999,-8.322757899999933],[-46.6338866,-8.318354599999937],[-46.6804273,-8.336762899999963],[-46.711476100000006,-8.354658099999925],[-46.728098900000006,-8.38638489999993],[-46.7824337,-8.368083699999953],[-46.787016900000005,-8.399099299999923],[-46.80683499999999,-8.398970699999964],[-46.800509500000004,-8.454093399999993],[-46.8234833,-8.474496199999997],[-46.8323308,-8.46495459999994],[-46.851087299999996,-8.47615729999996],[-46.8463408,-8.534937599999967],[-46.9162802,-8.59478379999995],[-46.89772789999989,-8.601016499999945],[-46.916394099999906,-8.64840679999997],[-46.895695799999906,-8.659740799999945],[-46.8869493,-8.686489799999956],[-46.931281399999904,-8.726752399999938],[-46.9042307,-8.778559899999939],[-46.9148956,-8.853058199999964],[-46.99292189999991,-8.878889399999931],[-46.9702887,-8.914491699999912],[-47.0182796,-8.952935799999981],[-47.0215615,-8.98864059999994],[-47.0357003999999,-8.978943099999963],[-47.044033,-9.006866599999974],[-47.0674774999999,-9.01038629999993],[-47.0434834,-9.026548999999944],[-47.07055159999991,-9.06195419999995],[-47.0102059,-9.070299599999949],[-47.0073414999999,-9.08219339999996],[-46.921624800000004,-9.06681289999995],[-46.9121494,-9.082724299999946],[-46.93153819999999,-9.085888099999968],[-46.9318026999999,-9.128065699999992],[-46.90673470000001,-9.135488399999911],[-46.88992180000001,-9.124364699999948],[-46.8916743999999,-9.140492499999935],[-46.85242029999989,-9.154449399999995],[-46.850705199999894,-9.19183919999995],[-46.822783699999896,-9.199044699999927],[-46.8189454,-9.260057299999954],[-46.8451424,-9.299823999999946],[-46.81106270000001,-9.306748899999944],[-46.758674299999896,-9.381217499999938],[-46.76567750000001,-9.406330899999958],[-46.7460283,-9.414393999999984],[-46.7233118999999,-9.39636459999999],[-46.6659756999999,-9.391918599999936],[-46.6327833999999,-9.41158829999996],[-46.6479244,-9.427144999999932],[-46.640005099999904,-9.45772109999996],[-46.5926608999999,-9.483459499999999],[-46.5609759,-9.484032999999958],[-46.5756895,-9.517548899999975],[-46.5367555,-9.557109299999977],[-46.5923880999999,-9.587200499999954],[-46.6130575,-9.665808199999958],[-46.6533373999999,-9.693442099999977],[-46.647419899999896,-9.73035039999997],[-46.6322287,-9.748876899999974],[-46.5750864999999,-9.758575399999916],[-46.5715924,-9.808037199999948],[-46.509448500000005,-9.801366699999962],[-46.4960599,-9.846006399999975],[-46.48033349999999,-9.855255299999943],[-46.4916451,-9.87007009999995],[-46.47289929999991,-9.877440299999936],[-46.4786114999999,-9.923868699999975],[-46.46572369999999,-9.937057399999942],[-46.4775839,-9.98830139999995],[-46.4570849999999,-10.018017399999998],[-46.4565292999999,-10.049923700000003],[-46.445200400000004,-10.077387299999915],[-46.420695,-10.080879200000002],[-46.38396909999991,-10.120142399999988],[-46.3678894999999,-10.168814100000004],[-46.327525299999905,-10.183694400000002],[-46.3130818,-10.1728237999999],[-46.2730031,-10.181615399999899],[-46.2108689999999,-10.169734999999918],[-46.16330339999999,-10.213632599999903],[-46.099726000000004,-10.212900499999892],[-46.0282781999999,-10.176869600000014],[-46.0124233,-10.250696100000004],[-46.0282068,-10.277103299999988],[-45.9998711,-10.296679899999997],[-45.9711149,-10.358939299999994],[-45.933198100000006,-10.370039099999886],[-45.9109369,-10.371088599999995],[-45.8871713999999,-10.340461900000017],[-45.91563180000001,-10.312664499999888],[-45.896728499999895,-10.264290199999897],[-45.87076019999989,-10.250028799999896],[-45.79374330000001,-10.267672400000004],[-45.760694300000004,-10.250618899999907],[-45.733187799999904,-10.227175299999894],[-45.73499700000001,-10.172165300000016],[-45.7234847999999,-10.155413199999892],[-45.7019773,-10.1793504],[-45.69926469999999,-10.258567300000012],[-45.72688959999991,-10.3125357],[-45.7981846,-10.323247299999894],[-45.8206428999999,-10.457259000000015],[-45.8708973,-10.503278899999898],[-46.1497049,-10.635910799999994],[-46.16076290000001,-10.659439000000011],[-46.1503463,-10.691553999999904],[-46.1959219999999,-10.745223999999983],[-46.206199,-10.800466599999886],[-46.2264451,-10.78293710000001],[-46.2605369999999,-10.812037400000007],[-46.267266299999996,-10.934802299999912],[-46.341557899999906,-10.939012299999911],[-46.5522028999999,-11.262799000000014],[-46.5765095899999,-11.342277294999997],[-46.5683079149999,-11.37156569],[-46.5319213,-11.374877319999902],[-46.52405131300001,-11.463631986999916],[-46.4404345999999,-11.520789000000011],[-46.3481413,-11.506600700000002],[-46.250481299999905,-11.53668899999998],[-46.2093462999999,-11.585350699999909],[-46.0808941999999,-11.624011199999902],[-46.1444858,-11.624347399999985],[-46.1572176999999,-11.651496199999908],[-46.2246953,-11.639688099999889],[-46.24433669999999,-11.60522819999989],[-46.2867874999999,-11.61582469999999],[-46.3255783,-11.59958090000001],[-46.34564470000001,-11.619205700000016],[-46.3848704,-11.625204399999987],[-46.3956970999999,-11.642527499999998],[-46.3617244,-11.631018599999896],[-46.3401944999999,-11.639584300000015],[-46.338462299999904,-11.671892100000004],[-46.3077347,-11.686440699999919],[-46.3335417,-11.710208699999997],[-46.3217632,-11.713471200000004],[-46.3366922,-11.739567099999894],[-46.3785453,-11.748520900000011],[-46.3751048,-11.768598799999898],[-46.34367730000001,-11.760087499999901],[-46.3609362,-11.778951299999997],[-46.3280101,-11.771373500000012],[-46.3484915,-11.785846599999976],[-46.337911,-11.8141009999999],[-46.3586554,-11.812503499999913],[-46.3505630999999,-11.83737550000002],[-46.381134499999995,-11.837692300000002],[-46.3706582999999,-11.889589900000017],[-46.3530272,-11.884319199999915],[-46.3254314,-11.909039100000017],[-46.2822315,-11.91820130000001],[-46.18003980000001,-11.907091199999996],[-46.23305759999991,-11.9364818],[-46.31549030000001,-11.94199300000001],[-46.3737386999999,-11.998755899999892],[-46.387179699999905,-11.99727230000001],[-46.4002361999999,-12.024812999999908],[-46.4082595,-12.009573699999994],[-46.42279030000001,-12.029747299999887],[-46.4448950999999,-12.026178300000009],[-46.4797996999999,-12.047359099999904],[-46.384422300000004,-12.051756300000001],[-46.3960142999999,-12.061575199999897],[-46.3826407999999,-12.083953499999996],[-46.3985913,-12.091443399999893],[-46.3711652,-12.099719299999899],[-46.3715438,-12.123229099999898],[-46.3886491,-12.156341600000008],[-46.40649049999999,-12.157013899999995],[-46.38109370000001,-12.1810752],[-46.410214200000006,-12.198634399999902],[-46.37740619999991,-12.196547100000007],[-46.3834216,-12.212603100000003],[-46.365005599999996,-12.21702029999991],[-46.38802170000001,-12.244607399999898],[-46.3695686999999,-12.267468199999904],[-46.3848432999999,-12.296718499999894],[-46.34453319999991,-12.302820100000002],[-46.3774157999999,-12.352775000000005],[-46.33982309999989,-12.351497400000016],[-46.3630939,-12.367081599999898],[-46.3133862,-12.35719499999991],[-46.2898835999999,-12.376653000000001],[-46.3273316,-12.419131099999984],[-46.340361800000004,-12.414442300000019],[-46.3298230999999,-12.4351477],[-46.3405437,-12.452298499999916],[-46.315548899999996,-12.463430399999908],[-46.2999766,-12.438084799999984],[-46.304953,-12.416945999999909],[-46.2904543,-12.41663199999992],[-46.2853454,-12.43216989999999],[-46.28209539999991,-12.415987800000003],[-46.2698581,-12.430511599999912],[-46.2802743,-12.4597191],[-46.2638259,-12.460254299999987],[-46.272563399999996,-12.472714600000009],[-46.2609987,-12.473850200000003],[-46.27262449999991,-12.514598399999985],[-46.2508606,-12.502217000000014],[-46.19821710000001,-12.503956499999994],[-46.2729133999999,-12.550259999999993],[-46.27161209999999,-12.570045400000009],[-46.293541699999906,-12.579028400000002],[-46.2976461,-12.563338999999885],[-46.30756740000001,-12.576747799999993],[-46.27578460000001,-12.594430600000017],[-46.3104041999999,-12.642677999999908],[-46.2763752,-12.64102849999988],[-46.2639272,-12.658293099999998],[-46.3057156,-12.688526200000009],[-46.2917518,-12.69907440000001],[-46.3040783,-12.714942199999909],[-46.268080499999904,-12.716156800000006],[-46.2737155,-12.738818499999986],[-46.2958821999999,-12.744722999999992],[-46.2818857,-12.770850799999904],[-46.3120784,-12.7982097999999],[-46.2915915,-12.796297799999886],[-46.3004892,-12.811556499999908],[-46.2791435,-12.811402900000004],[-46.2735162,-12.83155149999991],[-46.30502210000001,-12.868742499999897],[-46.2870007,-12.893426499999997],[-46.3127132,-12.911291499999907],[-46.3059744,-12.93907330000001],[-46.330076299999995,-12.957851699999894],[-46.265437,-12.938789099999987],[-46.20559990000001,-12.950677599999912],[-46.16335839999991,-12.924050799999986],[-46.1441500999999,-12.931148499999905],[-46.1266474999999,-12.91238670000001],[-46.1186805999999,-12.924573999999991],[-46.1511313999999,-12.93777369999999],[-46.177731799999904,-12.939377299999895],[-46.196097400000006,-12.957033499999993],[-46.364403900000006,-12.990742899999894],[-46.3769813,-12.96350199999991],[-46.36012339999999,-12.908565199999906],[-46.36576430000001,-12.863354000000008],[-46.40911809999991,-12.845592800000002],[-46.4179847999999,-12.822436700000019],[-46.4325688,-12.9306407999999],[-46.4459259,-12.935767799999988],[-46.4546498999999,-12.971152599999991],[-46.7506109999999,-12.96915499999991],[-46.8198975,-13.001686600000015],[-46.8544977999999,-13.067526700000007],[-46.891676800000006,-13.052385099999977],[-46.979015699999906,-13.131767200000008],[-47.0020989,-13.121684800000004],[-47.019451699999905,-13.145917699999911],[-47.0802935999999,-13.161875999999907],[-47.0879194999999,-13.181832299999908],[-47.0974636,-13.171290999999897],[-47.1321164999999,-13.17786410000001],[-47.13568949999999,-13.203752199999904],[-47.1539663999999,-13.210279500000008],[-47.1837871,-13.204718699999894],[-47.1837409999999,-13.187446799999979],[-47.2296138,-13.194738399999888],[-47.2821518,-13.265126800000006],[-47.29559449999991,-13.248570899999898],[-47.3238054,-13.258258600000001],[-47.37756669999991,-13.229086599999986],[-47.4261275,-13.289979899999892],[-47.4544222,-13.25052759999989],[-47.4345238,-13.228780099999897],[-47.48641380000001,-13.219733599999886],[-47.4783803999999,-13.184957599999999],[-47.5578012,-13.186850299999898],[-47.5637955999999,-13.119050999999997],[-47.63364499999991,-13.101179899999986],[-47.64975150000001,-13.13234990000001],[-47.64370419999991,-13.14955269999999],[-47.66899119999991,-13.166837299999912],[-47.6542291,-13.17709419999992],[-47.6675997,-13.210882699999992],[-47.639660999999904,-13.264292599999987],[-47.661469600000004,-13.302776700000006],[-47.65007349999999,-13.349182599999883],[-47.6222931999999,-13.369191999999888],[-47.679748399999895,-13.468174799999897],[-47.8202143999999,-13.312523400000009],[-47.8844276999999,-13.320721400000012],[-47.9363044,-13.289855200000002],[-47.966704299999904,-13.3150807],[-47.983485,-13.279085000000004],[-48.0252513,-13.279833600000007],[-48.0306768,-13.257206499999892],[-48.0522263,-13.256721800000001],[-48.0624559,-13.235721199999903],[-48.0791538999999,-13.242640899999996],[-48.0824617,-13.289546000000003],[-48.1648231,-13.306660299999988],[-48.1532144999999,-13.278311299999904],[-48.1689011999999,-13.2398787999999],[-48.1526888,-13.2179747],[-48.1659237,-13.18929980000001],[-48.1436591999999,-13.152472499999886],[-48.1872888999999,-13.153550600000008],[-48.1936039999999,-13.173034299999896],[-48.23162239999991,-13.169156399999986],[-48.2501420999999,-13.196939100000012],[-48.2880402,-13.2048101999999],[-48.3079536,-13.23722209999991],[-48.342262600000005,-13.228202599999982],[-48.3401125,-13.248257800000012],[-48.36211489999991,-13.242950499999898],[-48.3854807,-13.266278699999898],[-48.4300469999999,-13.271177599999898],[-48.44190889999991,-13.292342199999988],[-48.46009969999991,-13.2812731],[-48.4568498,-13.2480692999999],[-48.475545699999905,-13.234960099999993],[-48.469964699999906,-13.137309799999997],[-48.479792700000004,-13.152672899999986],[-48.4946538,-13.136882500000015],[-48.5181032,-13.139521799999981],[-48.5296886,-13.191415199999907],[-48.5537520999999,-13.203545099999904],[-48.5535925,-13.302633399999884],[-48.5860898,-13.321600499999894],[-48.5998848999999,-13.293149599999902],[-48.5872118999999,-13.253940799999993],[-48.5999452,-13.238660599999886],[-48.5844342,-13.227054800000003],[-48.57753530000001,-13.173275299999903],[-48.59735280000001,-13.152103899999904],[-48.57591930000001,-13.124159799999997],[-48.5839357999999,-13.104656199999992],[-48.595673899999994,-13.106477699999987],[-48.600534700000004,-13.058853499999897],[-48.6270522,-13.051908499999994],[-48.6385121,-13.013617800000013],[-48.670709299999906,-12.994993899999903],[-48.7071635999999,-13.004426700000007],[-48.7297895999999,-12.98938340000001],[-48.7351341999999,-12.921073899999985],[-48.8142824,-12.86353629999999],[-48.820048799999896,-12.843423299999909],[-48.8428259,-12.842506799999995],[-48.8568728,-12.804357500000002],[-48.8703121999999,-12.803261800000005],[-48.9762335,-12.957893099999994],[-49.0217742,-12.906323699999996],[-49.0792038,-12.904009000000014],[-49.087473599999996,-12.887176999999987],[-49.0643022,-12.84594859999991],[-49.1046307,-12.835420300000003],[-49.126789,-12.792381199999987],[-49.2106838999999,-12.877934500000016],[-49.2376551999999,-12.883786099999993],[-49.279090399999994,-12.988309199999886],[-49.3373493999999,-13.064454899999888],[-49.3544322,-13.109602199999898]]]}},{"type":"Feature","properties":{"SIGLA_UF":"BA","NM_UF":"Bahia","NM_REGIAO":"Nordeste"},"geometry":{"type":"MultiPolygon","coordinates":[[[[-39.2090085,-17.9670879],[-39.20797850000001,-17.9681138],[-39.20916750000001,-17.96806809999999],[-39.2090085,-17.9670879]]],[[[-39.19757309999991,-17.7581269],[-39.1854461,-17.748119200000005],[-39.1763025,-17.74012320000001],[-39.1802769,-17.746921799999914],[-39.19757309999991,-17.7581269]]],[[[-39.6083624,-18.183068799999912],[-39.6701586,-18.348560299999995],[-39.6742268,-18.324742499999992],[-40.2223506,-17.980417400000007],[-40.26354750000001,-17.922023299999996],[-40.21265770000001,-17.895794099999893],[-40.1741273,-17.85156119999989],[-40.2038638999999,-17.829664099999896],[-40.21807569999989,-17.795658999999905],[-40.2207966,-17.7372473999999],[-40.255905299999895,-17.719546200000007],[-40.2803618999999,-17.722786599999903],[-40.34670140000001,-17.611999300000004],[-40.3546580999999,-17.644272299999997],[-40.3719624999999,-17.612457999999904],[-40.39681169999991,-17.625605299999997],[-40.4144692,-17.610096399999993],[-40.41068429999999,-17.568227299999897],[-40.44374040000001,-17.579012299999892],[-40.460414899999904,-17.568502200000005],[-40.4890624,-17.5197896999999],[-40.48300009999999,-17.48851300000001],[-40.52057899999989,-17.444811299999987],[-40.5700816999999,-17.4158914999999],[-40.59750650000001,-17.42063329999999],[-40.6234751,-17.40598069999991],[-40.5986644,-17.3896364999999],[-40.60579399999989,-17.359967399999988],[-40.5927270999999,-17.345473099999897],[-40.6090252,-17.32696839999991],[-40.547750900000004,-17.28370629999989],[-40.57224990000001,-17.251372800000006],[-40.5523838999999,-17.199153099999904],[-40.577745900000004,-17.167959999999905],[-40.5566075,-17.096811100000007],[-40.57141430000001,-17.063885500000005],[-40.5454432999999,-16.98419970000001],[-40.5159401999999,-16.962715299999992],[-40.4912055,-16.884489999999996],[-40.4603850999999,-16.878455200000005],[-40.4157167,-16.89950060000001],[-40.366485000000004,-16.874172299999895],[-40.33152299999989,-16.908027300000004],[-40.3027738,-16.89224359999999],[-40.2816371,-16.901183599999992],[-40.2469070999999,-16.845739500000004],[-40.2578025,-16.806541],[-40.27007639999991,-16.79532940000001],[-40.32360549999999,-16.801269199999997],[-40.34549359999989,-16.787267499999913],[-40.3101667,-16.7362155],[-40.3129878999999,-16.675434100000004],[-40.2834933,-16.58744779999991],[-40.23412760000001,-16.557932299999905],[-40.1578974,-16.579454900000005],[-40.1707810999999,-16.52362199999989],[-40.1165455999999,-16.466499600000002],[-40.0986641,-16.421210099999897],[-40.0970479,-16.4480467],[-40.083981299999905,-16.4639265],[-40.06918300000001,-16.4607257],[-40.0252161,-16.357362200000004],[-39.991102,-16.312734299999914],[-39.9666726999999,-16.327209200000002],[-39.9522397,-16.297855099999914],[-39.9166782999999,-16.283842799999896],[-39.93652109999991,-16.245780799999984],[-39.8833906,-16.194693000000004],[-39.896956499999895,-16.141604000000008],[-39.8805141999999,-16.143745399999894],[-39.8572736,-16.115695299999995],[-39.88200340000001,-16.068032999999993],[-39.935686200000006,-16.023747899999904],[-39.9147978999999,-15.999993399999907],[-39.9557464,-15.991428299999916],[-39.9639599999999,-16.005331699999903],[-40.0044364999999,-16.001838200000005],[-40.0457734999999,-15.962356300000003],[-40.0661947,-15.960208300000005],[-40.06613320000001,-15.9397648],[-40.078830200000006,-15.940923799999998],[-40.0657169,-15.910828000000013],[-40.08090779999999,-15.924097699999905],[-40.0849966,-15.897120599999887],[-40.1053499,-15.912050099999897],[-40.1405723,-15.898888400000006],[-40.17071509999991,-15.9075303999999],[-40.1661041999999,-15.8683771999999],[-40.200074,-15.86250979999989],[-40.2311113,-15.803847099999892],[-40.376860300000004,-15.823522599999896],[-40.42503379999991,-15.805708399999995],[-40.4324702,-15.778653199999992],[-40.4614286,-15.753231700000013],[-40.480939400000004,-15.775188599999995],[-40.50953950000001,-15.768381299999911],[-40.518281199999905,-15.797510399999986],[-40.5625094,-15.803263599999998],[-40.567417400000004,-15.77592309999991],[-40.593099900000006,-15.771746699999913],[-40.6066016,-15.736756399999896],[-40.62938869999991,-15.715712699999902],[-40.6449466,-15.728859399999997],[-40.700575199999896,-15.667308999999902],[-40.7413622,-15.680250600000013],[-40.73986080000001,-15.703646700000002],[-40.76766370000001,-15.714079399999898],[-40.7832849,-15.701375100000009],[-40.7813103999999,-15.678965499999896],[-40.82211040000001,-15.646006999999907],[-40.8420331999999,-15.683224599999997],[-40.8815569,-15.694470800000008],[-40.9025697,-15.691842099999992],[-40.9143316999999,-15.660977600000004],[-40.963125100000006,-15.648400299999889],[-40.97961070000001,-15.691661399999893],[-41.0060594999999,-15.713837300000005],[-41.0775578999999,-15.719287999999894],[-41.0928946,-15.738681400000006],[-41.128634899999994,-15.746769599999904],[-41.142530199999996,-15.772046999999896],[-41.21539640000001,-15.737165900000006],[-41.331206099999996,-15.744673400000003],[-41.3564226999999,-15.500286099999986],[-41.8007100999999,-15.101097099999905],[-41.870430600000006,-15.11518009999999],[-41.88026919999991,-15.13735039999989],[-41.9325365,-15.174501699999997],[-41.997503099999996,-15.1588899999999],[-42.0916209,-15.186605400000001],[-42.1733197999999,-15.085953999999987],[-42.1925990999999,-15.103118399999978],[-42.2274310999999,-15.099266399999998],[-42.2647964999999,-15.125178599999995],[-42.3335173,-15.07905269999999],[-42.354907000000004,-15.098203100000006],[-42.37447039999999,-15.071333700000002],[-42.3964917,-15.077991599999999],[-42.4409385,-15.062362600000009],[-42.4368004,-15.022715999999885],[-42.4759116,-15.01704039999989],[-42.5989688999999,-14.924097799999991],[-42.6264917,-14.945146199999988],[-42.7041634999999,-14.882828299999998],[-42.7233598,-14.885612399999975],[-42.7551377999999,-14.846421399999906],[-42.820247200000004,-14.82062860000001],[-42.8684388,-14.7670252],[-42.9270529999999,-14.744140199999903],[-42.9388802,-14.708029600000007],[-43.0109472999999,-14.70166219999989],[-43.026889499999996,-14.686019400000006],[-43.0663891999999,-14.680559199999896],[-43.08393649999991,-14.698272599999893],[-43.10397699999991,-14.6739370999999],[-43.1763498,-14.65054380000001],[-43.1791810999999,-14.660978099999992],[-43.1986946,-14.649624899999898],[-43.28832440000001,-14.67611239999999],[-43.31122740000001,-14.669748099999909],[-43.34650370000001,-14.696069099999898],[-43.434888999999906,-14.723038299999905],[-43.4612721999999,-14.746228500000003],[-43.46283859999989,-14.7658865],[-43.481254299999904,-14.767897699999896],[-43.4696982999999,-14.787348499999998],[-43.5111628999999,-14.796574500000007],[-43.52975700000001,-14.815944799999995],[-43.5371739999999,-14.783507599999997],[-43.580616399999904,-14.750813899999992],[-43.6112477,-14.760548700000012],[-43.6871733999999,-14.721407499999904],[-43.7198617,-14.729538900000014],[-43.7120095999999,-14.716450099999994],[-43.7232875999999,-14.699531599999903],[-43.859201,-14.674298799999999],[-43.88350760000001,-14.653232199999895],[-43.8700638,-14.612827599999898],[-43.88723009999999,-14.585179200000006],[-43.873877299999904,-14.520583599999984],[-43.7840166,-14.337178799999904],[-43.8223149,-14.323029699999916],[-43.820255200000005,-14.311636300000004],[-43.8472267,-14.3217372999999],[-43.85270369999991,-14.307936299999882],[-43.8803958,-14.312141099999998],[-43.8919529999999,-14.293287200000009],[-43.94213990000001,-14.305096499999884],[-43.9462895,-14.28995480000001],[-43.9561378,-14.299717100000011],[-43.96958749999991,-14.2740239],[-43.9808409999999,-14.282148499999902],[-43.99764959999991,-14.26540440000001],[-44.03462100000001,-14.289028399999895],[-44.0574281999999,-14.277612200000013],[-44.073398600000004,-14.285665600000003],[-44.0744511999999,-14.270639599999987],[-44.088286799999906,-14.278076300000006],[-44.1125944,-14.2587283],[-44.135617,-14.282185399999902],[-44.1372648,-14.264151399999887],[-44.1603345,-14.257759599999904],[-44.170380300000005,-14.268694999999994],[-44.2153326,-14.233180699999894],[-44.218059000000004,-14.244980199999898],[-44.240619799999905,-14.240687299999886],[-44.2475052899999,-14.260118309999907],[-44.3178498999999,-14.240744799999995],[-44.36158871,-14.272812589999905],[-44.42860060000001,-14.286635499999898],[-44.48717700000001,-14.328519700000003],[-44.510843599999895,-14.322687899999899],[-44.54512049999991,-14.343063299999896],[-44.5655652,-14.340059999999896],[-44.62559509999989,-14.376109900000005],[-44.633598699999894,-14.3944726],[-44.6588783999999,-14.395757300000005],[-44.6679857999999,-14.423850699999909],[-44.6883531999999,-14.416680900000001],[-44.701293,-14.449788099999994],[-44.7238192,-14.449054699999996],[-44.7943253,-14.496589800000008],[-44.818266299999905,-14.490195699999992],[-44.8138152999999,-14.504659699999896],[-44.8332382,-14.499827799999895],[-44.8225735999999,-14.514798700000014],[-44.836293,-14.518488099999999],[-44.8348899,-14.535924500000004],[-44.8243545,-14.539376900000006],[-44.8471084999999,-14.545486200000008],[-44.8587949,-14.57152230000001],[-44.8439071,-14.56631049999991],[-44.8433866,-14.5808382],[-44.91020999999991,-14.603550299999888],[-44.9166802,-14.619660300000001],[-44.9805972,-14.643503199999893],[-44.98593389999999,-14.662133799999907],[-45.0395114,-14.6798511],[-45.0827727,-14.748766699999983],[-45.1362895999999,-14.7474167999999],[-45.1636040999999,-14.732384499999995],[-45.2055736999999,-14.744738899999987],[-45.24196190000001,-14.786528900000016],[-45.2711836999999,-14.798822800000005],[-45.2856894999999,-14.832477799999898],[-45.31643630000001,-14.831369100000007],[-45.3164204,-14.851255199999992],[-45.3639757999999,-14.87169549999989],[-45.3997964,-14.917501299999998],[-45.4344687999999,-14.921751099999893],[-45.4559942999999,-14.954260699999981],[-45.49005149999991,-14.960762699999993],[-45.498491599999994,-14.94638159999989],[-45.5206964,-14.953557399999987],[-45.534729,-14.938257599999904],[-45.56673940000001,-14.944852999999997],[-45.615946099999995,-15.013588399999902],[-45.6570586,-15.027349300000001],[-45.67481190000001,-15.080542599999887],[-45.717037999999896,-15.093909899999995],[-45.72218420000001,-15.112771899999908],[-45.8253905999999,-15.116376499999896],[-45.871247000000004,-15.158810899999885],[-45.9187247,-15.133369699999907],[-45.9537496999999,-15.13952909999989],[-45.98450530000001,-15.195961000000004],[-46.02952369999999,-15.201808300000005],[-46.05594500000001,-15.26181239999991],[-46.0770818,-15.26468179999989],[-46.097088299999896,-15.243111300000017],[-46.0988173,-15.216785799999993],[-46.1207223,-15.195194899999892],[-46.05041570000001,-15.167681199999896],[-46.04372019999991,-15.118129599999989],[-45.9754940999999,-15.038881599999984],[-45.96625349999991,-14.977067599999904],[-45.97174809999999,-14.949122999999886],[-46.008392,-14.924022700000002],[-46.00388000000001,-14.90228979999991],[-46.03937849999989,-14.875251499999903],[-46.02528689999999,-14.855756499999895],[-46.0411979,-14.82649459999989],[-46.0186719,-14.818549699999886],[-45.998753,-14.77081429999991],[-46.0055037,-14.688998],[-46.0279691,-14.681007499999989],[-45.989515,-14.6588449999999],[-45.98439869999999,-14.621878700000007],[-45.99788840000001,-14.603577700000004],[-45.991277200000006,-14.55478299999989],[-45.9753082999999,-14.538929799999892],[-46.00013620000001,-14.522742299999898],[-45.99608499999991,-14.488405999999898],[-46.0190031,-14.472071200000014],[-46.0000734,-14.446622200000002],[-46.0101837,-14.425695699999899],[-45.97580640000001,-14.434247999999997],[-45.9326429,-14.409859299999898],[-45.9071552999999,-14.355189799999899],[-45.94221459999991,-14.343254999999909],[-45.962556499999906,-14.286036499999994],[-45.997562300000006,-14.27775579999998],[-45.9954281,-14.256157700000005],[-46.0264084999999,-14.260908299999894],[-46.0529364999999,-14.244790999999998],[-46.0610483,-14.195484599999896],[-46.1018829,-14.208318299999991],[-46.1006896,-14.19150869999991],[-46.1226647,-14.1906021],[-46.1181409,-14.159949299999887],[-46.1859924999999,-14.155591699999887],[-46.2243922,-14.105027600000007],[-46.2307248,-14.059523699999902],[-46.2081517,-14.016136199999892],[-46.2242605,-14.00360710000001],[-46.22006600000001,-13.97542279999989],[-46.2530267,-13.969532600000006],[-46.2641902999999,-13.947435100000012],[-46.2621164,-13.889317900000018],[-46.2324747,-13.848607399999915],[-46.24976730000001,-13.82962569999999],[-46.273631,-13.828779699999895],[-46.2639037,-13.807395799999892],[-46.281495499999906,-13.795109499999995],[-46.2229368,-13.765402900000007],[-46.2628572,-13.734817299999978],[-46.2356033,-13.709850199999899],[-46.24067279999999,-13.694429199999913],[-46.2636328999999,-13.691392999999906],[-46.2376411,-13.652126399999885],[-46.1627453999999,-13.603642099999897],[-46.18725510000001,-13.57541930000002],[-46.2474525,-13.578660399999897],[-46.237043699999994,-13.554908799999986],[-46.247257100000006,-13.521688699999999],[-46.225227600000004,-13.503029300000007],[-46.23706369999999,-13.487150400000006],[-46.2089639,-13.465562799999887],[-46.224627499999905,-13.439567699999884],[-46.24952249999999,-13.43130889999999],[-46.135473100000006,-13.375524199999994],[-46.0682755,-13.295441799999901],[-46.1032193999999,-13.257510200000011],[-46.29248690000001,-13.316930100000006],[-46.31790199999989,-13.305227799999988],[-46.2999257,-13.257677300000001],[-46.3291318,-13.248486399999903],[-46.30434830000001,-13.205979500000009],[-46.3029804,-13.18640479999989],[-46.3167108,-13.183260899999905],[-46.2951808,-13.141874499999982],[-46.3357887999999,-13.097657899999891],[-46.3010985,-13.07431170000001],[-46.2755337999999,-13.02021329999999],[-46.1246636,-12.959820399999995],[-46.104644,-12.924925499999992],[-46.1266474999999,-12.91238670000001],[-46.1441500999999,-12.931148499999905],[-46.16335839999991,-12.924050799999986],[-46.20559990000001,-12.950677599999912],[-46.265437,-12.938789099999987],[-46.330076299999995,-12.957851699999894],[-46.3059744,-12.93907330000001],[-46.3127132,-12.911291499999907],[-46.2870007,-12.893426499999997],[-46.30502210000001,-12.868742499999897],[-46.2735162,-12.83155149999991],[-46.2791435,-12.811402900000004],[-46.3004892,-12.811556499999908],[-46.2915915,-12.796297799999886],[-46.3120784,-12.7982097999999],[-46.2818857,-12.770850799999904],[-46.2958821999999,-12.744722999999992],[-46.2737155,-12.738818499999986],[-46.268080499999904,-12.716156800000006],[-46.3040783,-12.714942199999909],[-46.2917518,-12.69907440000001],[-46.3057156,-12.688526200000009],[-46.2639272,-12.658293099999998],[-46.2763752,-12.64102849999988],[-46.3104041999999,-12.642677999999908],[-46.27578460000001,-12.594430600000017],[-46.2905241999999,-12.582700499999891],[-46.3029455999999,-12.581669000000002],[-46.3072830999999,-12.578130100000001],[-46.30756740000001,-12.576747799999993],[-46.2976461,-12.563338999999885],[-46.293541699999906,-12.579028400000002],[-46.27161209999999,-12.570045400000009],[-46.2729133999999,-12.550259999999993],[-46.19821710000001,-12.503956499999994],[-46.2508606,-12.502217000000014],[-46.27262449999991,-12.514598399999985],[-46.2609987,-12.473850200000003],[-46.272563399999996,-12.472714600000009],[-46.2638259,-12.460254299999987],[-46.2802743,-12.4597191],[-46.2698581,-12.430511599999912],[-46.28209539999991,-12.415987800000003],[-46.2853454,-12.43216989999999],[-46.2904543,-12.41663199999992],[-46.304953,-12.416945999999909],[-46.2999766,-12.438084799999984],[-46.315548899999996,-12.463430399999908],[-46.3405437,-12.452298499999916],[-46.3298230999999,-12.4351477],[-46.340361800000004,-12.414442300000019],[-46.3273316,-12.419131099999984],[-46.2898835999999,-12.376653000000001],[-46.3133862,-12.35719499999991],[-46.3630939,-12.367081599999898],[-46.33982309999989,-12.351497400000016],[-46.3774157999999,-12.352775000000005],[-46.34453319999991,-12.302820100000002],[-46.3848432999999,-12.296718499999894],[-46.3695686999999,-12.267468199999904],[-46.38802170000001,-12.244607399999898],[-46.365005599999996,-12.21702029999991],[-46.3834216,-12.212603100000003],[-46.37740619999991,-12.196547100000007],[-46.410214200000006,-12.198634399999902],[-46.38109370000001,-12.1810752],[-46.40649049999999,-12.157013899999995],[-46.3886491,-12.156341600000008],[-46.3715438,-12.123229099999898],[-46.3711652,-12.099719299999899],[-46.3985913,-12.091443399999893],[-46.3826407999999,-12.083953499999996],[-46.3960142999999,-12.061575199999897],[-46.384422300000004,-12.051756300000001],[-46.4797996999999,-12.047359099999904],[-46.4448950999999,-12.026178300000009],[-46.42279030000001,-12.029747299999887],[-46.4082595,-12.009573699999994],[-46.4002361999999,-12.024812999999908],[-46.387179699999905,-11.99727230000001],[-46.3737386999999,-11.998755899999892],[-46.31549030000001,-11.94199300000001],[-46.23305759999991,-11.9364818],[-46.18003980000001,-11.907091199999996],[-46.2822315,-11.91820130000001],[-46.3254314,-11.909039100000017],[-46.3530272,-11.884319199999915],[-46.3706582999999,-11.889589900000017],[-46.381134499999995,-11.837692300000002],[-46.3505630999999,-11.83737550000002],[-46.3586554,-11.812503499999913],[-46.337911,-11.8141009999999],[-46.3484915,-11.785846599999976],[-46.3280101,-11.771373500000012],[-46.3609362,-11.778951299999997],[-46.34367730000001,-11.760087499999901],[-46.3751048,-11.768598799999898],[-46.3785453,-11.748520900000011],[-46.3366922,-11.739567099999894],[-46.3217632,-11.713471200000004],[-46.3335417,-11.710208699999997],[-46.3077347,-11.686440699999919],[-46.338462299999904,-11.671892100000004],[-46.3401944999999,-11.639584300000015],[-46.3617244,-11.631018599999896],[-46.3796889,-11.64532099999998],[-46.3956970999999,-11.642527499999998],[-46.3848704,-11.625204399999987],[-46.34564470000001,-11.619205700000016],[-46.3255783,-11.59958090000001],[-46.2867874999999,-11.61582469999999],[-46.24433669999999,-11.60522819999989],[-46.2246953,-11.639688099999889],[-46.1572176999999,-11.651496199999908],[-46.1444858,-11.624347399999985],[-46.0808941999999,-11.624011199999902],[-46.2093462999999,-11.585350699999909],[-46.250481299999905,-11.53668899999998],[-46.3481413,-11.506600700000002],[-46.4404345999999,-11.520789000000011],[-46.52405131300001,-11.463631986999916],[-46.5319213,-11.374877319999902],[-46.5683079149999,-11.37156569],[-46.57653629499999,-11.342543989999992],[-46.5522028999999,-11.262799000000014],[-46.341557899999906,-10.939012299999911],[-46.267266299999996,-10.934802299999912],[-46.2605369999999,-10.812037400000007],[-46.2264451,-10.78293710000001],[-46.206199,-10.800466599999886],[-46.1959219999999,-10.745223999999983],[-46.1503463,-10.691553999999904],[-46.16076290000001,-10.659439000000011],[-46.1497049,-10.635910799999994],[-45.8708973,-10.503278899999898],[-45.8206428999999,-10.457259000000015],[-45.7981846,-10.323247299999894],[-45.72688959999991,-10.3125357],[-45.69957609999991,-10.259686200000008],[-45.7019773,-10.1793504],[-45.7234847999999,-10.155413199999892],[-45.68471950000001,-10.153315599999896],[-45.6031761,-10.10798219999999],[-45.5674564,-10.139522499999899],[-45.5625204,-10.210851400000006],[-45.5261867,-10.236927599999877],[-45.5143606,-10.28983659999988],[-45.43032249999991,-10.359462999999902],[-45.4244965999999,-10.426490199999888],[-45.395994300000005,-10.44502519999998],[-45.4472562999999,-10.50742300000002],[-45.438059499999994,-10.527252599999889],[-45.44712989999991,-10.55878910000001],[-45.432426,-10.630555199999888],[-45.385216,-10.651632599999992],[-45.358219,-10.732207500000007],[-45.3223735999999,-10.760265099999991],[-45.2684659999999,-10.776229800000008],[-45.24805189999999,-10.821967399999897],[-45.2192231999999,-10.817376099999883],[-45.2051294999999,-10.832927399999994],[-45.1052963,-10.846819999999996],[-45.0732356999999,-10.840422599999993],[-45.0165971,-10.884599099999914],[-44.9768344,-10.889343099999998],[-44.9312179,-10.92875630000002],[-44.85966260000001,-10.883179299999911],[-44.8442989,-10.9000328],[-44.8083291999999,-10.8661494999999],[-44.78806189999991,-10.808521599999889],[-44.75892569999999,-10.804846100000004],[-44.7460867999999,-10.777580299999995],[-44.6676846999999,-10.760056599999906],[-44.66662170000001,-10.682342199999896],[-44.6184759999999,-10.67106710000001],[-44.584904400000006,-10.629350900000006],[-44.5005052,-10.649701899999995],[-44.456311099999894,-10.608099700000004],[-44.398073699999905,-10.605878099999893],[-44.3368429,-10.54853579999999],[-44.3060988999999,-10.565535799999987],[-44.2640198,-10.624669999999993],[-44.2086475,-10.615324199999998],[-44.1491779,-10.643210800000013],[-44.1106215999999,-10.597195999999881],[-44.0721136999999,-10.579927699999883],[-44.0510103999999,-10.506238599999998],[-44.0258436999999,-10.475470699999978],[-44.03586670000001,-10.435425599999984],[-44.0235403999999,-10.408200399999902],[-44.0024467,-10.407548199999994],[-43.972775,-10.432645500000007],[-43.9162292999999,-10.426718700000011],[-43.9147933,-10.384154899999904],[-43.8382918999999,-10.304625999999901],[-43.8372651,-10.250068199999896],[-43.7790886,-10.180468399999894],[-43.766034499999904,-10.080057099999983],[-43.692914899999906,-10.077395399999897],[-43.6902815,-10.044635099999892],[-43.6621314,-10.009544199999901],[-43.66634390000001,-9.989540199999942],[-43.7029527,-9.966112499999925],[-43.6904539999999,-9.929499199999972],[-43.7090353,-9.913219499999979],[-43.67744849999999,-9.886527799999945],[-43.653245,-9.839055299999933],[-43.693461,-9.805257699999975],[-43.7849217999999,-9.762384999999945],[-43.797260299999905,-9.696497299999962],[-43.8419522,-9.63742759999997],[-43.8337741999999,-9.61999879999996],[-43.8504806,-9.549696299999951],[-43.769728799999896,-9.442051199999982],[-43.68575899999999,-9.41779379999998],[-43.621632599999906,-9.371537699999978],[-43.579026600000006,-9.32039019999997],[-43.5311311,-9.304191799999977],[-43.47539340000001,-9.261839999999948],[-43.427823100000005,-9.272586899999945],[-43.36132159999989,-9.364411899999949],[-43.3296134,-9.371816699999938],[-43.2787691999999,-9.424574699999917],[-43.21429010000001,-9.399648299999958],[-43.191699,-9.420431299999954],[-43.1586263999999,-9.377036499999978],[-43.1331640999999,-9.387282699999941],[-43.1196191999999,-9.371897999999945],[-43.079832199999906,-9.39910899999995],[-43.0607284,-9.395447999999934],[-43.0569432,-9.419135399999968],[-42.9734195999999,-9.40713449999991],[-42.957115299999906,-9.432412499999945],[-42.9621394,-9.469823599999923],[-42.9462488,-9.518413099999982],[-42.90401630000001,-9.52675419999996],[-42.873301299999994,-9.563867999999957],[-42.8371387,-9.550371899999968],[-42.8205528,-9.619230399999939],[-42.7699572,-9.619182099999938],[-42.7577491,-9.589280299999936],[-42.716895300000004,-9.556278699999961],[-42.7198812,-9.53068839999998],[-42.67991740000001,-9.549149099999957],[-42.621720599999904,-9.541337499999948],[-42.58863190499991,-9.497350784999986],[-42.4930917999999,-9.494900399999953],[-42.4890688999999,-9.462037189999917],[-42.44058420499991,-9.456171184999953],[-42.4229865999999,-9.413692999999975],[-42.3595245999999,-9.377613199999917],[-42.35704900000001,-9.352564499999973],[-42.31607660000001,-9.316612299999951],[-42.268912699999895,-9.31044679999995],[-42.2307412,-9.283431499999953],[-42.2064354,-9.292781499999927],[-42.1012724999999,-9.281571499999908],[-42.0665857,-9.255985999999938],[-42.02467759999999,-9.249759699999982],[-41.9999053,-9.265972199999965],[-41.9722662,-9.248638099999916],[-41.917933100000006,-9.278466199999963],[-41.87052059999999,-9.237431399999911],[-41.8379657999999,-9.242271999999954],[-41.80007030000001,-9.148026599999989],[-41.7351841,-9.09469979999994],[-41.7264829,-9.016360899999913],[-41.680453699999894,-9.012282299999999],[-41.669403900000006,-8.990079099999946],[-41.6289978,-8.984889999999941],[-41.6057946999999,-8.957403899999948],[-41.5700565999999,-8.955029499999942],[-41.565266799999996,-8.97032019999995],[-41.54452100000001,-8.96054909999999],[-41.5448531,-8.937954299999912],[-41.507437200000005,-8.892440899999926],[-41.5027347,-8.864065999999983],[-41.4346841,-8.799095999999933],[-41.4242667,-8.802555399999964],[-41.38125149999999,-8.707272399999983],[-41.2815376,-8.736100399999962],[-41.2269785,-8.704702099999949],[-41.1137097,-8.703797199999954],[-41.1245693,-8.752673599999966],[-41.1017608,-8.78196429999997],[-41.0362345,-8.78587589999994],[-41.0212409,-8.843560899999956],[-40.97909369999999,-8.82341709999998],[-40.9548601,-8.843875099999911],[-40.919237100000004,-8.837176999999931],[-40.85159589999989,-8.952498999999921],[-40.8088715,-9.093689499999936],[-40.75678489999999,-9.10497689999995],[-40.75706059999991,-9.11984309999998],[-40.7098892999999,-9.140880999999997],[-40.68509399999991,-9.13761019999991],[-40.6673956999999,-9.159059199999946],[-40.6945004,-9.233455599999967],[-40.680088500000004,-9.259211699999993],[-40.6859878999999,-9.276368200000004],[-40.720088200000006,-9.305896699999963],[-40.73944180000001,-9.296588699999988],[-40.7564219,-9.315032299999915],[-40.7381025999999,-9.355244299999995],[-40.743088900000004,-9.402945499999941],[-40.7649756,-9.413216399999964],[-40.7671592999999,-9.445411899999952],[-40.718614099999996,-9.442217099999928],[-40.6813218,-9.467220999999954],[-40.6206769,-9.482525499999928],[-40.55575850000001,-9.457938100000002],[-40.5291147,-9.413901599999981],[-40.4677551,-9.420568099999992],[-40.4236595,-9.353464999999977],[-40.371415299999995,-9.378716699999934],[-40.3388654999999,-9.35989179999996],[-40.2861727,-9.18561139999999],[-40.2867060999999,-9.117351799999945],[-40.2557909999999,-9.063223399999966],[-40.2236023,-9.05666749999995],[-40.1650016,-9.106487799999954],[-40.129894900000004,-9.110304599999944],[-40.0655631,-9.063065199999919],[-39.9580347,-9.048591599999963],[-39.873456399999995,-8.934038699999993],[-39.90293819999991,-8.858743599999965],[-39.8929577,-8.82879399999997],[-39.7887962,-8.819109599999914],[-39.7477853,-8.794040999999929],[-39.6931964,-8.798675699999917],[-39.671713600000004,-8.777581499999943],[-39.69113170000001,-8.66231289999994],[-39.606645399999906,-8.655975399999923],[-39.4761113,-8.592793199999962],[-39.416040800000005,-8.542127899999965],[-39.3797936,-8.5328206],[-39.342306999999906,-8.559677099999941],[-39.2841058999999,-8.565867899999924],[-39.24188000000001,-8.636307399999982],[-39.245492600000006,-8.68410589999995],[-39.2285219,-8.71031529999992],[-39.180995799999906,-8.706300899999983],[-39.168712799999994,-8.691504499999951],[-39.143946199999995,-8.712519099999943],[-39.03757719999991,-8.734690899999983],[-38.9519332,-8.80466819999997],[-38.86810439999991,-8.783865399999973],[-38.79698949999991,-8.793464399999943],[-38.7065435,-8.862260599999976],[-38.690146,-8.945276999999969],[-38.6575971,-8.982477699999933],[-38.6240984999999,-8.980046899999914],[-38.609239800000005,-8.955120999999952],[-38.603824300000014,-8.880590599999966],[-38.5728453999999,-8.832348999999972],[-38.5482145999999,-8.822735099999917],[-38.506442400000005,-8.83323519999993],[-38.4697973999999,-8.864240399999964],[-38.4793182,-8.901743699999955],[-38.51990735,-8.943531299999975],[-38.4840427999999,-9.00102169999996],[-38.414016600000004,-9.038675199999947],[-38.3402373,-8.990408399999973],[-38.3201271999999,-8.991089399999957],[-38.30279029999999,-9.013868299999958],[-38.28888034999991,-9.040342999999943],[-38.3258666999999,-9.077992599999948],[-38.3044229999999,-9.098211199999971],[-38.321401799999904,-9.116880599999943],[-38.31949339999991,-9.138229299999972],[-38.2876009999999,-9.17388389999998],[-38.28751279999991,-9.217129299999954],[-38.239541200000005,-9.327128899999908],[-38.194475600000004,-9.384934599999927],[-38.20476419999991,-9.418674299999953],[-38.154949599999995,-9.44341609999999],[-38.077759699999895,-9.441106699999999],[-38.0678462,-9.458502599999981],[-38.0221548,-9.469990899999983],[-37.9979494,-9.499283299999966],[-38.022616399999905,-9.540664799999941],[-38.0195629999999,-9.563602799999984],[-38.0617096999999,-9.590908699999929],[-38.0556245,-9.632196999999953],[-38.03718819999991,-9.628047499999974],[-38.0089614,-9.649058299999991],[-38.03221919999991,-9.660686499999922],[-38.0450382999999,-9.697454899999961],[-38.0325366,-9.770274999999963],[-37.9999706999999,-9.814330899999964],[-37.99544420000001,-9.846078699999964],[-38.01397959999999,-9.857267799999939],[-37.994099499999905,-9.880707999999972],[-38.0035000999999,-9.905513799999934],[-37.95543239999991,-9.942999899999949],[-37.907625200000005,-9.910880499999948],[-37.91279120000001,-9.937131299999983],[-37.8472437,-9.994280999999933],[-37.8259677999999,-10.036583600000007],[-37.790902,-10.032704999999993],[-37.7826446,-10.043598999999995],[-37.8020145,-10.11244739999999],[-37.7779303999999,-10.134141299999987],[-37.78223089999991,-10.185591699999998],[-37.74709080000001,-10.23807270000002],[-37.7656795,-10.25186740000002],[-37.7488597,-10.264323599999992],[-37.75038269999991,-10.289499099999913],[-37.7686619999999,-10.28919609999999],[-37.745124800000006,-10.313583899999998],[-37.7433128,-10.338390699999888],[-37.7851554,-10.345569499999979],[-37.8390479999999,-10.37882039999989],[-37.83754149999991,-10.401101500000006],[-37.8596092,-10.427119799999993],[-37.81260509999999,-10.507246999999904],[-37.81928719999999,-10.539641599999978],[-37.8412314999999,-10.554793599999913],[-37.8314627,-10.584290300000003],[-37.806319,-10.600527400000006],[-37.81672289999991,-10.631378499999904],[-37.8029907,-10.652162299999905],[-37.808630400000006,-10.68763209999999],[-37.83280009999991,-10.680474699999898],[-37.84751030000001,-10.699264899999896],[-37.909622399999904,-10.715510299999888],[-37.945481199999996,-10.756517299999887],[-37.96625989999999,-10.758100600000017],[-38.032031100000005,-10.727084299999886],[-38.041684000000004,-10.700693999999915],[-38.067791999999905,-10.7156658],[-38.132807,-10.720874799999883],[-38.176470099999996,-10.70546260000001],[-38.20916540000001,-10.711868599999894],[-38.20935980000001,-10.760435299999884],[-38.24500900000001,-10.82264150000001],[-38.23139830000001,-10.842934099999995],[-38.2281682999999,-10.914183899999989],[-38.1806156,-10.942767199999885],[-38.1865420999999,-10.964206499999893],[-38.1700453999999,-10.988995499999891],[-38.12991120000001,-11.018914599999983],[-38.1205467999999,-11.0071072],[-38.1019992,-11.01589449999991],[-38.102419600000005,-11.043982899999886],[-38.0751149,-11.077093899999985],[-38.09328020000001,-11.103968999999921],[-38.0656188,-11.122976099999985],[-38.0571806999999,-11.172085299999896],[-37.9737486,-11.19368879999999],[-37.9937153,-11.239640799999998],[-37.98674229999989,-11.272095899999995],[-38.0147631,-11.285723399999906],[-37.9916519999999,-11.312842700000015],[-37.987388100000004,-11.331455499999882],[-37.99812689999991,-11.335668900000014],[-37.99990899999991,-11.340255000000019],[-37.969321400000005,-11.372886399999993],[-37.977817300000005,-11.392659699999989],[-37.9528038999999,-11.394487599999904],[-37.943166600000005,-11.424574799999991],[-37.9277298,-11.401375500000007],[-37.9054389,-11.4081447999999],[-37.8988964,-11.438361399999991],[-37.88238039999991,-11.424704699999902],[-37.8660826,-11.427098400000007],[-37.880335300000006,-11.433210599999889],[-37.84810839999991,-11.443028800000011],[-37.8641795999999,-11.466881199999914],[-37.8085804999999,-11.496203099999887],[-37.819295,-11.501146699999905],[-37.81228949999999,-11.517019199999904],[-37.75897450000001,-11.525378299999886],[-37.7304166,-11.5380153999999],[-37.726766100000006,-11.553558399999897],[-37.70245990000001,-11.540194699999999],[-37.6999137999999,-11.562415199999982],[-37.675950900000004,-11.5684937999999],[-37.6502727,-11.516431000000004],[-37.615726799999905,-11.538601000000009],[-37.58145919999999,-11.53055899999991],[-37.57855010000001,-11.552178899999905],[-37.568257300000006,-11.538428800000002],[-37.55706839999989,-11.551453099999895],[-37.520067599999905,-11.549303500000006],[-37.5047504999999,-11.52491009999989],[-37.455488699999904,-11.5231383],[-37.34114670000001,-11.442336500000003],[-37.4446968,-11.6086071],[-37.69076619999999,-12.10826420000001],[-38.0467738,-12.634609500000003],[-38.34269349999992,-12.950774999999998],[-38.387272900000006,-12.9568409999999],[-38.46874700000001,-13.014881699999894],[-38.6433387,-13.015313099999991],[-38.7126180999999,-13.06110230000001],[-38.7622769,-13.118934300000005],[-38.92918639999989,-13.218358000000007],[-38.956446799999995,-13.263532199999915],[-38.96403370000001,-13.356876799999995],[-38.9462404,-13.398923300000005],[-38.909348,-13.379129700000016],[-38.89153699999999,-13.451955199999896],[-38.9161799,-13.476604500000011],[-38.9335033,-13.555435099999999],[-38.9017507999999,-13.599789700000006],[-38.89146999999999,-13.65279100000001],[-38.913876199999905,-13.675597599999906],[-38.9287308,-13.657530899999887],[-38.9714688,-13.672084499999908],[-38.9625928999999,-13.686354599999989],[-38.99765669999991,-13.747560799999999],[-38.99524589999991,-13.80200599999989],[-38.936327299999995,-13.886691399999998],[-38.9276929,-13.939845899999995],[-38.9899050999999,-14.199320999999903],[-38.9949362,-14.26636799999991],[-38.9799146999999,-14.29365790000001],[-39.0616264,-14.624985399999996],[-39.0650034,-14.708515700000008],[-39.05508780000001,-14.776627500000007],[-39.0274155,-14.783005999999896],[-39.0187066999999,-14.92017620000001],[-38.9975904999999,-14.986716299999998],[-38.993062,-15.294155299999897],[-38.9467253999999,-15.498342899999988],[-38.934855500000005,-15.665390299999986],[-38.85283929999999,-15.849354099999994],[-38.9520494999999,-16.09695269999999],[-38.9481067,-16.155666499999903],[-38.9741984999999,-16.21321319999989],[-39.0110637999999,-16.245785800000004],[-39.0236429,-16.306801600000004],[-39.0060607999999,-16.332755300000006],[-39.00877319999999,-16.3749210999999],[-39.03367779999999,-16.387360099999995],[-39.0617288,-16.434066500000007],[-39.10401180000001,-16.69901809999989],[-39.1416455,-16.76145730000001],[-39.1419620999999,-16.868441300000008],[-39.1066417,-16.8968052],[-39.1514591,-16.942248900000013],[-39.182016,-17.112355299999905],[-39.212061899999995,-17.161260799999994],[-39.2210726,-17.301774099999896],[-39.19183040000001,-17.444349600000002],[-39.1939285999999,-17.582424580000005],[-39.1358003,-17.690252700000016],[-39.208052,-17.7473459999999],[-39.2059762,-17.772666399999892],[-39.2581949,-17.826760799999892],[-39.2711461,-17.866380399999994],[-39.31959869999999,-17.891657600000002],[-39.3644416,-17.890754000000005],[-39.36190920000001,-17.905389300000007],[-39.4257259,-17.933147099999896],[-39.4688002,-17.971240300000005],[-39.6083624,-18.183068799999912]]],[[[-38.99863539999999,-14.978580499999994],[-38.9978819,-14.980091800000013],[-38.9986974,-14.98102179999999],[-38.99863539999999,-14.978580499999994]]],[[[-39.0153986,-14.78972319999999],[-39.0149461999999,-14.790758299999908],[-39.0155222999999,-14.790160999999996],[-39.0153986,-14.78972319999999]]],[[[-39.015628499999906,-14.771588899999902],[-39.015476400000004,-14.771321499999894],[-39.0155169999999,-14.771641400000007],[-39.015628499999906,-14.771588899999902]]],[[[-39.01611650000001,-14.770460500000011],[-39.01521159999991,-14.770875399999998],[-39.0155776999999,-14.771127799999894],[-39.01611650000001,-14.770460500000011]]],[[[-39.01797520000001,-14.770581499999889],[-39.0172264,-14.768788599999892],[-39.01744919999991,-14.770791299999908],[-39.01797520000001,-14.770581499999889]]],[[[-38.700623999999905,-17.98162599999989],[-38.7007161999999,-17.979992399999997],[-38.69647630000001,-17.980129299999888],[-38.700623999999905,-17.98162599999989]]],[[[-38.6961793,-17.979073699999997],[-38.6963582999999,-17.978864299999895],[-38.69608949999999,-17.978895599999902],[-38.6961793,-17.979073699999997]]],[[[-38.714518499999905,-17.970875099999905],[-38.7079821999999,-17.96894689999988],[-38.7071683,-17.9696850999999],[-38.714518499999905,-17.970875099999905]]],[[[-38.7109186,-17.963885299999998],[-38.70864689999999,-17.967988999999907],[-38.7122856,-17.9668687],[-38.7109186,-17.963885299999998]]],[[[-38.7065808,-17.962790799999894],[-38.692582899999906,-17.963833000000008],[-38.6917271999999,-17.965577899999996],[-38.7065808,-17.962790799999894]]],[[[-38.69230919999999,-17.96121060000001],[-38.69338989999991,-17.960746800000003],[-38.69220010000001,-17.960233599999984],[-38.69230919999999,-17.96121060000001]]],[[[-38.955518599999905,-16.224708099999894],[-38.95548519999989,-16.226207799999898],[-38.9556251999999,-16.226311299999995],[-38.955518599999905,-16.224708099999894]]],[[[-38.9199953999999,-16.178616699999985],[-38.91899979999991,-16.17910489999999],[-38.9199139,-16.1791835],[-38.9199953999999,-16.178616699999985]]],[[[-38.922157,-16.028531999999885],[-38.9228792,-16.031226999999898],[-38.923180699999904,-16.031283299999895],[-38.922157,-16.028531999999885]]],[[[-38.93952569999989,-13.838898399999893],[-38.938075599999905,-13.835887899999896],[-38.9380078,-13.838748499999996],[-38.93952569999989,-13.838898399999893]]],[[[-38.9653173,-13.6758434999999],[-38.9635287,-13.6758141999999],[-38.9638955,-13.6773484],[-38.9653173,-13.6758434999999]]],[[[-38.94638220000001,-13.38498550000001],[-38.946531999999905,-13.3867134999999],[-38.947641399999995,-13.386673299999895],[-38.94638220000001,-13.38498550000001]]],[[[-38.90453409999999,-13.37941719999999],[-38.90340989999991,-13.380577399999893],[-38.9038113,-13.380778299999998],[-38.90453409999999,-13.37941719999999]]]]}},{"type":"Feature","properties":{"SIGLA_UF":"RR","NM_UF":"Roraima","NM_REGIAO":"Norte"},"geometry":{"type":"Polygon","coordinates":[[[-61.468298100000005,-0.6667464000001198],[-61.4846186,-0.7168770000001161],[-61.5356323,-0.7544012000000401],[-61.5473597,-0.7951499000000732],[-61.5383687,-0.8482104999999059],[-61.58273700000001,-0.9369362999999727],[-61.579414299999904,-0.9833502999999393],[-61.5426687,-0.9927307999998206],[-61.5594778999999,-1.0111984000000989],[-61.5440369,-1.0295682999998974],[-61.5428641999999,-1.0622038999998207],[-61.5778506,-1.0799871999999253],[-61.56612330000001,-1.0997244999998983],[-61.579512,-1.1106679999999103],[-61.56612330000001,-1.129135000000051],[-61.5811734,-1.1565909000000396],[-61.5707164999999,-1.182776400000024],[-61.5871347,-1.1944034999999713],[-61.6070712,-1.2744238000000674],[-61.6288494999999,-1.3014678000000823],[-61.5821751999999,-1.3534072999998372],[-61.61912149999989,-1.3947977000000165],[-61.58190569999989,-1.409522000000046],[-61.573842399999904,-1.4286890999998327],[-61.538294099999995,-1.433404199999922],[-61.51648219999999,-1.5024302999999215],[-61.473291,-1.527849700000005],[-61.4827365,-1.5806330999998692],[-61.5446818999999,-1.5256266999999681],[-61.5852313999999,-1.4642449999999405],[-61.624404899999895,-1.4386891999998135],[-61.7902124,-1.3789673000000198],[-61.826905,-1.4017427000000513],[-61.8966239,-1.3953552999999181],[-61.90912899999999,-1.348685100000043],[-61.9499562,-1.2970205000000472],[-62.0316230999999,-1.1264629000000144],[-62.062179,-1.0997991999998058],[-62.0996815,-1.0967432999999953],[-62.1182904,-1.0764675999997992],[-62.11134669999999,-1.0603608999998249],[-62.1255176999999,-1.0373018999998385],[-62.199960399999995,-1.0003541999998398],[-62.2038517999999,-0.9828517000000921],[-62.2591241,-0.9759149000001326],[-62.2721852,-0.9520216999999721],[-62.293847199999995,-0.9481296999998919],[-62.3763474,-0.8661923000001154],[-62.3760672,-0.836469300000041],[-62.395797300000005,-0.8203566999999843],[-62.50107320000001,-0.7814660999997717],[-62.5102376999999,-0.7589685000001835],[-62.49495679999999,-0.7506341999997611],[-62.50829179999991,-0.7142492000001778],[-62.48662730000001,-0.6814672999997303],[-62.42712709999999,-0.6897595999999104],[-62.4029884,-0.722398099999788],[-62.3821725,-0.7031961999999546],[-62.357007599999996,-0.7023656000001185],[-62.369883199999904,-0.667845799999863],[-62.34193319999999,-0.6731227000000415],[-62.32668770000001,-0.6529921999998706],[-62.292874,-0.6477151999997026],[-62.28935580000001,-0.6224054000000966],[-62.301815999999995,-0.6148807999997787],[-62.2906262,-0.5984635000000825],[-62.318429699999996,-0.5446182999997922],[-62.2999103,-0.5294223999998647],[-62.3072399,-0.5081185999995945],[-62.28530010000001,-0.49297139999988515],[-62.2845670999999,-0.471618699999586],[-62.2673670999999,-0.4692245000000148],[-62.2804626,-0.44332749999985843],[-62.2709829999999,-0.44967960000021506],[-62.24203119999999,-0.4202400999999254],[-62.2259061999999,-0.4209240999999335],[-62.213983400000004,-0.3872089999999758],[-62.2015231999999,-0.386720399999672],[-62.20816860000001,-0.367614999999938],[-62.18691290000001,-0.32559300000051133],[-62.2193096,-0.30565689999978163],[-62.2308414,-0.3157226999995138],[-62.2480628,-0.29633930000042336],[-62.253389,-0.2700020999994183],[-62.23726390000001,-0.25177610000049994],[-62.2506526,-0.24801360000058398],[-62.2530225,-0.21290529999983882],[-62.241564,-0.17046730000038585],[-62.2778208999999,-0.14984689999938072],[-62.3197948,-0.0963412000013409],[-62.3145663999999,-0.06902639999877443],[-62.330691400000006,-0.05480709999910176],[-62.31305159999991,-0.046988899997972705],[-62.336603999999994,0.021567000007244336],[-62.4217735,0.09784320000052922],[-62.428575599999995,0.1735341000001035],[-62.452743600000005,0.20741420000018612],[-62.46829029999999,0.2757532000004646],[-62.46688909999989,0.33296780000003223],[-62.4463713,0.37911380000045003],[-62.485246,0.454080400000155],[-62.5186613,0.4437009000004142],[-62.5330086,0.5088084000002258],[-62.5182976999999,0.5838168999999624],[-62.533310899999904,0.7013007000002456],[-62.45773510000001,0.7851979000001011],[-62.48607090000001,0.8579653000000244],[-62.47105379999991,0.9171288000000563],[-62.4427353999999,0.9585339000001462],[-62.4777301999999,1.0279473999999964],[-62.471620899999905,1.0862815999999489],[-62.52108789999989,1.0838159000000693],[-62.5412054,1.1119553999999838],[-62.6355058999999,1.431819899999997],[-62.7207753,1.488544700000049],[-62.7363493,1.529629600000079],[-62.8052823,1.5913456999999884],[-62.79299280000001,1.635312200000023],[-62.72373179999989,1.7123987000001062],[-62.7310732999999,1.8182322999999672],[-62.704179100000005,1.87394679999999],[-62.70602939999999,1.939723199999991],[-62.83857149999991,2.016386400000006],[-62.9484826999999,2.031041400000087],[-63.023776100000006,2.0146793999999497],[-63.05356809999991,2.0288897000001307],[-63.1198323,2.0964525000001126],[-63.14633940000001,2.1732586000001053],[-63.19413360000001,2.1812129000000215],[-63.276351399999996,2.1543897000000154],[-63.3597912,2.1971016000000287],[-63.3822016999999,2.2276576000000876],[-63.3603669,2.2695449000001],[-63.36079960000001,2.326174699999975],[-63.3764434,2.356417600000042],[-63.35541370000001,2.3866557999999927],[-63.3727243,2.4259844999999824],[-63.4008138,2.4295061000000233],[-63.4138412999999,2.452920000000034],[-63.464211599999906,2.401349600000034],[-63.4804728,2.4336579000001133],[-63.55505250000001,2.4214869000000894],[-63.5553442,2.447085300000046],[-63.567336299999994,2.4355886000001177],[-63.592558600000004,2.456273200000037],[-63.6338211999999,2.439755000000042],[-63.6823977,2.442185600000001],[-63.701552400000004,2.458996400000024],[-63.71900179999991,2.4437203000000567],[-63.7326383,2.4537210000000886],[-63.7675569,2.441692800000105],[-63.84546069999989,2.4955801000000988],[-63.89233130000001,2.4657714000001176],[-63.9266145,2.471691499999975],[-63.9358943999999,2.4565581000000756],[-64.0085309,2.4809383000000267],[-64.0189058999999,2.4639222000000482],[-64.0603422999999,2.500440200000003],[-64.0455162,2.528139800000091],[-64.04505820000001,2.57776710000008],[-64.027928,2.5774215000000256],[-63.98653469999991,2.6481776000000012],[-63.98680830000001,2.687319800000082],[-64.0083193,2.705997100000011],[-63.9872793,2.7160971000000957],[-64.0039652,2.7381669000000164],[-63.9976424,2.768569500000066],[-64.0173391,2.776833200000089],[-64.0206469999999,2.8198319000000085],[-64.08023740000002,2.875849200000122],[-64.0669086,2.89140140000009],[-64.0777811,2.9027175000000973],[-64.07128999999999,2.9241897000000088],[-64.1080646999999,2.9542159000000394],[-64.1074398,2.979140800000071],[-64.1378617999999,2.992196699999961],[-64.1610492,2.9848915000000633],[-64.1482051,3.0380294000000485],[-64.2189372,3.0907123999999793],[-64.2302865999999,3.1378818000000335],[-64.1814312,3.1651274000001006],[-64.1563681,3.2135731000001257],[-64.1584061,3.244852400000093],[-64.1172564999999,3.278418999999993],[-64.1149311,3.3347012000000573],[-64.1478336,3.3718139999999854],[-64.1214674,3.403282300000008],[-64.1291641999999,3.4467776000001096],[-64.1180391,3.4690450000000235],[-64.1925525,3.523453300000045],[-64.1716271,3.5560977000000893],[-64.2260965999999,3.631090000000052],[-64.2486134,3.620125700000088],[-64.2338154,3.645232700000092],[-64.2442464,3.660591300000035],[-64.2936852999999,3.653615599999971],[-64.3182808,3.713495499999986],[-64.3343455,3.70752440000008],[-64.3641664,3.7468195000001026],[-64.4137658,3.7778450000000414],[-64.4569774999999,3.782170400000082],[-64.4742166999999,3.830483300000039],[-64.50201730000002,3.825494300000035],[-64.5343013,3.878331200000018],[-64.5659142,3.899990000000054],[-64.5508235999999,3.9253777000001],[-64.5883992,3.939341000000047],[-64.5951521,3.961741200000031],[-64.640405,3.97741400000004],[-64.6464338,3.995085000000043],[-64.6713207,3.990663200000017],[-64.6803179,4.012631399999999],[-64.700881,4.006917100000087],[-64.70562280000001,4.026904100000062],[-64.7344962999999,4.02272380000003],[-64.7472888999999,4.045667000000057],[-64.7725629999999,4.053491900000054],[-64.762082,4.060975300000032],[-64.7675647,4.109637000000033],[-64.8018635,4.166751400000111],[-64.7928744,4.183253900000061],[-64.8043471,4.200205000000026],[-64.8230508,4.197434500000007],[-64.8261907999999,4.233105300000051],[-64.7903689,4.291288700000024],[-64.7540844,4.273509300000092],[-64.7363377,4.280375700000074],[-64.7069607,4.209019100000033],[-64.6887313,4.204292200000072],[-64.6625362999999,4.164376800000082],[-64.6385122,4.158665800000048],[-64.6334272999999,4.118114900000007],[-64.5851781,4.114989100000101],[-64.5659363,4.100859400000053],[-64.5285734999999,4.118976200000001],[-64.4892986999999,4.110469700000041],[-64.4903409999999,4.132169000000077],[-64.4740393,4.139847300000041],[-64.4391613999999,4.115369199999994],[-64.4212618,4.14383310000009],[-64.3793982999999,4.133581800000026],[-64.3793836999999,4.143142799999982],[-64.339185,4.146426300000041],[-64.3091626999999,4.122681300000057],[-64.2951077,4.161170200000045],[-64.2624256,4.14929980000004],[-64.2747595,4.135977200000026],[-64.2482727999999,4.118664900000063],[-64.2198448999999,4.12188270000004],[-64.1768127,4.094190400000096],[-64.1359042999999,4.107092900000059],[-64.0533463,3.9759421999999898],[-64.0189963999999,3.9715379000000803],[-63.9963107999999,3.9039599000000953],[-63.9763268999999,3.8981800000000124],[-63.9662432,3.8695483000000697],[-63.917832099999906,3.9335593000000735],[-63.881588399999906,3.9289974000001004],[-63.860797299999895,3.947419700000032],[-63.8004993,3.9338517000000306],[-63.7612189,3.9427501999999963],[-63.736352,3.91420040000005],[-63.6659931,3.909935500000051],[-63.63776430000001,3.9565058000000892],[-63.64107979999989,3.9812209000000216],[-63.5861188,3.9173708000000307],[-63.595820599999996,3.9047480000000268],[-63.55782539999999,3.8875485000000016],[-63.5507054,3.863754900000053],[-63.4986370999999,3.840267100000064],[-63.5046012,3.8648116000000132],[-63.48431219999999,3.8846861000000383],[-63.4512395,3.8587289000000156],[-63.4151343,3.9015690000000265],[-63.4179487,3.9346967000001047],[-63.4506987,3.9608897000000787],[-63.392315200000006,3.9791220000001095],[-63.333864499999905,3.9526937000000277],[-63.303755200000005,3.9211452000000815],[-63.2169385999999,3.916716200000012],[-63.23386479999991,3.8790176000000662],[-63.22742249999991,3.832916299999986],[-63.2035868999999,3.8136249000000317],[-63.099509,3.793963100000026],[-63.0595304,3.7406560000000395],[-63.0729137,3.686704400000041],[-63.03291799999991,3.670567900000027],[-62.9913829,3.618264600000072],[-62.95097200000001,3.61113639999998],[-62.9219935,3.65014250000009],[-62.9215027,3.674948100000081],[-62.889217,3.678951400000039],[-62.8373066999999,3.737208200000035],[-62.79775649999989,3.7247833000000927],[-62.78433789999999,3.698299799999998],[-62.74427689999991,3.674200700000021],[-62.731038,3.704594300000082],[-62.7403298999999,3.766816200000064],[-62.7269075999999,3.8042182000000615],[-62.77408990000001,3.8352959000000975],[-62.756449099999905,3.85803110000004],[-62.78913829999989,3.8937371000000804],[-62.7835709,3.933401600000015],[-62.7626994,3.9411981000000353],[-62.747035499999996,3.9717592000000765],[-62.7681066,4.006814900000086],[-62.750550000000004,4.0335209000000765],[-62.659520799999896,4.034800000000083],[-62.6441359,4.049878200000018],[-62.5571434999999,4.016166900000075],[-62.562128200000004,4.03780550000002],[-62.533201,4.049163400000021],[-62.5399472999999,4.07896970000009],[-62.55689699999989,4.079397400000019],[-62.5480527999999,4.112323500000047],[-62.53419339999989,4.1126288000000155],[-62.5383667999999,4.135711900000052],[-62.5102280999999,4.130339500000033],[-62.5049473999999,4.146288800000004],[-62.4704743999999,4.136346700000066],[-62.4571091,4.158529600000112],[-62.46323759999999,4.178712000000084],[-62.3629883999999,4.171662700000097],[-62.3356975,4.137612500000065],[-62.2930421999999,4.1416277000000425],[-62.24193699999999,4.116612400000039],[-62.1977064,4.113593700000016],[-62.14505249999999,4.075434700000065],[-62.11083630000001,4.091888100000041],[-62.1162004,4.118093600000092],[-62.0717610999999,4.1238784],[-62.06940969999991,4.15668370000006],[-62.0245432999999,4.151665000000069],[-61.9866344,4.1793425000001],[-61.9310743999999,4.117061799999996],[-61.92234519999991,4.158246000000074],[-61.8734805999999,4.149543600000078],[-61.86659780000001,4.175943400000021],[-61.8356484999999,4.159878800000101],[-61.8164179,4.166300400000065],[-61.8210744,4.19869740000004],[-61.79958859999989,4.225316300000053],[-61.768658300000006,4.227590300000061],[-61.7751216999999,4.247402000000017],[-61.72757200000001,4.267235300000054],[-61.7240144,4.244002700000099],[-61.6713844,4.262944200000076],[-61.6462198999999,4.258898900000042],[-61.6374031999999,4.237762800000059],[-61.6078894,4.2606294000000196],[-61.58984569999999,4.243177000000073],[-61.55773229999989,4.251948700000056],[-61.5059234999999,4.319840800000088],[-61.523881699999905,4.338741600000076],[-61.512315300000004,4.349489100000037],[-61.522192999999994,4.369038900000019],[-61.51151540000001,4.406114599999992],[-61.4514129,4.43895240000007],[-61.43557320000001,4.433012200000048],[-61.44037409999999,4.424408000000048],[-61.42114020000001,4.433253699999994],[-61.3445359999999,4.41746420000004],[-61.3197685,4.429890500000069],[-61.308597500000005,4.459342900000015],[-61.2878352,4.45608340000005],[-61.2793475999999,4.474740000000056],[-61.3227767,4.502933000000034],[-61.3221224,4.533930700000024],[-61.27515079999989,4.527402500000049],[-61.25919939999989,4.5375317000000654],[-61.22096139999999,4.521622800000061],[-61.21784110000001,4.533263900000095],[-61.1455831,4.480147500000008],[-61.0926757999999,4.52326830000004],[-60.997879699999906,4.515604700000057],[-60.98486100000001,4.542666000000047],[-60.95790800000001,4.545161000000087],[-60.9568439999999,4.581665000000042],[-60.931415,4.584330000000037],[-60.933096899999995,4.62078750000005],[-60.9515989,4.643268900000036],[-60.919587,4.663349000000022],[-60.901905600000006,4.716077200000005],[-60.851071100000006,4.702940600000006],[-60.80741779999989,4.747821900000033],[-60.7509317,4.75368920000003],[-60.72087939999991,4.777383900000104],[-60.7166362,4.800268100000059],[-60.67294100000001,4.829317500000053],[-60.6495965,4.861923900000002],[-60.65426289999991,4.884590700000023],[-60.6273719,4.888566000000022],[-60.5896271999999,4.9326014000001],[-60.5822577,4.958822000000073],[-60.595261900000004,4.997580800000025],[-60.6168502,5.008793500000056],[-60.6103649999999,5.037152700000015],[-60.646897599999896,5.057061900000085],[-60.6424051,5.111019900000003],[-60.6576972999999,5.112458900000021],[-60.6594721,5.1532415000000436],[-60.6888074999999,5.192906600000057],[-60.73820579999991,5.201424600000027],[-60.723944199999906,5.220296100000043],[-60.65053089999999,5.230133800000038],[-60.62764039999999,5.2122173000000345],[-60.590025599999905,5.216352500000053],[-60.5851572999999,5.198064000000024],[-60.5496952999999,5.187158700000046],[-60.52575689999999,5.203389900000044],[-60.46677099999991,5.1921925000000275],[-60.45413099999999,5.2026183000000055],[-60.4394783,5.176309599999996],[-60.4180337999999,5.188572200000107],[-60.4124624,5.211197700000104],[-60.38247469999989,5.218280500000044],[-60.3638012,5.201744100000028],[-60.3159163999999,5.202692400000072],[-60.3001249,5.226365900000061],[-60.2794248,5.226742100000022],[-60.2171552,5.268617400000048],[-60.19959390000001,5.265251900000043],[-60.1912172,5.233071300000066],[-60.169607,5.224049100000079],[-60.1154964,5.251630800000074],[-60.098998599999994,5.242345300000046],[-60.11543360000001,5.24356650000007],[-60.1227615,5.226098900000089],[-60.099071099999904,5.195660900000089],[-60.086885699999996,5.136452900000017],[-60.063992,5.137831100000058],[-60.046027099999904,5.106469800000029],[-59.976567799999906,5.079078000000008],[-59.9702051,5.063059400000062],[-60.01326439999999,4.844513300000043],[-60.0345249,4.801635400000066],[-60.0214022,4.781862100000065],[-60.0396319,4.724613300000017],[-60.0254385,4.706339100000067],[-60.0754904,4.655359100000021],[-60.070540400000006,4.616876300000076],[-60.1237260999999,4.604826700000066],[-60.13604230000001,4.565033000000056],[-60.15699099999989,4.573065700000008],[-60.1613406,4.51783840000006],[-60.118398500000005,4.501792500000048],[-60.08868859999999,4.533515499999994],[-60.0860987999999,4.517105900000008],[-60.0645052,4.520806000000075],[-60.0704062,4.493144800000008],[-60.0029888999999,4.495326700000004],[-59.973081500000006,4.480409900000063],[-59.9707564,4.509284100000097],[-59.9356094,4.499285600000047],[-59.90974579999989,4.460432700000036],[-59.8754529999999,4.486930400000047],[-59.8619401,4.452425800000055],[-59.8328036,4.458124600000074],[-59.812601899999905,4.44634630000005],[-59.7956007,4.465524800000021],[-59.7944347,4.447774000000069],[-59.6700926,4.37580859999999],[-59.6834585,4.364080700000022],[-59.679291400000004,4.341192000000033],[-59.732643100000004,4.285122800000067],[-59.7313685,4.269329499999986],[-59.7101747999999,4.268371900000027],[-59.74002860000001,4.233792900000007],[-59.7311705,4.18104840000004],[-59.6840053,4.146819700000081],[-59.6186074,4.132561000000041],[-59.6542626,4.069580100000049],[-59.6182204,4.0525176000000105],[-59.6199415999999,4.038524400000071],[-59.6015968,4.029499100000086],[-59.6072865,4.007249899999999],[-59.5945723,4.017997300000077],[-59.5970641,4.000898300000071],[-59.58002140000001,4.001159700000094],[-59.572015699999994,3.9868299000000524],[-59.5843889,3.9686628000000788],[-59.5447589999999,3.9790124000000593],[-59.51575389999991,3.945827099999985],[-59.526880299999995,3.924403100000076],[-59.5391934,3.9325961000000254],[-59.564653699999994,3.918620199999971],[-59.56759240000001,3.8904853000000386],[-59.57770670000001,3.9019287000000116],[-59.5756468,3.8899028000001024],[-59.59381249999999,3.8847802000000393],[-59.57801149999991,3.8169652000000505],[-59.59824350000001,3.814984900000069],[-59.59621250000001,3.7944468000000913],[-59.610553099999905,3.8044035000000607],[-59.6292377999999,3.7841972000000266],[-59.62925049999999,3.799043600000062],[-59.6656321,3.7815003999999988],[-59.6800335999999,3.7568736000000724],[-59.6638718,3.7341678000000167],[-59.66858319999991,3.7031053000000553],[-59.75221260000001,3.6527583000000377],[-59.764748399999995,3.6260676000000416],[-59.8508485,3.6046061000000376],[-59.8726986,3.563844000000052],[-59.8425387,3.5530368000000108],[-59.8361262,3.525153199999992],[-59.803223100000004,3.504314400000051],[-59.802220599999906,3.4914736999999887],[-59.82721170000001,3.480360400000044],[-59.810157100000005,3.4698330000000754],[-59.82394620000001,3.471821199999983],[-59.84169779999999,3.427870100000099],[-59.81112649999991,3.42728090000002],[-59.8220339,3.412924900000057],[-59.80437770000001,3.3607577000000157],[-59.8341973999999,3.352706899999984],[-59.8276015,3.330908700000077],[-59.8878619,3.241685000000085],[-59.8750502999999,3.2241795000000106],[-59.90811299999999,3.212269600000109],[-59.899857999999895,3.153516000000073],[-59.9212054,3.147169300000015],[-59.9070677999999,3.1437709000000766],[-59.919382500000005,3.132380200000087],[-59.9080777999999,3.112781100000001],[-59.9206220999999,3.122312300000094],[-59.93779909999991,3.0884332000000194],[-59.9557971999999,3.081567800000066],[-59.962353999999905,3.0169213999999966],[-59.9468209,2.9998273000000553],[-59.9601577,2.95242370000007],[-59.9840416,2.929729600000044],[-59.99349990000001,2.786414700000084],[-59.99148660000001,2.6845106000001064],[-59.9577303999999,2.6096496000000795],[-59.9724593,2.5951585999999867],[-59.9290326999999,2.569473099999994],[-59.938437500000006,2.5529537000000766],[-59.8969107999999,2.4809764000000456],[-59.8911864,2.4248760000000793],[-59.9093202999999,2.38923400000005],[-59.8988304,2.3625864000001084],[-59.87197869999989,2.360677600000024],[-59.8443245999999,2.320845500000051],[-59.8290342,2.3291831000000633],[-59.7870485999999,2.2836497000000344],[-59.74061699999999,2.292830900000005],[-59.72344509999991,2.276808600000113],[-59.7198976999999,2.237375500000015],[-59.7418607,2.162512700000029],[-59.7218018999999,2.103459400000011],[-59.74261860000001,2.068689900000126],[-59.7208146,2.027610600000004],[-59.73599169999989,2.012676900000101],[-59.7513656,1.9065904000001093],[-59.7262562,1.8737770000001743],[-59.7378740999999,1.8596583000001436],[-59.7290788999999,1.843454000000083],[-59.7030142999999,1.8516646999999722],[-59.67201549999999,1.8414641000001244],[-59.6632792999999,1.8692934000001047],[-59.650406700000005,1.8448072000000402],[-59.6539443999999,1.8164444000000097],[-59.679836,1.8068770000001202],[-59.691417199999904,1.7566345999999453],[-59.6672573,1.7545543000000174],[-59.6638751999999,1.7365557999999859],[-59.6332543999999,1.741311900000025],[-59.61881709999991,1.7149563000001045],[-59.5665195,1.7354902000000407],[-59.5380039,1.7213282000001433],[-59.5112539,1.6675910999999737],[-59.4928702,1.6733216999999991],[-59.48373819999989,1.6279980000001422],[-59.445172,1.6172206000000302],[-59.4263946999999,1.5865755000001323],[-59.43045390000001,1.5642187000000647],[-59.39754200000001,1.5549671000001157],[-59.3838074,1.5067761999999592],[-59.3296377,1.5143185000001642],[-59.3278397999999,1.462961500000097],[-59.2866263,1.453756700000046],[-59.2747265,1.4188987000001667],[-59.283257899999995,1.4083525999999933],[-59.25283119999991,1.3879745999999338],[-59.19468199999991,1.3786096000001884],[-59.1444902,1.3465836999999752],[-59.08787679999989,1.3470765000001617],[-59.0478611999999,1.3215599999998902],[-58.9953087,1.3281547000000211],[-58.97956849999999,1.3020373000001673],[-58.918200899999896,1.3164083000000992],[-58.923958399999904,1.2901920999999332],[-58.8879891,1.2618663000001242],[-58.9120172999999,1.2381905000000668],[-58.8954979,1.2274968000000543],[-58.8954648,0.26351030000012665],[-60.0379685999999,0.26354549999959975],[-60.05908290000001,0.16299690000112277],[-60.1104965,0.13494599999918147],[-60.1336090999999,0.10347779999893367],[-60.1179726999999,0.08139140000186966],[-60.1399613999999,0.04542770000175651],[-60.13258289999991,0.027690199995311],[-60.2118887999999,-0.03939969999960312],[-60.2108138,-0.06388049999966577],[-60.2393013999999,-0.11230440000004538],[-60.221173399999905,-0.14176589999974007],[-60.268842600000006,-0.17661309999905073],[-60.2805875999999,-0.20956870000068878],[-60.303360700000006,-0.2099526000001964],[-60.296510999999995,-0.24964200000051928],[-60.31044189999991,-0.26215400000003036],[-60.2922755,-0.2945226000001888],[-60.3033288999999,-0.3250763999994903],[-60.3244814999999,-0.3332888000003175],[-60.3250954,-0.377922699999607],[-60.3522505999999,-0.40662770000007964],[-60.3455915,-0.436315500000142],[-60.3835903,-0.4605396000001964],[-60.38845919999991,-0.4973520999996823],[-60.4054942,-0.5146829000001804],[-60.3768772999999,-0.5691804999999954],[-60.38914579999991,-0.574253499999971],[-60.38216920000001,-0.5879908999998024],[-60.3677238,-0.5820937999996973],[-60.3535535999999,-0.6177710999999337],[-60.316069000000006,-0.635281600000095],[-60.3072437,-0.710660700000164],[-60.34671739999991,-0.7394092999997608],[-60.3737606999999,-0.7312858999997478],[-60.38502030000001,-0.7536147000001578],[-60.405309200000005,-0.7512431999999569],[-60.4260264,-0.7713813999997164],[-60.47467840000001,-0.7613274000000869],[-60.4978505999999,-0.780860599999837],[-60.49338310000001,-0.8114813999997303],[-60.51868540000001,-0.8257323000001485],[-60.502508999999996,-0.8405166999998678],[-60.53029320000001,-0.867309500000163],[-60.58711290000001,-0.8427935000001671],[-60.5955552,-0.8658028000000012],[-60.6201207999999,-0.8511913999998583],[-60.62033969999991,-0.8632599999999461],[-60.6684365999999,-0.8878834000001737],[-60.6725117999999,-0.869867699999771],[-60.7358657,-0.866179599999889],[-60.7286893,-0.852952000000104],[-60.7620350999999,-0.8628720000000154],[-60.76983549999989,-0.8019762000001263],[-60.75652639999999,-0.7912637000000131],[-60.7879847999999,-0.782739899999746],[-60.7718723999999,-0.7550890000000562],[-60.806617,-0.7397532000001142],[-60.8079327999999,-0.6943617000000833],[-60.85577430000001,-0.6858316000001191],[-60.8614279,-0.6456566999999969],[-60.89406460000001,-0.6448000999996666],[-60.920259200000004,-0.6194204999998395],[-60.93225530000001,-0.5487382999998074],[-60.98366739999991,-0.5617443000001168],[-61.056153799999905,-0.5434796999997639],[-61.0706031999999,-0.5124327999997554],[-61.0968068,-0.4988562999996857],[-61.1595283,-0.49838649999993273],[-61.16733159999999,-0.5162354999996064],[-61.221550799999896,-0.4991160000002491],[-61.23180560000001,-0.5604880999996775],[-61.359527399999905,-0.5969243999996706],[-61.43350710000001,-0.6330326000002573],[-61.43223660000001,-0.6540426999997608],[-61.468298100000005,-0.6667464000001198]]]}},{"type":"Feature","properties":{"SIGLA_UF":"PA","NM_UF":"Pará","NM_REGIAO":"Norte"},"geometry":{"type":"MultiPolygon","coordinates":[[[[-50.0930033,-9.440482999999984],[-50.1079493999999,-9.508630199999972],[-50.0895623,-9.545692899999946],[-50.1073696999999,-9.594280199999966],[-50.1390049,-9.627459899999954],[-50.151005299999994,-9.69560819999996],[-50.1978963999999,-9.758834899999936],[-50.2248084999999,-9.841157299999958],[-56.6718827,-9.367396899999981],[-56.7113019999999,-9.374287099999968],[-56.7573841,-9.406176399999955],[-56.7723235999999,-9.390959299999956],[-56.779166099999905,-9.31719759999995],[-56.8201088,-9.246340399999967],[-56.9522491,-9.223083599999956],[-56.9955492999999,-9.233842599999935],[-57.05716710000001,-9.185927899999982],[-57.0604425,-9.13713039999995],[-57.03924159999999,-9.098289999999961],[-57.09460519999989,-9.017111399999973],[-57.13827419999999,-8.994612099999944],[-57.1950042999999,-8.927513699999952],[-57.24018979999989,-8.906491799999968],[-57.2995862,-8.913996799999953],[-57.31788829999989,-8.885712299999987],[-57.3843828999999,-8.879557399999959],[-57.419912599999996,-8.85303929999998],[-57.41404920000001,-8.81250739999998],[-57.4275794,-8.78323919999996],[-57.4635312,-8.784741799999964],[-57.530385,-8.748174099999952],[-57.5929389,-8.756476999999942],[-57.59683499999989,-8.691665399999978],[-57.62474410000001,-8.63884129999994],[-57.6222457,-8.59118839999995],[-57.64864180000001,-8.576374999999931],[-57.634133,-8.518905299999956],[-57.6590545,-8.500386599999972],[-57.6514190999999,-8.471039499999975],[-57.686944000000004,-8.416253599999967],[-57.6678008,-8.363938099999924],[-57.67986479999999,-8.31898399999992],[-57.6456109,-8.206291499999969],[-57.66724750000001,-8.17646789999997],[-57.715138200000005,-8.157947599999934],[-57.7284399,-8.094215799999954],[-57.77652859999991,-8.052175299999917],[-57.82883300000001,-7.972895899999968],[-57.83502349999999,-7.881408299999986],[-57.8738367999999,-7.801193599999993],[-57.8989503999999,-7.671890499999977],[-57.939558299999995,-7.653134799999994],[-57.972581999999896,-7.534588099999964],[-58.03510510000001,-7.454139299999929],[-58.0613615999999,-7.3951911999999345],[-58.1683676,-7.317860799999946],[-58.16975,-7.22223759999998],[-58.21294700000001,-7.131578999999903],[-58.2473964,-7.084299999999929],[-58.28302469999989,-7.073912899999927],[-58.335422099999995,-6.986372600000002],[-58.38024979999991,-6.970503999999958],[-58.43455590000001,-6.9088064999999945],[-58.48175560000001,-6.781421699999945],[-58.4784711999999,-6.699613599999936],[-58.4273057999999,-6.616167499999934],[-58.3498865999999,-6.562401099999911],[-58.32705620000001,-6.500373999999972],[-58.2861377999999,-6.490080299999914],[-58.2552559,-6.454117499999946],[-56.4021071999999,-2.456516799999923],[-56.46117535,-2.4342398349999206],[-56.4639372999999,-2.4207292999999663],[-56.4208333999999,-2.360191799999873],[-56.3912,-2.2764073999998944],[-56.2634985999999,-2.2210563999999735],[-56.1811805,-2.1605650000000054],[-56.10241630000001,-2.0480179999998906],[-56.09755799999991,-2.0371331999999662],[-56.0937405999999,-1.9984334999998952],[-56.0986505,-2.026944599999935],[-56.2283772,-2.056220399999968],[-56.25615260000001,-2.0883160999999735],[-56.2974569,-2.1008075],[-56.325957,-2.145767699999931],[-56.375062699999894,-2.1387776999999226],[-56.4138828,-2.1759495999999126],[-56.4441803,-2.1539256999999745],[-56.47789329999989,-2.17037639999991],[-56.5270652999999,-2.139195199999877],[-56.5695909999999,-2.174758899999962],[-56.5977918,-2.1749551999998653],[-56.6129132,-2.210171299999906],[-56.6898514,-2.2089402999999286],[-56.7077679,-2.183901999999958],[-56.768539200000006,-2.1657519999999773],[-56.7694296999999,-2.1406729000000233],[-56.7213821999999,-2.0591743999998795],[-56.7389669999999,-2.0170094999999995],[-56.7669923999999,-2.008697600000017],[-56.8499562,-2.020171799999932],[-56.897374799999994,-1.9762236999998917],[-56.9527706,-1.9602300999998952],[-56.98835089999991,-1.9071602999998571],[-57.0284152,-1.9180237999999135],[-57.0725391999999,-1.8385652000000305],[-57.0609585,-1.8108734999999427],[-57.0792824,-1.8025707999998828],[-57.084804,-1.7804951000000067],[-57.1142199,-1.7925586000000067],[-57.1268512,-1.7660139999998294],[-57.164232,-1.7685047999998922],[-57.1667729,-1.7188333999998362],[-57.2006843999999,-1.7352929999999467],[-57.2040071,-1.7112141000000225],[-57.2308333,-1.7275272000000397],[-57.2586368,-1.696854500000072],[-57.2636209,-1.722203499999967],[-57.292255,-1.7082835999999288],[-57.3048618999999,-1.7327532999999982],[-57.33193240000001,-1.7156586999999548],[-57.3445881,-1.715023799999989],[-57.3514289999999,-1.7367093999999215],[-57.37292909999999,-1.7142422999998972],[-57.3923768999999,-1.724792099999977],[-57.3990223,-1.713851599999887],[-57.3857558,-1.6976847999999145],[-57.4024671999999,-1.6766336999998954],[-57.43564570000001,-1.6911888000000033],[-57.4396525,-1.6650579000000516],[-57.4730754,-1.678880400000017],[-57.4781571999999,-1.6582686999999354],[-57.50600949999989,-1.6419060999999247],[-57.5258971,-1.6553380999999794],[-57.52184140000001,-1.6292067000000425],[-57.55316309999991,-1.6067872000000016],[-57.595088200000006,-1.600193200000049],[-57.5880518,-1.580606299999985],[-57.6007074999999,-1.5721560999998698],[-57.62191440000001,-1.5891541999998697],[-57.6592462999999,-1.5805087000000095],[-57.6784009,-1.5946736999999955],[-57.7061555,-1.572449199999938],[-57.69770199999991,-1.5585281999999612],[-57.7120679999999,-1.5033319000000889],[-57.77998860000001,-1.5100238999999638],[-57.771584,-1.4869680999999533],[-57.7953318,-1.4872368000000378],[-57.82281770000001,-1.4386819999998874],[-57.90964859999999,-1.428619199999909],[-57.91145650000001,-1.4047321999998452],[-57.9578771,-1.4034620999998964],[-57.95431,-1.3797701999998315],[-57.9732569999999,-1.3747630999999623],[-57.9689081,-1.3586426000000145],[-57.9891377,-1.3534644999998875],[-57.9987149999999,-1.3312864999999754],[-57.9719865,-1.2290645999998095],[-57.9586955999999,-1.2225182999999415],[-57.97574900000001,-1.1929134999999724],[-57.96578079999989,-1.1693172999999393],[-58.0116149999999,-1.1364386999998637],[-58.0173321,-1.103608499999849],[-58.05867080000001,-1.1065397999998343],[-58.0928266,-1.1615983999998472],[-58.12361069999999,-1.164138799999918],[-58.11818689999999,-1.1882724000001084],[-58.1561050999999,-1.2327773999999743],[-58.197981399999904,-1.1807978999998563],[-58.206190499999906,-1.1863671999999013],[-58.2052131999999,-1.1693172999998458],[-58.2429849,-1.1575435999999646],[-58.255884900000005,-1.1308204000000674],[-58.32126459999991,-1.1456231999997835],[-58.3355817,-1.1156756000000372],[-58.3583034,-1.107712299999828],[-58.36372719999999,-1.0711199000000884],[-58.39109089999991,-1.0413670000000503],[-58.42172850000001,-1.038533299999848],[-58.42578420000001,-0.9975675999999359],[-58.410440999999906,-0.9805165999999963],[-58.44904330000001,-0.935421699999851],[-58.444157000000004,-0.9028825999999127],[-58.4546627,-0.899462599999977],[-58.4349706,-0.8938927999998221],[-58.440003499999904,-0.8742030999999337],[-58.48907500000001,-0.8597899000001339],[-58.4895147,-0.8326735000001262],[-58.511259100000004,-0.841272599999913],[-58.520005700000006,-0.8267615999999083],[-58.5337853,-0.8303282999997689],[-58.5337364,-0.8166478000001649],[-58.5559694999999,-0.813716299999803],[-58.573071799999994,-0.7818113999999098],[-58.61284690000001,-0.7583099999999211],[-58.634053699999996,-0.7191734000001722],[-58.66371399999999,-0.7176098999998262],[-58.6744641,-0.6950364999997192],[-58.7075937,-0.6784728999999767],[-58.7081312,-0.6519904999998503],[-58.7378403,-0.6178368999997622],[-58.7256733,-0.6084066999999143],[-58.7297778,-0.5635520999999215],[-58.7090107,-0.5458642999996911],[-58.709988,-0.5170358999997983],[-58.73652100000001,-0.47174089999983],[-58.7252824,-0.43831910000022245],[-58.8743168,-0.3393235000004432],[-58.8653947,-0.26554879999943337],[-58.8810379999999,-0.19657939999963933],[-58.863097200000006,-0.1609360000006841],[-58.86388389999999,-0.0780298000005499],[-58.88658159999991,-0.05918389999775883],[-58.8983284,-0.017913600009953696],[-58.893616900000005,1.231510100000118],[-58.86091799999999,1.206148500000075],[-58.8573569,1.1844967999999758],[-58.8306138999999,1.1890725999999987],[-58.82472709999999,1.17093699999999],[-58.79509219999989,1.1918051000001482],[-58.771942,1.1864757000001838],[-58.752684900000006,1.2090451000000042],[-58.74004799999991,1.198729599999956],[-58.71460519999991,1.2368506000001291],[-58.71223150000001,1.2901351000000894],[-58.6946245,1.297972600000181],[-58.6634958,1.2795657000000702],[-58.6191211,1.2853458999999845],[-58.5883355,1.2616054000001724],[-58.5665744,1.2966634000000374],[-58.5427637,1.2913244000000388],[-58.541133300000006,1.2693416000000093],[-58.52319279999989,1.2578585999998935],[-58.513147599999996,1.2773287999999363],[-58.4990607999999,1.2652133000000088],[-58.45670590000001,1.3726183999999086],[-58.4712416,1.3699294999999965],[-58.48000569999991,1.3904444000000755],[-58.5067007,1.4025528000000038],[-58.49920919999991,1.4308147999999317],[-58.5114781999999,1.4614777000000627],[-58.4623106,1.4654399000001113],[-58.4481301,1.454394600000042],[-58.4225612,1.4710655000001636],[-58.3728905999999,1.4756662999999697],[-58.3925836,1.4967672000001062],[-58.3828472,1.5096066000000727],[-58.3952308999999,1.5259585000000009],[-58.341527000000006,1.55106109999991],[-58.3446197,1.575586699999975],[-58.3256259999999,1.5966395999999856],[-58.32093450000001,1.5650048000000314],[-58.260241,1.56952409999997],[-58.2330183,1.545850200000132],[-58.1914980999999,1.5727209999999472],[-58.1605,1.551083300000099],[-58.1492066,1.5079006000001234],[-58.129786700000004,1.497742900000052],[-58.09755280000001,1.5136714000001399],[-58.0694664,1.5066468000000062],[-58.0637922999999,1.5250858999999364],[-58.0033678999999,1.5006937000000624],[-57.99390999999999,1.5523484999999333],[-57.977394999999895,1.5698509000000196],[-57.98464430000001,1.6308678000000905],[-58.0033387999999,1.644740000000162],[-57.995965000000005,1.6600645000001157],[-57.916016899999896,1.6437032000000107],[-57.8997487,1.6722815999999932],[-57.852927300000005,1.6760291000000211],[-57.8503484999999,1.689332699999947],[-57.801127199999904,1.6817200000001142],[-57.79482829999991,1.7237258000000457],[-57.7783658,1.7274970999999704],[-57.74259790000001,1.7145962999999627],[-57.727296,1.7223493000000265],[-57.7156846,1.7087405000000353],[-57.7034429999999,1.72295159999996],[-57.65295,1.6786442999999287],[-57.63118080000001,1.6983912999999529],[-57.5956454999999,1.693718499999974],[-57.58426409999999,1.7094101000001],[-57.5797848,1.6876017000001506],[-57.5566793,1.6894658000000011],[-57.54128180000001,1.7217792000001277],[-57.5149651,1.7236909999999206],[-57.5000674,1.7927047000000944],[-57.4455816,1.8106487999999623],[-57.435691500000004,1.9066036999999958],[-57.41164860000001,1.907242099999991],[-57.3871065,1.929360100000098],[-57.3680803,1.9239722000000954],[-57.37041429999991,1.9551230999999896],[-57.35468969999991,1.9771992000000715],[-57.3166537,1.9794306000000819],[-57.30768849999999,1.9993776000001373],[-57.2699618,1.9839681000000657],[-57.275876999999994,1.9674494000000002],[-57.2283346999999,1.9377458000000467],[-57.203155099999904,1.9796086000000364],[-57.1840268999999,1.9786065000000164],[-57.1829241,1.999191600000049],[-57.1501617,1.9912939000001457],[-57.1163399,2.032983700000081],[-57.09854150000001,2.020572399999999],[-57.0867203,2.0297476000001358],[-57.0696751999999,1.96239440000007],[-57.0283158,1.9510854000000255],[-57.0277114,1.9255377000000742],[-56.9713517,1.8920754000000093],[-56.9625598,1.8692670000000264],[-56.9252119,1.8893190000001627],[-56.9378002,1.9130693000000456],[-56.9202162999999,1.9349333000001538],[-56.9136223,1.8935269000000732],[-56.83040750000001,1.8885032999999454],[-56.7965743999999,1.8692111999999932],[-56.79768560000001,1.8459499000001296],[-56.7661919999999,1.8750936000001635],[-56.7671172999999,1.8952086000000217],[-56.7362533,1.8961309999999694],[-56.736592200000004,1.9139197999999586],[-56.7144696999999,1.9248065000000583],[-56.663239,1.9127196000000772],[-56.6199521999999,1.945842500000019],[-56.5961149999999,1.9337363999999764],[-56.5829171,1.9047769000000452],[-56.5619098,1.9063902000000323],[-56.49695839999999,1.9336674000000342],[-56.4852809,1.95447080000011],[-56.4500151,1.9564232000001378],[-56.4215937,1.9440345000000725],[-56.4055835999999,1.9173587000001018],[-56.3607957999999,1.9440348000000192],[-56.262152399999906,1.8821808000001459],[-56.243800500000006,1.8791624000001288],[-56.227271800000004,1.9020810999999995],[-56.19661730000001,1.8892386000001358],[-56.1708072,1.9003495999999767],[-56.1707423,1.888177600000096],[-56.1556300999999,1.89136600000003],[-56.1161299,1.8552806999999765],[-56.0347652999999,1.8552903000000218],[-55.9998975,1.8362637000000641],[-55.895268099999996,1.894986600000001],[-55.9165497,1.9263641000000442],[-55.9086907,1.9373167000001066],[-55.9302374,1.945985099999994],[-55.9261691,1.970960399999978],[-55.9394202999999,1.988683000000028],[-55.9311817999999,2.0022410999999902],[-55.90809410000001,1.9920855000000215],[-55.8997866,2.0417948999999975],[-55.9321505999999,2.0569886000001483],[-55.9273072,2.079137099999989],[-55.965337299999995,2.088097100000017],[-55.9996874999999,2.1675044000000034],[-56.05287309999989,2.184180200000004],[-56.0333138999999,2.2167855999999806],[-56.0465614,2.2349062000000863],[-56.0758868,2.236319299999991],[-56.0856320999999,2.251072500000041],[-56.0985987999999,2.2401702000000703],[-56.1388606,2.267203600000067],[-56.0929308999999,2.3217510000000043],[-56.0903463,2.3678157000001137],[-56.07111170000001,2.3650631000001088],[-56.04929320000001,2.335272100000016],[-56.0207935999999,2.345068500000068],[-56.0391784,2.36244410000005],[-55.9874434,2.4151735000000665],[-55.986478,2.431777799999946],[-56.0124637,2.4462913000000515],[-55.9780658999999,2.4813747000000217],[-55.9939393,2.501074500000129],[-55.9783641,2.5249748000000607],[-55.9217772,2.5281889999999905],[-55.9220647,2.5133504000000304],[-55.89963079999999,2.5155797999999967],[-55.8457058,2.463486199999975],[-55.7647625,2.4553026000001137],[-55.7493362,2.4099235000000423],[-55.7183969,2.4003011000000307],[-55.702584099999996,2.401321500000016],[-55.6946083,2.4200656999999888],[-55.6635507999999,2.4126120999999743],[-55.5861532,2.435895000000127],[-55.569155300000006,2.4238952000001173],[-55.492538200000006,2.4450963000000008],[-55.4687549999999,2.434558700000101],[-55.4593919,2.4462285000000974],[-55.4289682,2.4335869999999855],[-55.4034450999999,2.445053500000057],[-55.40146729999999,2.4166373000001196],[-55.3773411,2.4100353000000787],[-55.3451252999999,2.448647000000124],[-55.368117,2.4664724000000064],[-55.3647687,2.4847805999999757],[-55.3491625,2.477666800000079],[-55.3517987,2.5053997999999824],[-55.3197777999999,2.5158333000000317],[-55.315439599999905,2.5302074000001085],[-55.2920465,2.513083500000014],[-55.2784197999999,2.5223999000000643],[-55.2632771,2.485645400000055],[-55.2483817,2.485899000000015],[-55.22562799999999,2.517098800000063],[-55.2139521999999,2.5004463000000707],[-55.1980947,2.506972099999996],[-55.207138900000004,2.5232778000000833],[-55.1839666,2.534874599999969],[-55.1915079,2.558048799999998],[-55.1536627999999,2.577039500000083],[-55.1473501999999,2.5627228000000972],[-55.1229999999999,2.5680556000000188],[-55.1179418999999,2.516077100000085],[-55.0938803999999,2.536667700000064],[-55.0742139,2.5259214999999746],[-55.0096088,2.5935145999999882],[-54.9710469,2.6003495000001116],[-54.9385003,2.632345500000039],[-54.9332304,2.5895695000000694],[-54.95383330000001,2.5895556000000304],[-54.9716900999999,2.566528400000013],[-54.9242143,2.5009602000001103],[-54.9093288,2.500853099999964],[-54.9123170999999,2.484891600000001],[-54.86526249999999,2.471171400000007],[-54.8780222999999,2.4527606000000812],[-54.87469639999989,2.4153254000001056],[-54.80756,2.341674900000101],[-54.7942494,2.3127332000000433],[-54.811420299999995,2.266378000000111],[-54.76311090000001,2.202319100000046],[-54.8062543,2.1389277000001075],[-54.812832,2.0628137000000626],[-54.8038048999999,2.0258228000000758],[-54.7544412999999,1.9705985999999962],[-54.7715874,1.9404989999999878],[-54.7531954999999,1.8509850000000119],[-54.7340255999999,1.8319768000000185],[-54.754421699999995,1.7978080000000234],[-54.74477910000001,1.7758008000000103],[-54.6711959,1.7656566000000107],[-54.57091020000001,1.7844550000000692],[-54.508554800000006,1.7482740000000792],[-54.4246608,1.760440300000117],[-54.3874417,1.7451550999999497],[-54.37772210000001,1.7636870999999734],[-54.34466220000001,1.7406282000000524],[-54.30930440000001,1.7410503000000905],[-54.30978060000001,1.7293985999999728],[-54.2816415999999,1.7238476000000735],[-54.2923593,1.7087460000000048],[-54.2668006,1.7080669000000956],[-54.2636586,1.6801626000001009],[-54.230139199999904,1.675971500000077],[-54.19110380000001,1.6249093000001575],[-54.182217900000005,1.658074800000012],[-54.1436636999999,1.640612000000027],[-54.1230826999999,1.607400700000113],[-54.1283569,1.5913127000001357],[-54.118551,1.581480100000128],[-54.102,1.5906304000001075],[-54.1175262,1.5581747000000685],[-54.0845904,1.5263318000001251],[-54.0864660999999,1.488296800000016],[-54.06916,1.5009694000000002],[-54.0245773999999,1.4998571000000924],[-54.0275789999999,1.5168384000000714],[-54.00904930000001,1.5196647000000314],[-53.997467799999995,1.4757713000001866],[-53.976134699999896,1.4722767000000947],[-53.967076500000005,1.4843951000000366],[-53.9540837,1.4679697000000682],[-53.9287634999999,1.4691791000001653],[-53.93830410000001,1.4354628000000063],[-53.917528600000004,1.456902800000073],[-53.89599810000001,1.4551258000002],[-53.876742,1.4354522000001448],[-53.8856299,1.4024622999998921],[-53.8443046,1.4063071000001015],[-53.85033949999999,1.3918412000001614],[-53.8070503,1.391802800000178],[-53.8227739,1.413832500000123],[-53.8039934,1.423524900000034],[-53.7746111,1.3969023000000036],[-53.76247180000001,1.4083927999999786],[-53.7323266999999,1.386288799999966],[-53.7154131999999,1.405375999999957],[-53.7171883,1.4317625999999632],[-53.695803399999896,1.418142100000058],[-53.7114611,1.3839631000001695],[-53.670550399999996,1.3719894999999405],[-53.6468326999999,1.4076246999999147],[-53.6435233999999,1.3638863000000967],[-53.6630774,1.3494953999999846],[-53.6509665999999,1.3362233000000832],[-53.595218100000004,1.3581540999999409],[-53.5706898999999,1.3373019999999107],[-53.5594646,1.3503307000000537],[-53.5385477,1.340861099999925],[-53.5333853,1.3224287999999875],[-53.5626334,1.3065819000001289],[-53.55669060000001,1.2848053000001403],[-53.5233274999999,1.2613388999999549],[-53.5463212,1.228507399999954],[-53.5389929,1.2124260999999712],[-53.4265207999999,1.2427210000001996],[-53.4174371999999,1.2027759999998966],[-53.3960800999999,1.1792924999999865],[-53.3998789,1.158409000000052],[-53.44435789999989,1.1513192000001176],[-53.4595451,1.1275347000000793],[-53.4558236999999,1.077371800000027],[-53.4223294,1.0337374000002424],[-53.4285447,0.9992947000002463],[-53.4108032999999,0.98204249999995],[-53.4114941999999,0.9293442000000869],[-53.1902726,0.7683835000001967],[-53.14387419999999,0.6962608000002306],[-53.106298,0.6839819999999277],[-53.150245,0.5910227999998732],[-53.1483827,0.5416583999999525],[-53.16976890000001,0.4937347999997485],[-53.1551284,0.4801796999998912],[-53.1677453,0.4457283000003306],[-53.15993430000001,0.40296789999995186],[-53.1750478,0.37710709999957387],[-53.138795199999905,0.33046319999981444],[-53.13435,0.3001789000006198],[-53.0948812,0.2622122000001931],[-53.1064079,0.23174300000050602],[-53.0942924999999,0.19530699999937903],[-53.0521271,0.157338899998936],[-53.029266,0.10471910000046084],[-53.011129200000006,0.09504590000097217],[-53.0149666999999,0.059692100002071986],[-52.9772925999999,0.02379630000102823],[-52.97102219999991,-0.04311010000054998],[-52.9327436999999,-0.1423073000011476],[-52.9040128999999,-0.15493770000004112],[-52.8768214,-0.14275670000121127],[-52.8515431,-0.15016079999889487],[-52.8360989,-0.18614920000071894],[-52.7604398,-0.23757440000028915],[-52.74021379999991,-0.27660749999933],[-52.688818999999995,-0.3041364000002495],[-52.6818497,-0.3399645000004342],[-52.6985708,-0.3871672000003908],[-52.6791517999999,-0.42367480000035546],[-52.7026822,-0.4592321999999212],[-52.6954363,-0.4964016999997894],[-52.640009,-0.5849061000002314],[-52.61299,-0.5948934000001888],[-52.5399844999999,-0.5731114999997544],[-52.5250154999999,-0.5853397999997885],[-52.497152199999995,-0.7229462000001656],[-52.5216321,-0.7852101999999708],[-52.5169698999999,-0.8090464000000306],[-52.5438392999999,-0.8515391999999203],[-52.516933400000006,-0.8586160000001337],[-52.4555179,-0.8302660999998749],[-52.403158,-0.87714829999974],[-52.4047158,-0.912737699999929],[-52.4395446,-0.934746099999833],[-52.4144641,-1.009272299999861],[-52.4270400999999,-1.0507949000001067],[-52.400178700000005,-1.043630500000005],[-52.35815560000001,-1.062584399999895],[-52.3329879,-1.115891499999812],[-52.1202623,-1.146197999999948],[-52.0987871999999,-1.2279258999999507],[-52.054648,-1.2342199999998629],[-52.0475632,-1.2142841999999936],[-52.0639811,-1.1859304999999356],[-52.040900500000006,-1.1701323000000492],[-51.9911221,-1.171815999999844],[-51.9853340999999,-1.1214454000000131],[-51.96559219999989,-1.1258086999998445],[-51.9558762,-1.1696745999999443],[-51.925956000000006,-1.132315799999861],[-51.88728589999991,-1.1663970999998263],[-51.80909630000001,-1.1571010999999929],[-51.7043365,-1.067740999999926],[-51.686228,-1.029385499999777],[-51.6955134999999,-0.921291500000005],[-51.6792048999999,-0.7852518999997838],[-51.59553619999999,-0.6504378000001939],[-51.4577884999999,-0.5132339999996435],[-51.4207254999999,-0.42899319999994323],[-51.3625053,-0.36810790000026467],[-51.3390097,-0.28457699999980973],[-51.30248160000001,-0.2526426999995136],[-51.2163629,-0.11861280000119187],[-51.0759307,-0.08373249999780229],[-50.94623990000001,0.06270929999942929],[-50.7619561,0.1209779999990016],[-50.6681975,0.1850345000002971],[-50.556148,0.30671729999973285],[-50.436546899999904,0.6001069999998264],[-50.3472365,0.666843700000025],[-50.2260856999999,0.6962372000001924],[-50.204038399999895,0.6480152000002574],[-50.1334897999999,0.6196195999997692],[-50.0836419,0.6401939999998307],[-50.0459787,0.6139166999999706],[-50.0291513999999,0.5780596999999106],[-50.036413,0.5341783999998473],[-50.0774344,0.46344330000013856],[-50.172737599999905,0.397643000000322],[-50.1678189,0.3402908000000377],[-50.1316929,0.33066340000002475],[-50.0984445999999,0.3444633000001954],[-49.99290890000001,0.33841539999965764],[-49.9805094,0.36050310000042163],[-49.945910700000006,0.36577479999978607],[-49.9097945999999,0.3448502000005888],[-49.9141643,0.31969539999948776],[-49.8222142,0.35630599999969936],[-49.8077867,0.33205039999992875],[-49.7310859899999,0.37528331000032705],[-49.61812701,0.3920542799997713],[-49.58192339,0.41867400000012367],[-49.50317512,0.3716786900000551],[-49.4886799,0.3392838800002507],[-49.49502949000001,0.3186274100005671],[-49.6332899999999,0.2413522700000048],[-49.6927196999999,0.17809720000094229],[-49.6995784,0.15050509999968323],[-49.66565909999999,0.09656199999871229],[-49.6322276,0.07489339999873806],[-49.5769481,0.09073580000125929],[-49.4789560999999,0.08106330000185047],[-49.397009,0.062159100000207225],[-49.3749152999999,0.04439930000219675],[-49.3574527,-0.02393320000432836],[-49.3890916999999,-0.05876640000168587],[-49.41679570000001,-0.06747220000257448],[-49.438611099999896,-0.12649270000124305],[-49.4221891999999,-0.16844690000033416],[-49.3941761,-0.190946099999563],[-49.3285675,-0.15782939999944048],[-49.2475568,-0.16555510000074325],[-49.19616760000001,-0.1313531000005874],[-49.17706759999991,-0.13972089999967308],[-49.16656950000001,-0.12896660000030366],[-49.15595840000001,-0.15779750000088805],[-49.1296988999999,-0.1710227000001486],[-49.01262039999991,-0.1598833999997796],[-48.9972673,-0.18620990000056994],[-48.9183904999999,-0.22955290000002362],[-48.8100784,-0.21476569999968614],[-48.7437274,-0.2499223999999623],[-48.7119713,-0.2518483999996515],[-48.63356770000001,-0.2315883000002989],[-48.505116799999904,-0.24257609999938626],[-48.4402362,-0.225404699999882],[-48.3969104,-0.25163409999932396],[-48.3767589999999,-0.2875544999996058],[-48.3781193,-0.3255357999999193],[-48.4513148,-0.43393140000004266],[-48.4737254999999,-0.5267139999996499],[-48.4866653999999,-0.7271882999998002],[-48.51218029999999,-0.7596885999999476],[-48.4916355,-0.8484329999998586],[-48.4747161,-0.8739020999997608],[-48.4238879,-0.9006479000001564],[-48.36580129999991,-0.9189255000000423],[-48.293770799999905,-0.9196764999998055],[-48.258071399999906,-0.8886820999998082],[-48.2294917,-0.8278160999998707],[-48.1700648999999,-0.8152033000000568],[-48.1584045,-0.7742128000000146],[-48.0552178,-0.6617694999998702],[-48.0263029,-0.6681662000001652],[-48.0196956,-0.6865581999998155],[-47.9912194999999,-0.6946859999997774],[-47.9794683,-0.6894433000001002],[-47.9593783999999,-0.6344458999998519],[-47.91657750000001,-0.6220999000000371],[-47.9201088,-0.6018856999999351],[-47.9106469,-0.6034914999999755],[-47.90709359999989,-0.6005653000001365],[-47.9142859,-0.5636079000002514],[-47.8699432,-0.5612255999997167],[-47.8593643999999,-0.5882900999999289],[-47.8467805,-0.5878563999997233],[-47.845900899999904,-0.6251846999997058],[-47.855474399999906,-0.6394008000000825],[-47.85561510000001,-0.6529442999998898],[-47.8664079,-0.6672318999998816],[-47.8405827,-0.6827756999998709],[-47.8205928,-0.6364821000001334],[-47.8306459999999,-0.6105248999999185],[-47.8192910999999,-0.5623301000002455],[-47.798244499999996,-0.5584312000001309],[-47.8079777999999,-0.587856299999656],[-47.7775832,-0.5817873999997395],[-47.76110109999999,-0.6105359999997539],[-47.7704414999999,-0.562738599999917],[-47.7446982,-0.567065000000196],[-47.7542544999999,-0.543169999999744],[-47.7038784,-0.5345760000003051],[-47.7042948,-0.5533110999998415],[-47.690029200000005,-0.5558378999999969],[-47.7014179,-0.5962186999999274],[-47.6699627,-0.5751775999999034],[-47.6327309,-0.6021060999999133],[-47.6454537,-0.6885252000000508],[-47.6322732,-0.6895061999999696],[-47.6291247999999,-0.7072738000001411],[-47.6074884,-0.696940499999676],[-47.5868177,-0.6390544000000736],[-47.5892911,-0.5758006000000983],[-47.5384928999999,-0.6044675999997409],[-47.5405380999999,-0.6390999000000532],[-47.52148399999991,-0.647695399999777],[-47.4815661,-0.7390833999999871],[-47.47013259999991,-0.7087694000000759],[-47.47234199999999,-0.6310472999999809],[-47.4849043,-0.619424800000027],[-47.476557899999904,-0.5935173999998975],[-47.4149039,-0.5914928999999013],[-47.43083539999999,-0.6407958999998142],[-47.4265091999999,-0.657411000000185],[-47.41952570000001,-0.6395204000000895],[-47.395899,-0.6539644000000256],[-47.3890850999999,-0.6277844000001416],[-47.3689947999999,-0.6289759999997817],[-47.38425490000001,-0.6024932999998576],[-47.3533275,-0.612786899999727],[-47.354914,-0.602477299999938],[-47.3224789999999,-0.5914540999999285],[-47.296287400000004,-0.595748100000058],[-47.2852366,-0.6098791999999161],[-47.2944828,-0.6447506000001284],[-47.25068009999999,-0.6452946000001201],[-47.2566722,-0.6228098999998041],[-47.2183704,-0.6325563000000183],[-47.2049024,-0.6497305999998111],[-47.2082230999999,-0.6967658000001583],[-47.171133999999896,-0.675918299999888],[-47.1660946,-0.7262446000001654],[-47.1784825999999,-0.7460669000000886],[-47.1680438,-0.764928600000031],[-47.12729680000001,-0.7147559999998434],[-47.140300999999994,-0.6984656999998559],[-47.1236383999999,-0.6937037999997528],[-47.12118770000001,-0.6762125000001826],[-47.094842,-0.6724401999999831],[-47.075384799999895,-0.6939466999999622],[-47.09939030000001,-0.753479500000133],[-47.08247769999999,-0.7529658999999559],[-47.0766262999999,-0.7859945000000088],[-47.0668338999999,-0.7746102999999185],[-47.055981200000005,-0.7972907000000045],[-47.0374202,-0.7940058999999721],[-47.027901,-0.7636656000000345],[-47.00469350000001,-0.7650152999997978],[-46.9927824,-0.713400799999872],[-46.9581176999999,-0.7107457999998473],[-46.9461512999999,-0.7309943000000104],[-46.9702914,-0.7674795000001088],[-46.9422471999999,-0.8074708999998558],[-46.9412115,-0.8692434999999856],[-46.9161311,-0.8524190000001154],[-46.912821,-0.8211231000000728],[-46.8836719999999,-0.8076490999997868],[-46.88366740000001,-0.7671804999999525],[-46.8616754,-0.7555504999998743],[-46.8706338,-0.7484264999996991],[-46.84959919999991,-0.7393903000000348],[-46.8241454,-0.7894388999999498],[-46.8394843999999,-0.7911788999997895],[-46.8243944,-0.8050322999998422],[-46.8440128,-0.8195631999997366],[-46.8310523,-0.8430454999998385],[-46.8044121999999,-0.826779700000054],[-46.8017475999999,-0.8724078999999739],[-46.76615090000001,-0.8395930999997337],[-46.76064269999989,-0.7986068999998058],[-46.72409499999999,-0.8667534999999434],[-46.6995868,-0.8349643000001686],[-46.67078789999991,-0.8509100999999472],[-46.6774344999999,-0.8241465999999096],[-46.6628794,-0.813015199999832],[-46.677403,-0.7935603999999484],[-46.642208,-0.7935338999997701],[-46.6302021,-0.8150814000000411],[-46.6315934,-0.8017010000001857],[-46.6189755,-0.8054803000000019],[-46.59566169999991,-0.8518372000000849],[-46.6153459,-0.8584465000001598],[-46.637443,-0.8956476000000424],[-46.641881600000005,-0.9100734999998664],[-46.624984,-0.921185699999807],[-46.6420416999999,-0.9488570999997566],[-46.63640850000001,-0.9690785000000266],[-46.60196100000001,-0.956941599999945],[-46.577485200000005,-0.9815031999999944],[-46.5510538,-0.9125698000001341],[-46.532820799999996,-0.9085786999999363],[-46.5333179,-0.9544015000001387],[-46.5051311999999,-0.8984999000001163],[-46.5117683999999,-0.8827853000001348],[-46.49376,-0.8726060000000111],[-46.4663970999999,-0.894042900000107],[-46.46891500000001,-0.8739813000000296],[-46.4261081999999,-0.8657538999999523],[-46.410255499999906,-0.8876398999998352],[-46.4459788999999,-0.9108909999998044],[-46.4598458999999,-0.9034518000000246],[-46.4808376999999,-0.9212566999997674],[-46.4626134,-0.9390066000001283],[-46.4953092,-0.9746218000000099],[-46.4689769999999,-0.9816898999998799],[-46.47605190000001,-1.0163911999999125],[-46.4389381999999,-1.0275576999999678],[-46.39893749999991,-0.9965314999999584],[-46.3816598999999,-1.026370800000102],[-46.3477571999999,-1.0067570000000128],[-46.32136020000001,-1.024663200000012],[-46.267691299999996,-0.9651558000000622],[-46.264830699999905,-0.9134145999998093],[-46.2040481999999,-0.8849126999999742],[-46.1802433999999,-0.9122369999998583],[-46.1758755,-0.9454292999999372],[-46.2221249,-0.9844989999998239],[-46.2047896,-1.0584145000001473],[-46.23947700000001,-1.1012324999998384],[-46.1904802,-1.0761928999998263],[-46.1754357999999,-0.999852199999958],[-46.1605034,-1.0051743000001032],[-46.150254100000005,-1.0436301999999043],[-46.1699601,-1.073413199999848],[-46.16487140000001,-1.0890109999998208],[-46.1506932,-1.086441899999784],[-46.12450390000001,-1.041453999999923],[-46.094552099999895,-1.0206273000000115],[-46.0763378,-1.02494199999997],[-46.0723494,-1.0458291999998],[-46.0938547,-1.0567345000000279],[-46.08045939999991,-1.0600464999997772],[-46.0615112,-1.1025640000000627],[-46.0871387999999,-1.1344186999999886],[-46.09816940000001,-1.1960590999999567],[-46.1492636,-1.226002099999912],[-46.1400773,-1.2476925999998936],[-46.1615773,-1.2818889000000393],[-46.1473091,-1.309441000000022],[-46.1291318,-1.3124697999999835],[-46.12893630000001,-1.3342571999999226],[-46.1037226,-1.3372858999998398],[-46.15415,-1.4225772999998225],[-46.1397841,-1.4438752000000354],[-46.1763342,-1.4749424999999843],[-46.14408409999991,-1.5178301999999322],[-46.13362720000001,-1.578692200000068],[-46.15493180000001,-1.593736499999905],[-46.1469182,-1.6104413999998715],[-46.164216,-1.6265599999999556],[-46.15678869999991,-1.6802877000000005],[-46.1740864,-1.7005084999999793],[-46.2035023999999,-1.7052950000000187],[-46.2211910999999,-1.7312788999999575],[-46.2475775,-1.7209244999998994],[-46.3084618,-1.7308880999999667],[-46.32370719999991,-1.766444399999896],[-46.312151,-1.8056873000000258],[-46.297736199999996,-1.7941367999999762],[-46.2536365999999,-1.7958462000000188],[-46.23032859999999,-1.8031232999999753],[-46.2110274,-1.8310592999998918],[-46.2448411,-1.8819485999999674],[-46.2227058999999,-1.9102251999999662],[-46.260428700000006,-2.0460830999999846],[-46.2753321,-2.0575098999999186],[-46.27210710000001,-2.1175724000000105],[-46.3008879,-2.1417920999999582],[-46.2832969,-2.154390099999906],[-46.382246,-2.2490181999999015],[-46.41063589999991,-2.228755200000052],[-46.4319404999999,-2.2370556999999662],[-46.4159132,-2.2691343999999],[-46.4324291,-2.2971110999999365],[-46.43164730000001,-2.33480309999996],[-46.4673667,-2.3763509999999557],[-46.4562746,-2.386749999999968],[-46.4318916,-2.3644872999999516],[-46.409414299999995,-2.3713711999998983],[-46.442153,-2.419411099999979],[-46.43658250000001,-2.5152416999999434],[-46.419333599999995,-2.5324250999999376],[-46.4735724,-2.546581599999972],[-46.49121219999991,-2.537550699999945],[-46.500887899999995,-2.555900400000007],[-46.487205399999894,-2.5750407999999947],[-46.5094384,-2.5906124999999838],[-46.5068486,-2.6168739999998993],[-46.5788737999999,-2.6315177999999015],[-46.59260449999991,-2.6654905999999188],[-46.6060909,-2.639474099999935],[-46.6222648,-2.6449410999999556],[-46.6186,-2.6653929999999844],[-46.6343340999999,-2.68545409999992],[-46.65065459999991,-2.6804754999999703],[-46.67137289999991,-2.7061981999999505],[-46.674891099999996,-2.731871600000003],[-46.6539774,-2.729040699999956],[-46.651876199999904,-2.757202799999924],[-46.6359955,-2.7553968999999014],[-46.6348227999999,-2.7964431000000043],[-46.6252943,-2.80654589999996],[-46.6025238,-2.7892198999999698],[-46.5957806,-2.8263117999998877],[-46.5756976,-2.841538599999978],[-46.6148375,-2.8293863999999767],[-46.6109772999999,-2.8552523999999666],[-46.6400022999999,-2.850908899999924],[-46.639416,-2.8835577999999646],[-46.6805553999999,-2.8827177999999245],[-46.6539284999999,-2.9310653999999707],[-46.673034200000004,-2.945070900000006],[-46.6474296,-2.9698118000000093],[-46.6629682999999,-2.974691599999942],[-46.6499216999999,-2.996016099999996],[-46.67415809999991,-3.000212699999937],[-46.658814899999996,-3.0108503000000213],[-46.677334200000004,-3.034272299999993],[-46.6765035999999,-3.0941423999999587],[-46.7067501999999,-3.1006317999999276],[-46.7077275,-3.1270767999999145],[-46.718868400000005,-3.1092191999999104],[-46.7481377999999,-3.12185619999996],[-46.744473000000006,-3.137371699999938],[-46.72937410000001,-3.1281989999999134],[-46.7199434,-3.153472399999986],[-46.7495549,-3.1659137000000337],[-46.7515582999999,-3.188844399999936],[-46.7730582999999,-3.178598799999979],[-46.75839920000001,-3.1947476999999522],[-46.77154360000001,-3.2040661999999736],[-46.7552719,-3.216214099999922],[-46.7785311,-3.2168483999999515],[-46.7859094999999,-3.2472420999999607],[-46.8061635,-3.2440465999999457],[-46.802059,-3.265999799999974],[-46.8200897,-3.2740491999999284],[-46.8108056,-3.2900014999999936],[-46.8265886,-3.2979042999999844],[-46.813884,-3.310051199999986],[-46.8492125,-3.3183928999999073],[-46.8586432,-3.3429786000000004],[-46.8677807,-3.326929699999988],[-46.8744751,-3.3459054999999127],[-46.8898670999999,-3.3353687999999826],[-46.90574789999991,-3.367514999999941],[-46.9442524999999,-3.377197599999946],[-46.9399036,-3.4208537999999957],[-46.956321800000005,-3.4258776999999814],[-46.9420536,-3.4465098999999713],[-46.956321800000005,-3.461288799999995],[-46.9484548,-3.47679899999994],[-46.96907530000001,-3.473677399999879],[-46.9597912,-3.4950889999999664],[-46.9823173999999,-3.494942699999975],[-46.9688798,-3.514402799999959],[-46.9756993999999,-3.529768400000016],[-47.0037685999999,-3.5342039999999586],[-47.0184659,-3.5655394999999777],[-47.0388460999999,-3.56210329999989],[-47.0272373,-3.580932999999976],[-47.04140050000001,-3.590727599999982],[-47.0273549999999,-3.5992746999999845],[-47.04862389999991,-3.6196292999999655],[-47.0400751,-3.644106799999991],[-47.0570476999999,-3.6545793999999256],[-47.037018700000004,-3.6679660999999726],[-47.0545251999999,-3.6850053999999917],[-47.0462808,-3.7064509999999107],[-47.0652734,-3.7593639999999366],[-47.0557157,-3.7735355999999656],[-47.08668349999989,-3.824902699999963],[-47.0852050999999,-3.856639999999932],[-47.10185899999989,-3.86134819999991],[-47.10662479999999,-3.88094279999997],[-47.1325406999999,-3.8786539999999095],[-47.13243809999991,-3.8995732000000056],[-47.1487106,-3.896904699999916],[-47.1484960999999,-3.9144897999999158],[-47.1731460999999,-3.9238233999999057],[-47.16925589999989,-3.9434391999999687],[-47.1837325,-3.9476450999999004],[-47.1902562,-3.9837046999999584],[-47.2017392,-3.9735688999999983],[-47.2044741,-3.9883153999999323],[-47.2389286,-3.9986307999999515],[-47.3050623999999,-4.058830299999989],[-47.3194243,-4.047774499999973],[-47.350643600000005,-4.115271399999912],[-47.3402351,-4.17704579999999],[-47.3658287,-4.180639999999936],[-47.3790018,-4.220536900000003],[-47.3717680999999,-4.245585799999932],[-47.4747341999999,-4.315043499999953],[-47.4763146,-4.3564393999999025],[-47.5027881,-4.403706599999988],[-47.6119419,-4.55735789999993],[-47.6799573,-4.6086173999999405],[-47.7925691,-4.586410799999968],[-48.4003782999999,-5.074156199999963],[-48.419046299999906,-5.085710900000011],[-48.4346237999999,-5.076672999999931],[-48.43315150000001,-5.098065499999931],[-48.7551506999999,-5.349165399999966],[-48.73688010000001,-5.373962399999917],[-48.6504881,-5.384918199999979],[-48.5967333999999,-5.42254439999996],[-48.505188,-5.42934469999994],[-48.38474250000001,-5.394206799999937],[-48.3515975999999,-5.4278363999999595],[-48.3280887,-5.496632099999962],[-48.3007069999999,-5.52300659999998],[-48.2615135,-5.548071199999967],[-48.2126011999999,-5.5542398999999465],[-48.1381519999999,-5.602690099999959],[-48.13456550000001,-5.635444999999977],[-48.17095940000001,-5.707350799999955],[-48.2200424,-5.728162099999946],[-48.2757099999999,-5.726513399999921],[-48.2976365,-5.765123499999959],[-48.2919697999999,-5.836837399999973],[-48.2357023,-5.91104439999998],[-48.2316293,-5.946138899999932],[-48.3070815999999,-5.974840699999977],[-48.3347163,-6.004274799999981],[-48.335160099999904,-6.0357196999999525],[-48.2868769999999,-6.065768899999951],[-48.2972402,-6.110477599999966],[-48.3344887,-6.1370243999999685],[-48.4082705,-6.153402199999945],[-48.4349387999999,-6.183168299999987],[-48.4171226,-6.298586599999976],[-48.378215,-6.333694199999965],[-48.3826792999999,-6.3796078999999555],[-48.447707,-6.351178899999996],[-48.50021519999999,-6.350927599999976],[-48.5405762,-6.400842100000004],[-48.6131545,-6.453728999999961],[-48.6606649,-6.546868399999951],[-48.6519604,-6.639951199999928],[-48.6709127,-6.66900439999993],[-48.7368797999999,-6.692780999999989],[-48.76909820000001,-6.730701599999975],[-48.8141894999999,-6.751764799999918],[-48.9093232,-6.7564647999999465],[-49.0188835,-6.784210499999953],[-49.1152709,-6.869949499999941],[-49.2095280999999,-6.925420599999948],[-49.2174451,-6.961469300000009],[-49.1918049999999,-7.05083649999993],[-49.1852842,-7.235171799999916],[-49.23147499999989,-7.325786099999943],[-49.3779974,-7.496445799999932],[-49.384051999999905,-7.543492199999947],[-49.328078999999896,-7.677794999999961],[-49.1484434,-7.807314799999968],[-49.164913,-7.83287029999996],[-49.16324279999999,-7.921283284999973],[-49.1820284,-7.976963499999954],[-49.1767186,-8.061511199999929],[-49.1993581999999,-8.087568299999914],[-49.215854,-8.194211699999917],[-49.24866029999999,-8.255376399999943],[-49.2833241,-8.379557199999985],[-49.349409400000006,-8.41837649999999],[-49.3770137,-8.455285099999976],[-49.406329500000005,-8.573748299999998],[-49.4540256999999,-8.615391499999932],[-49.5620082,-8.79699179999993],[-49.5924113,-8.839491199999939],[-49.6843583,-8.856474899999965],[-49.7450881,-8.906163599999973],[-49.842589700000005,-9.027325899999928],[-49.8673317,-9.09709139999996],[-49.9100544,-9.153522399999954],[-49.9076961,-9.17382289999997],[-49.9661483,-9.230864099999968],[-49.994059499999906,-9.23409619999995],[-50.0050057,-9.268759699999993],[-50.0377849,-9.289405399999962],[-50.055468,-9.334698899999987],[-50.0528335,-9.37267299999994],[-50.0930033,-9.440482999999984]]],[[[-48.9860141999999,-0.1807423000002093],[-48.97526750000001,-0.17578149999939133],[-48.9684242,-0.18935639999924336],[-48.9860141999999,-0.1807423000002093]]],[[[-48.9430399999999,-0.1809938000007065],[-48.9452271,-0.17164999999909658],[-48.93787989999999,-0.17124580000059308],[-48.9430399999999,-0.1809938000007065]]],[[[-48.9805943,-0.16802359999933136],[-48.9749566,-0.166828799999115],[-48.9757736999999,-0.1726255999998707],[-48.9805943,-0.16802359999933136]]],[[[-49.122735,-0.14513000000010137],[-49.135313799999906,-0.16145959999998882],[-49.15435879999999,-0.14646969999942783],[-49.149791299999904,-0.13521759999948044],[-49.122735,-0.14513000000010137]]],[[[-49.487630700000004,0.1492429000005475],[-49.4497734,0.11269250000030524],[-49.5050562,0.11935769999864503],[-49.487630700000004,0.1492429000005475]]],[[[-49.653457199999906,0.1450355000006638],[-49.6774531,0.1557239000007399],[-49.6606826999999,0.18725989999936732],[-49.63285810000001,0.19449999999963263],[-49.602707099999996,0.17596879999911785],[-49.615401799999994,0.152820299999527],[-49.653457199999906,0.1450355000006638]]],[[[-49.563405319999994,0.18665599000056118],[-49.592011479999904,0.18241808999959572],[-49.6079038999999,0.19195348000014342],[-49.554929310000006,0.20643310999947803],[-49.563405319999994,0.18665599000056118]]],[[[-49.55781841,0.24386379000059671],[-49.61808017,0.19924059999918323],[-49.633777890000005,0.205037589999353],[-49.6021380999999,0.24276787000003117],[-49.55781841,0.24386379000059671]]],[[[-48.4297170999999,-0.8051806999998483],[-48.4292834999999,-0.8082412999998636],[-48.4330586999999,-0.8080372999997604],[-48.4297170999999,-0.8051806999998483]]],[[[-47.9922736999999,-0.6845215999999568],[-47.996426299999904,-0.6815523999999891],[-47.99514820000001,-0.6784564999998173],[-47.9922736999999,-0.6845215999999568]]],[[[-48.0093734,-0.6623093000002106],[-48.0065542,-0.6750754000001901],[-48.011364500000006,-0.6851800000001721],[-48.0163282,-0.6703043999998104],[-48.0093734,-0.6623093000002106]]],[[[-47.8409823,-0.6561171000001101],[-47.8402136999999,-0.6660627000001331],[-47.842254999999994,-0.6718447000001238],[-47.84652319999999,-0.6650853000000997],[-47.8409823,-0.6561171000001101]]],[[[-47.981753599999905,-0.6734576000001359],[-47.9754837,-0.6487503000002034],[-47.9710079,-0.6543267999998869],[-47.981753599999905,-0.6734576000001359]]],[[[-47.8347276,-0.6570371999996717],[-47.836779,-0.6647498999997671],[-47.8364293,-0.6554627000001896],[-47.8347276,-0.6570371999996717]]],[[[-47.8290752,-0.6337296000001577],[-47.82681780000001,-0.6437550999998563],[-47.82717610000001,-0.6487741000002241],[-47.8290752,-0.6337296000001577]]],[[[-47.85138549999991,-0.6356897999998691],[-47.85455519999991,-0.6400562999999035],[-47.8512827,-0.6348560999999142],[-47.85138549999991,-0.6356897999998691]]],[[[-47.9179616,-0.5896298999998255],[-47.91931579999991,-0.5961316999997017],[-47.91900570000001,-0.5898561999998798],[-47.9179616,-0.5896298999998255]]],[[[-47.9204162999999,-0.5766228999997686],[-47.91482580000001,-0.5847475999998449],[-47.9215728,-0.5767370999997637],[-47.9204162999999,-0.5766228999997686]]],[[[-48.9279748,-0.15948799999993013],[-48.8847216,-0.15421039999925498],[-48.8653138999999,-0.19129850000080392],[-48.94427679999999,-0.21000090000038096],[-48.9279748,-0.15948799999993013]]],[[[-48.7597658,-0.16461209999942314],[-48.7467688,-0.17051560000081406],[-48.7652074,-0.18625509999898576],[-48.7706813,-0.17785110000083498],[-48.7597658,-0.16461209999942314]]],[[[-48.7366372,-0.1710375000006477],[-48.7313088,-0.1716247000006191],[-48.7333171,-0.17366080000028847],[-48.7366372,-0.1710375000006477]]],[[[-46.4375383999999,-1.0189207999998318],[-46.43675769999991,-1.018452799999872],[-46.4367579,-1.0190547999998725],[-46.4375383999999,-1.0189207999998318]]],[[[-46.4382588999999,-1.0182381000000333],[-46.44056219999991,-1.0182142999998218],[-46.437507,-1.0178435000000818],[-46.4382588999999,-1.0182381000000333]]],[[[-46.38586229999999,-1.0071727999998692],[-46.3747764999999,-1.0192284000000296],[-46.3806023999999,-1.0225848000000808],[-46.38586229999999,-1.0071727999998692]]],[[[-46.4450044,-1.0108939999998214],[-46.4342339999999,-1.0152694999999408],[-46.4489455999999,-1.0163665999999432],[-46.4450044,-1.0108939999998214]]],[[[-46.4384289,-1.0056329999997462],[-46.4406767,-1.0064518999999643],[-46.436633300000004,-1.0042767999997952],[-46.4384289,-1.0056329999997462]]],[[[-46.486208000000005,-0.9728925999997887],[-46.4814557,-0.9711269000001196],[-46.47912799999991,-0.972290600000064],[-46.486208000000005,-0.9728925999997887]]],[[[-46.3149164,-0.9354577999999728],[-46.30660079999999,-0.9432537999998202],[-46.3128083999999,-1.0073333000000446],[-46.3399790999999,-0.9598485999999731],[-46.3149164,-0.9354577999999728]]],[[[-46.4689609,-0.966493499999993],[-46.4760047,-0.9687026999999985],[-46.4686771999999,-0.9639150999999081],[-46.4689609,-0.966493499999993]]],[[[-46.4362255999999,-0.9903980999998928],[-46.4037446999999,-0.9437733000001522],[-46.40683299999991,-0.9682707000000733],[-46.4362255999999,-0.9903980999998928]]],[[[-46.620131799999996,-0.9459263000000918],[-46.6056336,-0.9544017000000113],[-46.626846900000004,-0.95923610000012],[-46.620131799999996,-0.9459263000000918]]],[[[-46.15299540000001,-0.926511999999848],[-46.13723409999991,-0.9268208999997822],[-46.1529495999999,-0.9542341000001348],[-46.15299540000001,-0.926511999999848]]],[[[-46.46028770000001,-0.9066126000000314],[-46.4604753,-0.9146386999998332],[-46.4640266,-0.9140760000001228],[-46.46028770000001,-0.9066126000000314]]],[[[-46.72333109999991,-0.7820599000000309],[-46.7232339,-0.7902890000000368],[-46.7293356,-0.7831117999998353],[-46.72333109999991,-0.7820599000000309]]]]}}]}